ISO3,item_name,band_name,data_mean,data_mean_sem,unit,pixel_count,physical_area_km2
AFG,YAMS,agri_potential_carbon,,,mean tonnes carbon per km2,,
GBR,YAMS,agri_potential_carbon,6992.834822246105,0.0,mean tonnes carbon per km2,1.0,0.04300000190734863
ALB,YAMS,agri_potential_carbon,,,mean tonnes carbon per km2,,
DZA,YAMS,agri_potential_carbon,,,mean tonnes carbon per km2,,
USA,YAMS,agri_potential_carbon,13616.32191072845,364.46415473649057,mean tonnes carbon per km2,90.0,1.9890000015497205
ATA,YAMS,agri_potential_carbon,,,mean tonnes carbon per km2,,
ATG,YAMS,agri_potential_carbon,11675.402742407101,795.2446604836935,mean tonnes carbon per km2,6.0,0.31099999785423277
ARG,YAMS,agri_potential_carbon,11841.370157417416,1088.0478154878158,mean tonnes carbon per km2,3.0,0.032000000476837154
AND,YAMS,agri_potential_carbon,,,mean tonnes carbon per km2,,
AGO,YAMS,agri_potential_carbon,11401.994948546426,619.789885554977,mean tonnes carbon per km2,15.0,0.6419999945163727
ARM,YAMS,agri_potential_carbon,,,mean tonnes carbon per km2,,
NLD,YAMS,agri_potential_carbon,,,mean tonnes carbon per km2,,
AUS,YAMS,agri_potential_carbon,,,mean tonnes carbon per km2,,
AUT,YAMS,agri_potential_carbon,,,mean tonnes carbon per km2,,
AZE,YAMS,agri_potential_carbon,,,mean tonnes carbon per km2,,
BHS,YAMS,agri_potential_carbon,,,mean tonnes carbon per km2,,
BRB,YAMS,agri_potential_carbon,12599.24164576357,920.1643079785538,mean tonnes carbon per km2,6.0,0.4680000048875809
BLR,YAMS,agri_potential_carbon,,,mean tonnes carbon per km2,,
BEL,YAMS,agri_potential_carbon,,,mean tonnes carbon per km2,,
BLZ,YAMS,agri_potential_carbon,6846.547098457355,597.4402329831316,mean tonnes carbon per km2,27.0,0.06600000128149987
BTN,YAMS,agri_potential_carbon,,,mean tonnes carbon per km2,,
BOL,YAMS,agri_potential_carbon,10833.683579376913,159.50891574304126,mean tonnes carbon per km2,2.0,0.003000000044703484
BIH,YAMS,agri_potential_carbon,,,mean tonnes carbon per km2,,
BWA,YAMS,agri_potential_carbon,,,mean tonnes carbon per km2,,
NOR,YAMS,agri_potential_carbon,,,mean tonnes carbon per km2,,
COL,YAMS,agri_potential_carbon,8815.895725295502,498.417189649067,mean tonnes carbon per km2,622.0,331.4820003424585
COM,YAMS,agri_potential_carbon,,,mean tonnes carbon per km2,,
BRA,YAMS,agri_potential_carbon,7444.333314815839,148.40287329546678,mean tonnes carbon per km2,35472.0,242.17600072778765
FRA,YAMS,agri_potential_carbon,9937.096569896967,713.9000072857391,mean tonnes carbon per km2,36.0,16.09299988389015
COD,YAMS,agri_potential_carbon,11725.936492121542,58.095423458228446,mean tonnes carbon per km2,10471.0,180.42400039173663
COG,YAMS,agri_potential_carbon,11316.372832062869,392.1202690879158,mean tonnes carbon per km2,598.0,12.87800001144409
NZL,YAMS,agri_potential_carbon,0.0,0.0,mean tonnes carbon per km2,2.0,1.38
BRN,YAMS,agri_potential_carbon,,,mean tonnes carbon per km2,,
BGR,YAMS,agri_potential_carbon,,,mean tonnes carbon per km2,,
BFA,YAMS,agri_potential_carbon,5011.218808386017,91.48650966423196,mean tonnes carbon per km2,848.0,120.90299984641373
BDI,YAMS,agri_potential_carbon,10624.924221203566,377.81894534739376,mean tonnes carbon per km2,77.0,13.50399999909103
CPV,YAMS,agri_potential_carbon,,,mean tonnes carbon per km2,,
KHM,YAMS,agri_potential_carbon,,,mean tonnes carbon per km2,,
CMR,YAMS,agri_potential_carbon,10348.913756633647,350.2646477895173,mean tonnes carbon per km2,1591.0,254.1279999513924
CAN,YAMS,agri_potential_carbon,,,mean tonnes carbon per km2,,
CRI,YAMS,agri_potential_carbon,12755.258201254566,430.5211139027667,mean tonnes carbon per km2,95.0,20.90100003093481
CIV,YAMS,agri_potential_carbon,14435.90784964439,153.35313622937758,mean tonnes carbon per km2,3141.0,7942.162004129216
HRV,YAMS,agri_potential_carbon,,,mean tonnes carbon per km2,,
CUB,YAMS,agri_potential_carbon,12622.142451929627,213.04785629000895,mean tonnes carbon per km2,1178.0,599.0839990838617
CAF,YAMS,agri_potential_carbon,8412.368209006301,201.11541547493735,mean tonnes carbon per km2,1052.0,249.77799957342447
TCD,YAMS,agri_potential_carbon,2614.0033653348783,33.514981980822924,mean tonnes carbon per km2,4843.0,315.5860004015267
CHL,YAMS,agri_potential_carbon,,,mean tonnes carbon per km2,,
CHN,YAMS,agri_potential_carbon,,,mean tonnes carbon per km2,,
CYP,YAMS,agri_potential_carbon,,,mean tonnes carbon per km2,,
CZE,YAMS,agri_potential_carbon,,,mean tonnes carbon per km2,,
DNK,YAMS,agri_potential_carbon,,,mean tonnes carbon per km2,,
DJI,YAMS,agri_potential_carbon,,,mean tonnes carbon per km2,,
DMA,YAMS,agri_potential_carbon,7739.886635163948,623.3445502960603,mean tonnes carbon per km2,9.0,9.37300006866455
DOM,YAMS,agri_potential_carbon,10954.177652563283,247.30290946702138,mean tonnes carbon per km2,497.0,39.66399998553097
ECU,YAMS,agri_potential_carbon,,,mean tonnes carbon per km2,,
EGY,YAMS,agri_potential_carbon,,,mean tonnes carbon per km2,,
SLV,YAMS,agri_potential_carbon,,,mean tonnes carbon per km2,,
GNQ,YAMS,agri_potential_carbon,,,mean tonnes carbon per km2,,
ERI,YAMS,agri_potential_carbon,,,mean tonnes carbon per km2,,
EST,YAMS,agri_potential_carbon,,,mean tonnes carbon per km2,,
ETH,YAMS,agri_potential_carbon,9026.767176134557,322.21945846325826,mean tonnes carbon per km2,84.0,392.0130001831055
FJI,YAMS,agri_potential_carbon,12602.40415411512,743.2811795067545,mean tonnes carbon per km2,32.0,24.838000072836877
FIN,YAMS,agri_potential_carbon,,,mean tonnes carbon per km2,,
GAB,YAMS,agri_potential_carbon,12481.729258071955,688.7180531641412,mean tonnes carbon per km2,274.0,56.31700004898012
GMB,YAMS,agri_potential_carbon,,,mean tonnes carbon per km2,,
MAR,YAMS,agri_potential_carbon,,,mean tonnes carbon per km2,,
MOZ,YAMS,agri_potential_carbon,,,mean tonnes carbon per km2,,
NAM,YAMS,agri_potential_carbon,,,mean tonnes carbon per km2,,
GEO,YAMS,agri_potential_carbon,,,mean tonnes carbon per km2,,
DEU,YAMS,agri_potential_carbon,,,mean tonnes carbon per km2,,
GHA,YAMS,agri_potential_carbon,10163.077684932156,187.51908147493444,mean tonnes carbon per km2,1709.0,3409.520002754256
GRC,YAMS,agri_potential_carbon,,,mean tonnes carbon per km2,,
GRL,YAMS,agri_potential_carbon,,,mean tonnes carbon per km2,,
GRD,YAMS,agri_potential_carbon,14269.50483304276,557.9134882478872,mean tonnes carbon per km2,5.0,2.3939999961853027
NRU,YAMS,agri_potential_carbon,,,mean tonnes carbon per km2,,
GTM,YAMS,agri_potential_carbon,,,mean tonnes carbon per km2,,
NPL,YAMS,agri_potential_carbon,,,mean tonnes carbon per km2,,
GIN,YAMS,agri_potential_carbon,10050.310967878502,189.65677877525437,mean tonnes carbon per km2,1753.0,58.47600007236004
GNB,YAMS,agri_potential_carbon,8703.067519595656,355.7301426692227,mean tonnes carbon per km2,3.0,0.026999999880790715
GUY,YAMS,agri_potential_carbon,8968.431034428713,601.1272275173669,mean tonnes carbon per km2,173.0,0.6830000058561564
HTI,YAMS,agri_potential_carbon,11345.590796917955,344.2529159572701,mean tonnes carbon per km2,260.0,391.07099890008567
JOR,YAMS,agri_potential_carbon,,,mean tonnes carbon per km2,,
HND,YAMS,agri_potential_carbon,7451.007209670863,0.0,mean tonnes carbon per km2,1.0,0.0010000000149011613
HUN,YAMS,agri_potential_carbon,,,mean tonnes carbon per km2,,
ISL,YAMS,agri_potential_carbon,,,mean tonnes carbon per km2,,
IDN,YAMS,agri_potential_carbon,,,mean tonnes carbon per km2,,
IRN,YAMS,agri_potential_carbon,,,mean tonnes carbon per km2,,
IRQ,YAMS,agri_potential_carbon,,,mean tonnes carbon per km2,,
IRL,YAMS,agri_potential_carbon,,,mean tonnes carbon per km2,,
KAZ,YAMS,agri_potential_carbon,,,mean tonnes carbon per km2,,
KEN,YAMS,agri_potential_carbon,5635.078969568389,712.4761277542203,mean tonnes carbon per km2,66.0,12.07200001746416
KIR,YAMS,agri_potential_carbon,,,mean tonnes carbon per km2,,
PRK,YAMS,agri_potential_carbon,,,mean tonnes carbon per km2,,
KOR,YAMS,agri_potential_carbon,,,mean tonnes carbon per km2,,
XKX,YAMS,agri_potential_carbon,,,mean tonnes carbon per km2,,
SRB,YAMS,agri_potential_carbon,,,mean tonnes carbon per km2,,
SYC,YAMS,agri_potential_carbon,,,mean tonnes carbon per km2,,
SLE,YAMS,agri_potential_carbon,15271.801166129846,1055.07253208287,mean tonnes carbon per km2,2.0,0.08399999856948853
SGP,YAMS,agri_potential_carbon,,,mean tonnes carbon per km2,,
ITA,YAMS,agri_potential_carbon,,,mean tonnes carbon per km2,,
JAM,YAMS,agri_potential_carbon,11228.083403054901,452.0017194075528,mean tonnes carbon per km2,118.0,79.40800005197524
JPN,YAMS,agri_potential_carbon,9346.298762800092,168.08085149818385,mean tonnes carbon per km2,1727.0,65.45900001093746
KGZ,YAMS,agri_potential_carbon,,,mean tonnes carbon per km2,,
LAO,YAMS,agri_potential_carbon,,,mean tonnes carbon per km2,,
LVA,YAMS,agri_potential_carbon,,,mean tonnes carbon per km2,,
LBN,YAMS,agri_potential_carbon,,,mean tonnes carbon per km2,,
LSO,YAMS,agri_potential_carbon,,,mean tonnes carbon per km2,,
LBR,YAMS,agri_potential_carbon,15646.796569811064,673.2894810948965,mean tonnes carbon per km2,113.0,3.72600000500679
LBY,YAMS,agri_potential_carbon,,,mean tonnes carbon per km2,,
LIE,YAMS,agri_potential_carbon,,,mean tonnes carbon per km2,,
LTU,YAMS,agri_potential_carbon,,,mean tonnes carbon per km2,,
LUX,YAMS,agri_potential_carbon,,,mean tonnes carbon per km2,,
MCO,YAMS,agri_potential_carbon,,,mean tonnes carbon per km2,,
MNG,YAMS,agri_potential_carbon,,,mean tonnes carbon per km2,,
MNE,YAMS,agri_potential_carbon,,,mean tonnes carbon per km2,,
MKD,YAMS,agri_potential_carbon,,,mean tonnes carbon per km2,,
MDG,YAMS,agri_potential_carbon,,,mean tonnes carbon per km2,,
MWI,YAMS,agri_potential_carbon,,,mean tonnes carbon per km2,,
MYS,YAMS,agri_potential_carbon,,,mean tonnes carbon per km2,,
MDV,YAMS,agri_potential_carbon,,,mean tonnes carbon per km2,,
MLI,YAMS,agri_potential_carbon,3096.8346089342404,72.94501093243775,mean tonnes carbon per km2,4800.0,37.01100008413195
MLT,YAMS,agri_potential_carbon,,,mean tonnes carbon per km2,,
MHL,YAMS,agri_potential_carbon,,,mean tonnes carbon per km2,,
MRT,YAMS,agri_potential_carbon,1736.2724563043603,76.53808856194811,mean tonnes carbon per km2,1449.0,3.7540000379830603
MUS,YAMS,agri_potential_carbon,,,mean tonnes carbon per km2,,
MEX,YAMS,agri_potential_carbon,,,mean tonnes carbon per km2,,
FSM,YAMS,agri_potential_carbon,,,mean tonnes carbon per km2,,
MDA,YAMS,agri_potential_carbon,,,mean tonnes carbon per km2,,
NIC,YAMS,agri_potential_carbon,10715.186764669543,86.44388490447605,mean tonnes carbon per km2,588.0,0.7070000112056734
OMN,YAMS,agri_potential_carbon,,,mean tonnes carbon per km2,,
PAK,YAMS,agri_potential_carbon,,,mean tonnes carbon per km2,,
PLW,YAMS,agri_potential_carbon,,,mean tonnes carbon per km2,,
PAN,YAMS,agri_potential_carbon,10087.417488648802,364.3342507845194,mean tonnes carbon per km2,506.0,46.48599997743965
PNG,YAMS,agri_potential_carbon,9042.693678568146,403.2525585196914,mean tonnes carbon per km2,648.0,82.33700007110833
PRY,YAMS,agri_potential_carbon,7711.943875545083,0.0,mean tonnes carbon per km2,1.0,0.0010000000149011613
PER,YAMS,agri_potential_carbon,11562.83669171812,4225.063151349492,mean tonnes carbon per km2,2.0,0.007000000029802323
PHL,YAMS,agri_potential_carbon,13869.684744760905,101.54941827208185,mean tonnes carbon per km2,2568.0,40.835000139400364
POL,YAMS,agri_potential_carbon,,,mean tonnes carbon per km2,,
PRT,YAMS,agri_potential_carbon,11475.38439042727,0.0,mean tonnes carbon per km2,1.0,1.42
ROU,YAMS,agri_potential_carbon,,,mean tonnes carbon per km2,,
RUS,YAMS,agri_potential_carbon,,,mean tonnes carbon per km2,,
RWA,YAMS,agri_potential_carbon,8872.397071329307,499.2522246520766,mean tonnes carbon per km2,90.0,15.893000068664552
WSM,YAMS,agri_potential_carbon,,,mean tonnes carbon per km2,,
SMR,YAMS,agri_potential_carbon,,,mean tonnes carbon per km2,,
TON,YAMS,agri_potential_carbon,3271.6712864986557,1540.1131205558784,mean tonnes carbon per km2,3.0,0.28800000190734865
TTO,YAMS,agri_potential_carbon,11740.036552270723,1166.322847783362,mean tonnes carbon per km2,27.0,0.0940000019967556
TUN,YAMS,agri_potential_carbon,,,mean tonnes carbon per km2,,
TKM,YAMS,agri_potential_carbon,,,mean tonnes carbon per km2,,
STP,YAMS,agri_potential_carbon,2227.533090133651,1069.4589288012874,mean tonnes carbon per km2,11.0,2.1210000038146974
SAU,YAMS,agri_potential_carbon,,,mean tonnes carbon per km2,,
SEN,YAMS,agri_potential_carbon,4615.874975639066,992.1558588471356,mean tonnes carbon per km2,7.0,0.04600000023841858
SVK,YAMS,agri_potential_carbon,,,mean tonnes carbon per km2,,
SVN,YAMS,agri_potential_carbon,,,mean tonnes carbon per km2,,
SLB,YAMS,agri_potential_carbon,9127.214582639204,403.2255110541852,mean tonnes carbon per km2,137.0,30.401000146642325
SOM,YAMS,agri_potential_carbon,,,mean tonnes carbon per km2,,
ZAF,YAMS,agri_potential_carbon,,,mean tonnes carbon per km2,,
SSD,YAMS,agri_potential_carbon,3945.776541282602,81.42443159176894,mean tonnes carbon per km2,1461.0,563.5559999027103
ESP,YAMS,agri_potential_carbon,,,mean tonnes carbon per km2,,
LKA,YAMS,agri_potential_carbon,,,mean tonnes carbon per km2,,
KNA,YAMS,agri_potential_carbon,13728.467788923677,507.22828388795335,mean tonnes carbon per km2,3.0,0.017000000178813934
LCA,YAMS,agri_potential_carbon,9361.796484734421,968.9279933730685,mean tonnes carbon per km2,7.0,1.1199999809265135
VCT,YAMS,agri_potential_carbon,12585.171418070056,4315.664161711868,mean tonnes carbon per km2,3.0,0.8040000081062316
SDN,YAMS,agri_potential_carbon,284.85085848150675,27.054059197975498,mean tonnes carbon per km2,2.0,0.2740000057220459
SUR,YAMS,agri_potential_carbon,,,mean tonnes carbon per km2,,
SWZ,YAMS,agri_potential_carbon,,,mean tonnes carbon per km2,,
SWE,YAMS,agri_potential_carbon,,,mean tonnes carbon per km2,,
CHE,YAMS,agri_potential_carbon,,,mean tonnes carbon per km2,,
SYR,YAMS,agri_potential_carbon,,,mean tonnes carbon per km2,,
TWN,YAMS,agri_potential_carbon,,,mean tonnes carbon per km2,,
TJK,YAMS,agri_potential_carbon,,,mean tonnes carbon per km2,,
TZA,YAMS,agri_potential_carbon,12274.755704308393,1038.0144260499399,mean tonnes carbon per km2,26.0,7.237999930381775
THA,YAMS,agri_potential_carbon,,,mean tonnes carbon per km2,,
TLS,YAMS,agri_potential_carbon,,,mean tonnes carbon per km2,,
TGO,YAMS,agri_potential_carbon,8779.369608131487,142.8768128623382,mean tonnes carbon per km2,600.0,660.2480014955997
TUV,YAMS,agri_potential_carbon,,,mean tonnes carbon per km2,,
UGA,YAMS,agri_potential_carbon,9372.022072503256,0.0,mean tonnes carbon per km2,1.0,0.445
URY,YAMS,agri_potential_carbon,3185.3559462854328,609.5363620581894,mean tonnes carbon per km2,3.0,0.011000000014901161
UZB,YAMS,agri_potential_carbon,,,mean tonnes carbon per km2,,
VUT,YAMS,agri_potential_carbon,,,mean tonnes carbon per km2,,
VAT,YAMS,agri_potential_carbon,,,mean tonnes carbon per km2,,
VEN,YAMS,agri_potential_carbon,5874.517806965661,415.58579690893276,mean tonnes carbon per km2,1979.0,72.62199981331825
VNM,YAMS,agri_potential_carbon,,,mean tonnes carbon per km2,,
ZMB,YAMS,agri_potential_carbon,9130.479465965094,1400.332215823589,mean tonnes carbon per km2,8.0,0.06200000047683715
ZWE,YAMS,agri_potential_carbon,,,mean tonnes carbon per km2,,
YEM,YAMS,agri_potential_carbon,,,mean tonnes carbon per km2,,
UKR,YAMS,agri_potential_carbon,,,mean tonnes carbon per km2,,
BHR,YAMS,agri_potential_carbon,,,mean tonnes carbon per km2,,
KWT,YAMS,agri_potential_carbon,,,mean tonnes carbon per km2,,
QAT,YAMS,agri_potential_carbon,,,mean tonnes carbon per km2,,
ARE,YAMS,agri_potential_carbon,,,mean tonnes carbon per km2,,
TUR,YAMS,agri_potential_carbon,,,mean tonnes carbon per km2,,
ISR,YAMS,agri_potential_carbon,,,mean tonnes carbon per km2,,
BGD,YAMS,agri_potential_carbon,,,mean tonnes carbon per km2,,
MMR,YAMS,agri_potential_carbon,,,mean tonnes carbon per km2,,
IND,YAMS,agri_potential_carbon,,,mean tonnes carbon per km2,,
BEN,YAMS,agri_potential_carbon,7221.972006628909,90.0986052958922,mean tonnes carbon per km2,974.0,1211.3130002608896
NER,YAMS,agri_potential_carbon,356.7565992996548,34.63010215259124,mean tonnes carbon per km2,2.0,0.005000000149011612
NGA,YAMS,agri_potential_carbon,9891.933794133054,71.10045521008536,mean tonnes carbon per km2,5033.0,28291.865989040438
111,YAMS,agri_potential_carbon,,,mean tonnes carbon per km2,,
112,YAMS,agri_potential_carbon,,,mean tonnes carbon per km2,,
113,YAMS,agri_potential_carbon,,,mean tonnes carbon per km2,,
114,YAMS,agri_potential_carbon,,,mean tonnes carbon per km2,,
115,YAMS,agri_potential_carbon,,,mean tonnes carbon per km2,,
116,YAMS,agri_potential_carbon,,,mean tonnes carbon per km2,,
117,YAMS,agri_potential_carbon,,,mean tonnes carbon per km2,,
118,YAMS,agri_potential_carbon,,,mean tonnes carbon per km2,,
119,YAMS,agri_potential_carbon,,,mean tonnes carbon per km2,,
120,YAMS,agri_potential_carbon,,,mean tonnes carbon per km2,,
121,YAMS,agri_potential_carbon,,,mean tonnes carbon per km2,,
122,YAMS,agri_potential_carbon,,,mean tonnes carbon per km2,,
123,YAMS,agri_potential_carbon,,,mean tonnes carbon per km2,,
124,YAMS,agri_potential_carbon,,,mean tonnes carbon per km2,,
125,YAMS,agri_potential_carbon,,,mean tonnes carbon per km2,,
126,YAMS,agri_potential_carbon,,,mean tonnes carbon per km2,,
127,YAMS,agri_potential_carbon,,,mean tonnes carbon per km2,,
128,YAMS,agri_potential_carbon,,,mean tonnes carbon per km2,,
129,YAMS,agri_potential_carbon,,,mean tonnes carbon per km2,,
ESH,YAMS,agri_potential_carbon,,,mean tonnes carbon per km2,,
AFG,SESA,agri_potential_carbon,995.1321657076007,19.550166397910786,mean tonnes carbon per km2,5781.0,459.10499860093
GBR,SESA,agri_potential_carbon,,,mean tonnes carbon per km2,,
ALB,SESA,agri_potential_carbon,3853.3115406479405,0.0,mean tonnes carbon per km2,1.0,0.0010000000149011613
DZA,SESA,agri_potential_carbon,,,mean tonnes carbon per km2,,
USA,SESA,agri_potential_carbon,,,mean tonnes carbon per km2,,
ATA,SESA,agri_potential_carbon,,,mean tonnes carbon per km2,,
ATG,SESA,agri_potential_carbon,,,mean tonnes carbon per km2,,
ARG,SESA,agri_potential_carbon,4064.2860863976343,1902.9595072049287,mean tonnes carbon per km2,9.0,0.3940000051259995
AND,SESA,agri_potential_carbon,,,mean tonnes carbon per km2,,
AGO,SESA,agri_potential_carbon,7742.831211781733,81.62447674193385,mean tonnes carbon per km2,2991.0,80.45500004976988
ARM,SESA,agri_potential_carbon,,,mean tonnes carbon per km2,,
NLD,SESA,agri_potential_carbon,,,mean tonnes carbon per km2,,
AUS,SESA,agri_potential_carbon,,,mean tonnes carbon per km2,,
AUT,SESA,agri_potential_carbon,,,mean tonnes carbon per km2,,
AZE,SESA,agri_potential_carbon,989.5769868805967,155.82588870790497,mean tonnes carbon per km2,2.0,0.15000000476837158
BHS,SESA,agri_potential_carbon,,,mean tonnes carbon per km2,,
BRB,SESA,agri_potential_carbon,,,mean tonnes carbon per km2,,
BLR,SESA,agri_potential_carbon,,,mean tonnes carbon per km2,,
BEL,SESA,agri_potential_carbon,,,mean tonnes carbon per km2,,
BLZ,SESA,agri_potential_carbon,,,mean tonnes carbon per km2,,
BTN,SESA,agri_potential_carbon,12110.256541528468,0.0,mean tonnes carbon per km2,1.0,0.0010000000149011613
BOL,SESA,agri_potential_carbon,5837.7539857148495,205.25664483575716,mean tonnes carbon per km2,332.0,214.4170006341487
BIH,SESA,agri_potential_carbon,,,mean tonnes carbon per km2,,
BWA,SESA,agri_potential_carbon,,,mean tonnes carbon per km2,,
NOR,SESA,agri_potential_carbon,,,mean tonnes carbon per km2,,
COL,SESA,agri_potential_carbon,6563.0698529690035,993.1050155592684,mean tonnes carbon per km2,206.0,28.72099976442754
COM,SESA,agri_potential_carbon,,,mean tonnes carbon per km2,,
BRA,SESA,agri_potential_carbon,4708.723431854933,116.44338987474805,mean tonnes carbon per km2,9708.0,85.54900018915535
FRA,SESA,agri_potential_carbon,,,mean tonnes carbon per km2,,
COD,SESA,agri_potential_carbon,12752.02110946724,227.00122872540032,mean tonnes carbon per km2,613.0,110.04399995103478
COG,SESA,agri_potential_carbon,14035.155157725529,4629.462674497253,mean tonnes carbon per km2,4.0,6.115000038146972
NZL,SESA,agri_potential_carbon,,,mean tonnes carbon per km2,,
BRN,SESA,agri_potential_carbon,,,mean tonnes carbon per km2,,
BGR,SESA,agri_potential_carbon,8967.418521394531,0.0,mean tonnes carbon per km2,1.0,0.0010000000149011613
BFA,SESA,agri_potential_carbon,3824.439465269414,79.08017311731547,mean tonnes carbon per km2,2500.0,1104.0410001982748
BDI,SESA,agri_potential_carbon,,,mean tonnes carbon per km2,,
CPV,SESA,agri_potential_carbon,,,mean tonnes carbon per km2,,
KHM,SESA,agri_potential_carbon,13576.145622098476,133.1871254001753,mean tonnes carbon per km2,987.0,447.51499989263715
CMR,SESA,agri_potential_carbon,8272.895270412777,472.94489843335896,mean tonnes carbon per km2,690.0,314.0969986667484
CAN,SESA,agri_potential_carbon,,,mean tonnes carbon per km2,,
CRI,SESA,agri_potential_carbon,10018.062625535114,224.73205537440205,mean tonnes carbon per km2,108.0,2.0879999518394463
CIV,SESA,agri_potential_carbon,14445.440431769694,122.78712327415259,mean tonnes carbon per km2,2509.0,130.10400002807378
HRV,SESA,agri_potential_carbon,,,mean tonnes carbon per km2,,
CUB,SESA,agri_potential_carbon,,,mean tonnes carbon per km2,,
CAF,SESA,agri_potential_carbon,6092.709134473327,125.05431083187082,mean tonnes carbon per km2,1505.0,221.369999910593
TCD,SESA,agri_potential_carbon,3626.379639544298,65.10642703457356,mean tonnes carbon per km2,2995.0,1645.9919999378174
CHL,SESA,agri_potential_carbon,,,mean tonnes carbon per km2,,
CHN,SESA,agri_potential_carbon,7362.636538591928,87.1313203133745,mean tonnes carbon per km2,24560.0,4515.548995549753
CYP,SESA,agri_potential_carbon,4686.029175208221,278.450364047346,mean tonnes carbon per km2,43.0,0.05800000116229058
CZE,SESA,agri_potential_carbon,,,mean tonnes carbon per km2,,
DNK,SESA,agri_potential_carbon,,,mean tonnes carbon per km2,,
DJI,SESA,agri_potential_carbon,,,mean tonnes carbon per km2,,
DMA,SESA,agri_potential_carbon,,,mean tonnes carbon per km2,,
DOM,SESA,agri_potential_carbon,,,mean tonnes carbon per km2,,
ECU,SESA,agri_potential_carbon,10296.749774576945,471.37200960217046,mean tonnes carbon per km2,74.0,0.28800000473856935
EGY,SESA,agri_potential_carbon,775.6553380888829,67.47448687159499,mean tonnes carbon per km2,478.0,375.2320002227276
SLV,SESA,agri_potential_carbon,8329.150039039629,906.4526947513864,mean tonnes carbon per km2,6.0,22.176000061035158
GNQ,SESA,agri_potential_carbon,,,mean tonnes carbon per km2,,
ERI,SESA,agri_potential_carbon,2160.554228217193,107.69652885138109,mean tonnes carbon per km2,158.0,175.5659999334812
EST,SESA,agri_potential_carbon,,,mean tonnes carbon per km2,,
ETH,SESA,agri_potential_carbon,8714.018388008688,184.12788564161136,mean tonnes carbon per km2,3831.0,3411.3949951166655
FJI,SESA,agri_potential_carbon,,,mean tonnes carbon per km2,,
FIN,SESA,agri_potential_carbon,,,mean tonnes carbon per km2,,
GAB,SESA,agri_potential_carbon,,,mean tonnes carbon per km2,,
GMB,SESA,agri_potential_carbon,7633.456476394462,235.55050812785333,mean tonnes carbon per km2,126.0,63.30400005340576
MAR,SESA,agri_potential_carbon,3748.75421066912,197.11901927748949,mean tonnes carbon per km2,345.0,12.656000011190773
MOZ,SESA,agri_potential_carbon,7376.08772095157,99.64193370148567,mean tonnes carbon per km2,3262.0,1193.3279981542378
NAM,SESA,agri_potential_carbon,,,mean tonnes carbon per km2,,
GEO,SESA,agri_potential_carbon,,,mean tonnes carbon per km2,,
DEU,SESA,agri_potential_carbon,,,mean tonnes carbon per km2,,
GHA,SESA,agri_potential_carbon,5817.679689275895,1044.687889418749,mean tonnes carbon per km2,7.0,0.258999999910593
GRC,SESA,agri_potential_carbon,4577.886879296251,184.88629530342808,mean tonnes carbon per km2,450.0,0.5870000067353249
GRL,SESA,agri_potential_carbon,,,mean tonnes carbon per km2,,
GRD,SESA,agri_potential_carbon,,,mean tonnes carbon per km2,,
NRU,SESA,agri_potential_carbon,,,mean tonnes carbon per km2,,
GTM,SESA,agri_potential_carbon,9341.224747506492,390.11647736473714,mean tonnes carbon per km2,109.0,317.1640002834797
NPL,SESA,agri_potential_carbon,7361.729422435371,102.19271487732831,mean tonnes carbon per km2,3.0,0.04600000023841858
GIN,SESA,agri_potential_carbon,9573.597624176276,404.8704002624478,mean tonnes carbon per km2,60.0,21.785000046491625
GNB,SESA,agri_potential_carbon,9795.016887602313,622.3320859683382,mean tonnes carbon per km2,4.0,0.2520000028610229
GUY,SESA,agri_potential_carbon,,,mean tonnes carbon per km2,,
HTI,SESA,agri_potential_carbon,8740.97729731784,471.8517456139275,mean tonnes carbon per km2,26.0,89.39100036621095
JOR,SESA,agri_potential_carbon,2707.5736493686236,389.92994714457274,mean tonnes carbon per km2,22.0,0.8040000016242266
HND,SESA,agri_potential_carbon,8126.660753045725,333.4927406089724,mean tonnes carbon per km2,66.0,10.40599999897182
HUN,SESA,agri_potential_carbon,,,mean tonnes carbon per km2,,
ISL,SESA,agri_potential_carbon,,,mean tonnes carbon per km2,,
IDN,SESA,agri_potential_carbon,,,mean tonnes carbon per km2,,
IRN,SESA,agri_potential_carbon,690.9251223098802,30.02182747877974,mean tonnes carbon per km2,5702.0,399.3920005702972
IRQ,SESA,agri_potential_carbon,1023.4875390105296,32.872956088705244,mean tonnes carbon per km2,2039.0,127.15700021371245
IRL,SESA,agri_potential_carbon,,,mean tonnes carbon per km2,,
KAZ,SESA,agri_potential_carbon,1630.8244092595519,111.01603893334922,mean tonnes carbon per km2,3.0,0.1759999966621399
KEN,SESA,agri_potential_carbon,4725.335572058628,367.5361656870354,mean tonnes carbon per km2,196.0,262.19400091357534
KIR,SESA,agri_potential_carbon,,,mean tonnes carbon per km2,,
PRK,SESA,agri_potential_carbon,9795.359845387831,0.0,mean tonnes carbon per km2,1.0,0.01
KOR,SESA,agri_potential_carbon,7647.623704925232,186.28278127061478,mean tonnes carbon per km2,1014.0,281.4650000605732
XKX,SESA,agri_potential_carbon,,,mean tonnes carbon per km2,,
SRB,SESA,agri_potential_carbon,,,mean tonnes carbon per km2,,
SYC,SESA,agri_potential_carbon,,,mean tonnes carbon per km2,,
SLE,SESA,agri_potential_carbon,14509.351018473175,197.6216857671314,mean tonnes carbon per km2,371.0,17.42200054042042
SGP,SESA,agri_potential_carbon,,,mean tonnes carbon per km2,,
ITA,SESA,agri_potential_carbon,5890.9608845405255,95.49732388488559,mean tonnes carbon per km2,525.0,0.9290000163763763
JAM,SESA,agri_potential_carbon,,,mean tonnes carbon per km2,,
JPN,SESA,agri_potential_carbon,4351.67781969237,477.75767137186295,mean tonnes carbon per km2,38.0,0.21800000175833706
KGZ,SESA,agri_potential_carbon,1449.230370140566,308.78447243439126,mean tonnes carbon per km2,8.0,0.05800000004470349
LAO,SESA,agri_potential_carbon,12548.201880790934,279.99459598295584,mean tonnes carbon per km2,788.0,111.67600008189677
LVA,SESA,agri_potential_carbon,,,mean tonnes carbon per km2,,
LBN,SESA,agri_potential_carbon,6454.157887542598,278.01979428758904,mean tonnes carbon per km2,36.0,0.7379999995231629
LSO,SESA,agri_potential_carbon,,,mean tonnes carbon per km2,,
LBR,SESA,agri_potential_carbon,,,mean tonnes carbon per km2,,
LBY,SESA,agri_potential_carbon,,,mean tonnes carbon per km2,,
LIE,SESA,agri_potential_carbon,,,mean tonnes carbon per km2,,
LTU,SESA,agri_potential_carbon,,,mean tonnes carbon per km2,,
LUX,SESA,agri_potential_carbon,,,mean tonnes carbon per km2,,
MCO,SESA,agri_potential_carbon,,,mean tonnes carbon per km2,,
MNG,SESA,agri_potential_carbon,,,mean tonnes carbon per km2,,
MNE,SESA,agri_potential_carbon,,,mean tonnes carbon per km2,,
MKD,SESA,agri_potential_carbon,4691.32642661514,639.5374970223994,mean tonnes carbon per km2,45.0,0.31600000292062763
MDG,SESA,agri_potential_carbon,,,mean tonnes carbon per km2,,
MWI,SESA,agri_potential_carbon,8846.406012599806,1062.9449630044176,mean tonnes carbon per km2,2.0,0.5520000076293945
MYS,SESA,agri_potential_carbon,,,mean tonnes carbon per km2,,
MDV,SESA,agri_potential_carbon,,,mean tonnes carbon per km2,,
MLI,SESA,agri_potential_carbon,2722.1590831785993,61.13897638495743,mean tonnes carbon per km2,3280.0,297.4580004285276
MLT,SESA,agri_potential_carbon,,,mean tonnes carbon per km2,,
MHL,SESA,agri_potential_carbon,,,mean tonnes carbon per km2,,
MRT,SESA,agri_potential_carbon,,,mean tonnes carbon per km2,,
MUS,SESA,agri_potential_carbon,,,mean tonnes carbon per km2,,
MEX,SESA,agri_potential_carbon,6671.490698387099,321.53946462873523,mean tonnes carbon per km2,1135.0,594.4600016349553
FSM,SESA,agri_potential_carbon,,,mean tonnes carbon per km2,,
MDA,SESA,agri_potential_carbon,,,mean tonnes carbon per km2,,
NIC,SESA,agri_potential_carbon,9094.609237182025,179.4689177980141,mean tonnes carbon per km2,233.0,71.76000010028481
OMN,SESA,agri_potential_carbon,,,mean tonnes carbon per km2,,
PAK,SESA,agri_potential_carbon,1486.7222321230117,113.62784150808228,mean tonnes carbon per km2,1962.0,771.7390000473708
PLW,SESA,agri_potential_carbon,,,mean tonnes carbon per km2,,
PAN,SESA,agri_potential_carbon,6755.063467398527,1457.6929765527702,mean tonnes carbon per km2,341.0,3.877999991029501
PNG,SESA,agri_potential_carbon,,,mean tonnes carbon per km2,,
PRY,SESA,agri_potential_carbon,6411.816871648049,135.77799132488823,mean tonnes carbon per km2,2885.0,839.8479996734858
PER,SESA,agri_potential_carbon,3997.8651628980197,991.7944880106949,mean tonnes carbon per km2,151.0,1.4769999945163728
PHL,SESA,agri_potential_carbon,,,mean tonnes carbon per km2,,
POL,SESA,agri_potential_carbon,,,mean tonnes carbon per km2,,
PRT,SESA,agri_potential_carbon,,,mean tonnes carbon per km2,,
ROU,SESA,agri_potential_carbon,,,mean tonnes carbon per km2,,
RUS,SESA,agri_potential_carbon,5417.109454503992,44.01022084326897,mean tonnes carbon per km2,2.0,0.04300000071525574
RWA,SESA,agri_potential_carbon,3716.2081864220063,0.0,mean tonnes carbon per km2,1.0,0.0020000000298023225
WSM,SESA,agri_potential_carbon,,,mean tonnes carbon per km2,,
SMR,SESA,agri_potential_carbon,,,mean tonnes carbon per km2,,
TON,SESA,agri_potential_carbon,,,mean tonnes carbon per km2,,
TTO,SESA,agri_potential_carbon,,,mean tonnes carbon per km2,,
TUN,SESA,agri_potential_carbon,,,mean tonnes carbon per km2,,
TKM,SESA,agri_potential_carbon,229.09908024347237,187.78008403578528,mean tonnes carbon per km2,8.0,0.5689999896287918
STP,SESA,agri_potential_carbon,,,mean tonnes carbon per km2,,
SAU,SESA,agri_potential_carbon,210.9656390986829,552.7571037521803,mean tonnes carbon per km2,3300.0,29.47100013509392
SEN,SESA,agri_potential_carbon,4825.347677085245,146.61354755789478,mean tonnes carbon per km2,796.0,127.00900002121925
SVK,SESA,agri_potential_carbon,,,mean tonnes carbon per km2,,
SVN,SESA,agri_potential_carbon,,,mean tonnes carbon per km2,,
SLB,SESA,agri_potential_carbon,,,mean tonnes carbon per km2,,
SOM,SESA,agri_potential_carbon,2102.591029902918,142.42837810313029,mean tonnes carbon per km2,1905.0,493.68099993005393
ZAF,SESA,agri_potential_carbon,,,mean tonnes carbon per km2,,
SSD,SESA,agri_potential_carbon,4730.982095395608,314.95728012907045,mean tonnes carbon per km2,2705.0,49.0840001513064
ESP,SESA,agri_potential_carbon,,,mean tonnes carbon per km2,,
LKA,SESA,agri_potential_carbon,8555.673603714571,221.6856137450074,mean tonnes carbon per km2,562.0,131.84399974629284
KNA,SESA,agri_potential_carbon,,,mean tonnes carbon per km2,,
LCA,SESA,agri_potential_carbon,,,mean tonnes carbon per km2,,
VCT,SESA,agri_potential_carbon,,,mean tonnes carbon per km2,,
SDN,SESA,agri_potential_carbon,1231.572926983373,27.72476493425327,mean tonnes carbon per km2,5637.0,13215.7999832014
SUR,SESA,agri_potential_carbon,,,mean tonnes carbon per km2,,
SWZ,SESA,agri_potential_carbon,,,mean tonnes carbon per km2,,
SWE,SESA,agri_potential_carbon,,,mean tonnes carbon per km2,,
CHE,SESA,agri_potential_carbon,,,mean tonnes carbon per km2,,
SYR,SESA,agri_potential_carbon,768.9344307031238,58.46750666516513,mean tonnes carbon per km2,1293.0,52.51499994277954
TWN,SESA,agri_potential_carbon,15107.61581227045,786.4634119603046,mean tonnes carbon per km2,42.0,13.983999926745893
TJK,SESA,agri_potential_carbon,1971.9319474151257,107.74936597791907,mean tonnes carbon per km2,538.0,8.102000000029802
TZA,SESA,agri_potential_carbon,8233.956985940493,93.22875474043441,mean tonnes carbon per km2,2488.0,2577.8530004411937
THA,SESA,agri_potential_carbon,11253.796179415483,264.7705004759924,mean tonnes carbon per km2,271.0,650.9789999196679
TLS,SESA,agri_potential_carbon,,,mean tonnes carbon per km2,,
TGO,SESA,agri_potential_carbon,8613.567798827187,116.62729656510736,mean tonnes carbon per km2,563.0,47.10199999928474
TUV,SESA,agri_potential_carbon,,,mean tonnes carbon per km2,,
UGA,SESA,agri_potential_carbon,8006.474842661241,324.6516062902533,mean tonnes carbon per km2,1123.0,2146.9360051608082
URY,SESA,agri_potential_carbon,3272.233269764028,626.5268093475188,mean tonnes carbon per km2,3.0,0.01600000001490116
UZB,SESA,agri_potential_carbon,1217.7538701981362,25.905632915196183,mean tonnes carbon per km2,872.0,33.466000054627656
VUT,SESA,agri_potential_carbon,,,mean tonnes carbon per km2,,
VAT,SESA,agri_potential_carbon,,,mean tonnes carbon per km2,,
VEN,SESA,agri_potential_carbon,10080.383439584224,606.8020358500294,mean tonnes carbon per km2,401.0,559.2719990953804
VNM,SESA,agri_potential_carbon,11889.299911634098,119.30167246336156,mean tonnes carbon per km2,2689.0,427.0239992467314
ZMB,SESA,agri_potential_carbon,7732.6928507273615,995.3884159453122,mean tonnes carbon per km2,5.0,0.4229999933391809
ZWE,SESA,agri_potential_carbon,6702.822298221069,1273.2188536993847,mean tonnes carbon per km2,7.0,2.2300000113248823
YEM,SESA,agri_potential_carbon,360.37863882568695,118.0237384526301,mean tonnes carbon per km2,1073.0,223.69100043170155
UKR,SESA,agri_potential_carbon,,,mean tonnes carbon per km2,,
BHR,SESA,agri_potential_carbon,,,mean tonnes carbon per km2,,
KWT,SESA,agri_potential_carbon,,,mean tonnes carbon per km2,,
QAT,SESA,agri_potential_carbon,,,mean tonnes carbon per km2,,
ARE,SESA,agri_potential_carbon,,,mean tonnes carbon per km2,,
TUR,SESA,agri_potential_carbon,3780.7291517923018,52.901047555442496,mean tonnes carbon per km2,8479.0,287.64900007478894
ISR,SESA,agri_potential_carbon,3246.011020258565,251.83351620855746,mean tonnes carbon per km2,87.0,0.2060000028461218
BGD,SESA,agri_potential_carbon,9991.958960849677,216.8456326286474,mean tonnes carbon per km2,520.0,373.33299884274606
MMR,SESA,agri_potential_carbon,5444.892763910737,167.11172195946557,mean tonnes carbon per km2,3233.0,15380.663000814988
IND,SESA,agri_potential_carbon,3495.1124538844642,51.85315558805505,mean tonnes carbon per km2,24872.0,18659.709986264108
BEN,SESA,agri_potential_carbon,5877.197872461135,167.44033758091769,mean tonnes carbon per km2,204.0,4.700000005811453
NER,SESA,agri_potential_carbon,2064.977624489602,33.30136139276739,mean tonnes carbon per km2,3009.0,1098.6089996819942
NGA,SESA,agri_potential_carbon,5849.783993845936,108.25510389795119,mean tonnes carbon per km2,4204.0,2642.807999058068
111,SESA,agri_potential_carbon,3777.3086365712247,218.14837959552443,mean tonnes carbon per km2,46.0,23.326999830082062
112,SESA,agri_potential_carbon,,,mean tonnes carbon per km2,,
113,SESA,agri_potential_carbon,,,mean tonnes carbon per km2,,
114,SESA,agri_potential_carbon,,,mean tonnes carbon per km2,,
115,SESA,agri_potential_carbon,,,mean tonnes carbon per km2,,
116,SESA,agri_potential_carbon,,,mean tonnes carbon per km2,,
117,SESA,agri_potential_carbon,,,mean tonnes carbon per km2,,
118,SESA,agri_potential_carbon,,,mean tonnes carbon per km2,,
119,SESA,agri_potential_carbon,,,mean tonnes carbon per km2,,
120,SESA,agri_potential_carbon,,,mean tonnes carbon per km2,,
121,SESA,agri_potential_carbon,,,mean tonnes carbon per km2,,
122,SESA,agri_potential_carbon,,,mean tonnes carbon per km2,,
123,SESA,agri_potential_carbon,,,mean tonnes carbon per km2,,
124,SESA,agri_potential_carbon,,,mean tonnes carbon per km2,,
125,SESA,agri_potential_carbon,,,mean tonnes carbon per km2,,
126,SESA,agri_potential_carbon,,,mean tonnes carbon per km2,,
127,SESA,agri_potential_carbon,,,mean tonnes carbon per km2,,
128,SESA,agri_potential_carbon,,,mean tonnes carbon per km2,,
129,SESA,agri_potential_carbon,,,mean tonnes carbon per km2,,
ESH,SESA,agri_potential_carbon,,,mean tonnes carbon per km2,,
AFG,RCOF,agri_potential_carbon,,,mean tonnes carbon per km2,,
GBR,RCOF,agri_potential_carbon,,,mean tonnes carbon per km2,,
ALB,RCOF,agri_potential_carbon,,,mean tonnes carbon per km2,,
DZA,RCOF,agri_potential_carbon,,,mean tonnes carbon per km2,,
USA,RCOF,agri_potential_carbon,,,mean tonnes carbon per km2,,
ATA,RCOF,agri_potential_carbon,,,mean tonnes carbon per km2,,
ATG,RCOF,agri_potential_carbon,,,mean tonnes carbon per km2,,
ARG,RCOF,agri_potential_carbon,,,mean tonnes carbon per km2,,
AND,RCOF,agri_potential_carbon,,,mean tonnes carbon per km2,,
AGO,RCOF,agri_potential_carbon,6353.481309691882,140.91229864373432,mean tonnes carbon per km2,796.0,288.23599997438487
ARM,RCOF,agri_potential_carbon,,,mean tonnes carbon per km2,,
NLD,RCOF,agri_potential_carbon,,,mean tonnes carbon per km2,,
AUS,RCOF,agri_potential_carbon,,,mean tonnes carbon per km2,,
AUT,RCOF,agri_potential_carbon,,,mean tonnes carbon per km2,,
AZE,RCOF,agri_potential_carbon,,,mean tonnes carbon per km2,,
BHS,RCOF,agri_potential_carbon,,,mean tonnes carbon per km2,,
BRB,RCOF,agri_potential_carbon,,,mean tonnes carbon per km2,,
BLR,RCOF,agri_potential_carbon,,,mean tonnes carbon per km2,,
BEL,RCOF,agri_potential_carbon,,,mean tonnes carbon per km2,,
BLZ,RCOF,agri_potential_carbon,,,mean tonnes carbon per km2,,
BTN,RCOF,agri_potential_carbon,,,mean tonnes carbon per km2,,
BOL,RCOF,agri_potential_carbon,6946.127598136891,3273.747016331167,mean tonnes carbon per km2,5.0,0.015999999940395356
BIH,RCOF,agri_potential_carbon,,,mean tonnes carbon per km2,,
BWA,RCOF,agri_potential_carbon,,,mean tonnes carbon per km2,,
NOR,RCOF,agri_potential_carbon,,,mean tonnes carbon per km2,,
COL,RCOF,agri_potential_carbon,0.0,0.0,mean tonnes carbon per km2,2.0,0.007000000029802323
COM,RCOF,agri_potential_carbon,,,mean tonnes carbon per km2,,
BRA,RCOF,agri_potential_carbon,7504.657495980451,121.66941433697536,mean tonnes carbon per km2,17487.0,8528.129995128587
FRA,RCOF,agri_potential_carbon,6883.847382975144,1356.0677783392882,mean tonnes carbon per km2,33.0,0.8979999954253436
COD,RCOF,agri_potential_carbon,12775.984459451372,74.05312972229649,mean tonnes carbon per km2,5150.0,669.5720000740886
COG,RCOF,agri_potential_carbon,12044.949427374138,403.428755605493,mean tonnes carbon per km2,416.0,33.3179999475181
NZL,RCOF,agri_potential_carbon,,,mean tonnes carbon per km2,,
BRN,RCOF,agri_potential_carbon,10597.418007964778,0.0,mean tonnes carbon per km2,1.0,0.0010000000149011613
BGR,RCOF,agri_potential_carbon,,,mean tonnes carbon per km2,,
BFA,RCOF,agri_potential_carbon,,,mean tonnes carbon per km2,,
BDI,RCOF,agri_potential_carbon,,,mean tonnes carbon per km2,,
CPV,RCOF,agri_potential_carbon,2358.2152496818444,455.49817958290265,mean tonnes carbon per km2,36.0,0.46799998283386224
KHM,RCOF,agri_potential_carbon,12992.921284226632,534.1838971798886,mean tonnes carbon per km2,96.0,5.061000000014901
CMR,RCOF,agri_potential_carbon,12056.533269055548,212.8300181755746,mean tonnes carbon per km2,1256.0,843.4699988649786
CAN,RCOF,agri_potential_carbon,,,mean tonnes carbon per km2,,
CRI,RCOF,agri_potential_carbon,,,mean tonnes carbon per km2,,
CIV,RCOF,agri_potential_carbon,15206.768134979768,120.99022655535593,mean tonnes carbon per km2,2451.0,3961.252001380101
HRV,RCOF,agri_potential_carbon,,,mean tonnes carbon per km2,,
CUB,RCOF,agri_potential_carbon,,,mean tonnes carbon per km2,,
CAF,RCOF,agri_potential_carbon,10317.064346726425,364.58438056402514,mean tonnes carbon per km2,580.0,32.93399991929531
TCD,RCOF,agri_potential_carbon,,,mean tonnes carbon per km2,,
CHL,RCOF,agri_potential_carbon,,,mean tonnes carbon per km2,,
CHN,RCOF,agri_potential_carbon,8656.28616758964,314.0997618718874,mean tonnes carbon per km2,258.0,1.1960000084340572
CYP,RCOF,agri_potential_carbon,,,mean tonnes carbon per km2,,
CZE,RCOF,agri_potential_carbon,,,mean tonnes carbon per km2,,
DNK,RCOF,agri_potential_carbon,,,mean tonnes carbon per km2,,
DJI,RCOF,agri_potential_carbon,,,mean tonnes carbon per km2,,
DMA,RCOF,agri_potential_carbon,,,mean tonnes carbon per km2,,
DOM,RCOF,agri_potential_carbon,,,mean tonnes carbon per km2,,
ECU,RCOF,agri_potential_carbon,8925.608464631036,258.48775349034406,mean tonnes carbon per km2,959.0,848.8639990590514
EGY,RCOF,agri_potential_carbon,,,mean tonnes carbon per km2,,
SLV,RCOF,agri_potential_carbon,,,mean tonnes carbon per km2,,
GNQ,RCOF,agri_potential_carbon,13315.303512773464,2590.1809572983066,mean tonnes carbon per km2,22.0,20.14299995183945
ERI,RCOF,agri_potential_carbon,,,mean tonnes carbon per km2,,
EST,RCOF,agri_potential_carbon,,,mean tonnes carbon per km2,,
ETH,RCOF,agri_potential_carbon,,,mean tonnes carbon per km2,,
FJI,RCOF,agri_potential_carbon,12530.698216934563,799.4144394161036,mean tonnes carbon per km2,31.0,0.252000003606081
FIN,RCOF,agri_potential_carbon,,,mean tonnes carbon per km2,,
GAB,RCOF,agri_potential_carbon,13788.499059386468,718.8731719939996,mean tonnes carbon per km2,127.0,1.1289999993145468
GMB,RCOF,agri_potential_carbon,,,mean tonnes carbon per km2,,
MAR,RCOF,agri_potential_carbon,,,mean tonnes carbon per km2,,
MOZ,RCOF,agri_potential_carbon,,,mean tonnes carbon per km2,,
NAM,RCOF,agri_potential_carbon,,,mean tonnes carbon per km2,,
GEO,RCOF,agri_potential_carbon,,,mean tonnes carbon per km2,,
DEU,RCOF,agri_potential_carbon,,,mean tonnes carbon per km2,,
GHA,RCOF,agri_potential_carbon,14700.574124405655,953.3324242973815,mean tonnes carbon per km2,48.0,26.511999869346617
GRC,RCOF,agri_potential_carbon,,,mean tonnes carbon per km2,,
GRL,RCOF,agri_potential_carbon,,,mean tonnes carbon per km2,,
GRD,RCOF,agri_potential_carbon,,,mean tonnes carbon per km2,,
NRU,RCOF,agri_potential_carbon,,,mean tonnes carbon per km2,,
GTM,RCOF,agri_potential_carbon,9382.090269729844,222.8192992833611,mean tonnes carbon per km2,569.0,449.4959999794513
NPL,RCOF,agri_potential_carbon,,,mean tonnes carbon per km2,,
GIN,RCOF,agri_potential_carbon,11413.127438468266,128.15765958187268,mean tonnes carbon per km2,871.0,367.60099915519356
GNB,RCOF,agri_potential_carbon,,,mean tonnes carbon per km2,,
GUY,RCOF,agri_potential_carbon,8715.32466248144,559.2862961765966,mean tonnes carbon per km2,243.0,3.8550000168383125
HTI,RCOF,agri_potential_carbon,,,mean tonnes carbon per km2,,
JOR,RCOF,agri_potential_carbon,,,mean tonnes carbon per km2,,
HND,RCOF,agri_potential_carbon,,,mean tonnes carbon per km2,,
HUN,RCOF,agri_potential_carbon,,,mean tonnes carbon per km2,,
ISL,RCOF,agri_potential_carbon,,,mean tonnes carbon per km2,,
IDN,RCOF,agri_potential_carbon,12877.157717777944,151.04624307506555,mean tonnes carbon per km2,11544.0,9993.86599662043
IRN,RCOF,agri_potential_carbon,,,mean tonnes carbon per km2,,
IRQ,RCOF,agri_potential_carbon,,,mean tonnes carbon per km2,,
IRL,RCOF,agri_potential_carbon,,,mean tonnes carbon per km2,,
KAZ,RCOF,agri_potential_carbon,,,mean tonnes carbon per km2,,
KEN,RCOF,agri_potential_carbon,,,mean tonnes carbon per km2,,
KIR,RCOF,agri_potential_carbon,,,mean tonnes carbon per km2,,
PRK,RCOF,agri_potential_carbon,,,mean tonnes carbon per km2,,
KOR,RCOF,agri_potential_carbon,,,mean tonnes carbon per km2,,
XKX,RCOF,agri_potential_carbon,,,mean tonnes carbon per km2,,
SRB,RCOF,agri_potential_carbon,,,mean tonnes carbon per km2,,
SYC,RCOF,agri_potential_carbon,,,mean tonnes carbon per km2,,
SLE,RCOF,agri_potential_carbon,15804.150400975675,276.62123335548506,mean tonnes carbon per km2,300.0,53.955000097155576
SGP,RCOF,agri_potential_carbon,,,mean tonnes carbon per km2,,
ITA,RCOF,agri_potential_carbon,,,mean tonnes carbon per km2,,
JAM,RCOF,agri_potential_carbon,,,mean tonnes carbon per km2,,
JPN,RCOF,agri_potential_carbon,,,mean tonnes carbon per km2,,
KGZ,RCOF,agri_potential_carbon,,,mean tonnes carbon per km2,,
LAO,RCOF,agri_potential_carbon,13651.020686930602,294.3193078464952,mean tonnes carbon per km2,633.0,525.5120011071116
LVA,RCOF,agri_potential_carbon,,,mean tonnes carbon per km2,,
LBN,RCOF,agri_potential_carbon,,,mean tonnes carbon per km2,,
LSO,RCOF,agri_potential_carbon,,,mean tonnes carbon per km2,,
LBR,RCOF,agri_potential_carbon,17125.713045800403,656.0437595184119,mean tonnes carbon per km2,103.0,10.172999997064473
LBY,RCOF,agri_potential_carbon,,,mean tonnes carbon per km2,,
LIE,RCOF,agri_potential_carbon,,,mean tonnes carbon per km2,,
LTU,RCOF,agri_potential_carbon,,,mean tonnes carbon per km2,,
LUX,RCOF,agri_potential_carbon,,,mean tonnes carbon per km2,,
MCO,RCOF,agri_potential_carbon,,,mean tonnes carbon per km2,,
MNG,RCOF,agri_potential_carbon,,,mean tonnes carbon per km2,,
MNE,RCOF,agri_potential_carbon,,,mean tonnes carbon per km2,,
MKD,RCOF,agri_potential_carbon,,,mean tonnes carbon per km2,,
MDG,RCOF,agri_potential_carbon,10350.260877468452,267.2724110066024,mean tonnes carbon per km2,1757.0,767.6930009566247
MWI,RCOF,agri_potential_carbon,,,mean tonnes carbon per km2,,
MYS,RCOF,agri_potential_carbon,13847.219715168718,160.44396776062348,mean tonnes carbon per km2,1622.0,94.10999998956919
MDV,RCOF,agri_potential_carbon,,,mean tonnes carbon per km2,,
MLI,RCOF,agri_potential_carbon,6352.743257557938,0.0,mean tonnes carbon per km2,1.0,0.6709999847412109
MLT,RCOF,agri_potential_carbon,,,mean tonnes carbon per km2,,
MHL,RCOF,agri_potential_carbon,,,mean tonnes carbon per km2,,
MRT,RCOF,agri_potential_carbon,,,mean tonnes carbon per km2,,
MUS,RCOF,agri_potential_carbon,,,mean tonnes carbon per km2,,
MEX,RCOF,agri_potential_carbon,,,mean tonnes carbon per km2,,
FSM,RCOF,agri_potential_carbon,,,mean tonnes carbon per km2,,
MDA,RCOF,agri_potential_carbon,,,mean tonnes carbon per km2,,
NIC,RCOF,agri_potential_carbon,,,mean tonnes carbon per km2,,
OMN,RCOF,agri_potential_carbon,,,mean tonnes carbon per km2,,
PAK,RCOF,agri_potential_carbon,,,mean tonnes carbon per km2,,
PLW,RCOF,agri_potential_carbon,,,mean tonnes carbon per km2,,
PAN,RCOF,agri_potential_carbon,,,mean tonnes carbon per km2,,
PNG,RCOF,agri_potential_carbon,8076.355088927941,337.027194370505,mean tonnes carbon per km2,465.0,0.8560000183433295
PRY,RCOF,agri_potential_carbon,,,mean tonnes carbon per km2,,
PER,RCOF,agri_potential_carbon,,,mean tonnes carbon per km2,,
PHL,RCOF,agri_potential_carbon,14679.331797678924,152.74288292442532,mean tonnes carbon per km2,2280.0,1177.5410016324372
POL,RCOF,agri_potential_carbon,,,mean tonnes carbon per km2,,
PRT,RCOF,agri_potential_carbon,,,mean tonnes carbon per km2,,
ROU,RCOF,agri_potential_carbon,,,mean tonnes carbon per km2,,
RUS,RCOF,agri_potential_carbon,,,mean tonnes carbon per km2,,
RWA,RCOF,agri_potential_carbon,7572.846262456103,0.0,mean tonnes carbon per km2,1.0,0.64
WSM,RCOF,agri_potential_carbon,,,mean tonnes carbon per km2,,
SMR,RCOF,agri_potential_carbon,,,mean tonnes carbon per km2,,
TON,RCOF,agri_potential_carbon,,,mean tonnes carbon per km2,,
TTO,RCOF,agri_potential_carbon,12006.110427564137,1197.879225112379,mean tonnes carbon per km2,34.0,3.8190000358223912
TUN,RCOF,agri_potential_carbon,,,mean tonnes carbon per km2,,
TKM,RCOF,agri_potential_carbon,,,mean tonnes carbon per km2,,
STP,RCOF,agri_potential_carbon,2221.7655727223346,1069.3894247416497,mean tonnes carbon per km2,11.0,1.0730000114440919
SAU,RCOF,agri_potential_carbon,,,mean tonnes carbon per km2,,
SEN,RCOF,agri_potential_carbon,,,mean tonnes carbon per km2,,
SVK,RCOF,agri_potential_carbon,,,mean tonnes carbon per km2,,
SVN,RCOF,agri_potential_carbon,,,mean tonnes carbon per km2,,
SLB,RCOF,agri_potential_carbon,,,mean tonnes carbon per km2,,
SOM,RCOF,agri_potential_carbon,,,mean tonnes carbon per km2,,
ZAF,RCOF,agri_potential_carbon,,,mean tonnes carbon per km2,,
SSD,RCOF,agri_potential_carbon,,,mean tonnes carbon per km2,,
ESP,RCOF,agri_potential_carbon,,,mean tonnes carbon per km2,,
LKA,RCOF,agri_potential_carbon,11843.614674566614,355.00502011311505,mean tonnes carbon per km2,410.0,86.08600021384656
KNA,RCOF,agri_potential_carbon,,,mean tonnes carbon per km2,,
LCA,RCOF,agri_potential_carbon,,,mean tonnes carbon per km2,,
VCT,RCOF,agri_potential_carbon,,,mean tonnes carbon per km2,,
SDN,RCOF,agri_potential_carbon,,,mean tonnes carbon per km2,,
SUR,RCOF,agri_potential_carbon,,,mean tonnes carbon per km2,,
SWZ,RCOF,agri_potential_carbon,,,mean tonnes carbon per km2,,
SWE,RCOF,agri_potential_carbon,,,mean tonnes carbon per km2,,
CHE,RCOF,agri_potential_carbon,,,mean tonnes carbon per km2,,
SYR,RCOF,agri_potential_carbon,,,mean tonnes carbon per km2,,
TWN,RCOF,agri_potential_carbon,,,mean tonnes carbon per km2,,
TJK,RCOF,agri_potential_carbon,,,mean tonnes carbon per km2,,
TZA,RCOF,agri_potential_carbon,10050.715761570473,515.0024135361616,mean tonnes carbon per km2,122.0,806.2769952633978
THA,RCOF,agri_potential_carbon,11075.373746768171,123.54927259399477,mean tonnes carbon per km2,3066.0,552.7590002755076
TLS,RCOF,agri_potential_carbon,,,mean tonnes carbon per km2,,
TGO,RCOF,agri_potential_carbon,9941.391911899105,140.48093472536695,mean tonnes carbon per km2,381.0,331.2369997358322
TUV,RCOF,agri_potential_carbon,,,mean tonnes carbon per km2,,
UGA,RCOF,agri_potential_carbon,9523.805339260729,122.90841436081253,mean tonnes carbon per km2,993.0,2551.0249986491353
URY,RCOF,agri_potential_carbon,,,mean tonnes carbon per km2,,
UZB,RCOF,agri_potential_carbon,,,mean tonnes carbon per km2,,
VUT,RCOF,agri_potential_carbon,7653.557793150144,946.7331630273756,mean tonnes carbon per km2,23.0,0.09700000070035458
VAT,RCOF,agri_potential_carbon,,,mean tonnes carbon per km2,,
VEN,RCOF,agri_potential_carbon,,,mean tonnes carbon per km2,,
VNM,RCOF,agri_potential_carbon,11326.428848273066,213.38239415051203,mean tonnes carbon per km2,1157.0,4971.104014581069
ZMB,RCOF,agri_potential_carbon,9853.509412957117,450.53014720317424,mean tonnes carbon per km2,5.0,0.33099999427795407
ZWE,RCOF,agri_potential_carbon,,,mean tonnes carbon per km2,,
YEM,RCOF,agri_potential_carbon,,,mean tonnes carbon per km2,,
UKR,RCOF,agri_potential_carbon,,,mean tonnes carbon per km2,,
BHR,RCOF,agri_potential_carbon,,,mean tonnes carbon per km2,,
KWT,RCOF,agri_potential_carbon,,,mean tonnes carbon per km2,,
QAT,RCOF,agri_potential_carbon,,,mean tonnes carbon per km2,,
ARE,RCOF,agri_potential_carbon,,,mean tonnes carbon per km2,,
TUR,RCOF,agri_potential_carbon,,,mean tonnes carbon per km2,,
ISR,RCOF,agri_potential_carbon,,,mean tonnes carbon per km2,,
BGD,RCOF,agri_potential_carbon,12963.379937460206,0.0,mean tonnes carbon per km2,1.0,0.19100000381469726
MMR,RCOF,agri_potential_carbon,10021.81742934679,284.80043190261364,mean tonnes carbon per km2,1407.0,28.447000065147876
IND,RCOF,agri_potential_carbon,6460.886267456879,115.77872127080758,mean tonnes carbon per km2,1589.0,2017.2199981036038
BEN,RCOF,agri_potential_carbon,10758.4135839597,471.68773707292405,mean tonnes carbon per km2,29.0,3.371000018641353
NER,RCOF,agri_potential_carbon,490.6963978904154,443.3190951477217,mean tonnes carbon per km2,9.0,0.22300000205636025
NGA,RCOF,agri_potential_carbon,6106.632062987433,211.31121920566193,mean tonnes carbon per km2,4195.0,17.745000194460154
111,RCOF,agri_potential_carbon,,,mean tonnes carbon per km2,,
112,RCOF,agri_potential_carbon,,,mean tonnes carbon per km2,,
113,RCOF,agri_potential_carbon,,,mean tonnes carbon per km2,,
114,RCOF,agri_potential_carbon,,,mean tonnes carbon per km2,,
115,RCOF,agri_potential_carbon,,,mean tonnes carbon per km2,,
116,RCOF,agri_potential_carbon,,,mean tonnes carbon per km2,,
117,RCOF,agri_potential_carbon,,,mean tonnes carbon per km2,,
118,RCOF,agri_potential_carbon,,,mean tonnes carbon per km2,,
119,RCOF,agri_potential_carbon,,,mean tonnes carbon per km2,,
120,RCOF,agri_potential_carbon,,,mean tonnes carbon per km2,,
121,RCOF,agri_potential_carbon,,,mean tonnes carbon per km2,,
122,RCOF,agri_potential_carbon,,,mean tonnes carbon per km2,,
123,RCOF,agri_potential_carbon,,,mean tonnes carbon per km2,,
124,RCOF,agri_potential_carbon,,,mean tonnes carbon per km2,,
125,RCOF,agri_potential_carbon,,,mean tonnes carbon per km2,,
126,RCOF,agri_potential_carbon,,,mean tonnes carbon per km2,,
127,RCOF,agri_potential_carbon,,,mean tonnes carbon per km2,,
128,RCOF,agri_potential_carbon,,,mean tonnes carbon per km2,,
129,RCOF,agri_potential_carbon,,,mean tonnes carbon per km2,,
ESH,RCOF,agri_potential_carbon,,,mean tonnes carbon per km2,,
AFG,RAPE,agri_potential_carbon,1426.9482918316307,3002.144653522974,mean tonnes carbon per km2,8.0,1.1740000343322752
GBR,RAPE,agri_potential_carbon,18394.252643632994,116.68607684084203,mean tonnes carbon per km2,2787.0,6378.365006999373
ALB,RAPE,agri_potential_carbon,3853.3115406479405,0.0,mean tonnes carbon per km2,1.0,0.020999999046325685
DZA,RAPE,agri_potential_carbon,3795.4753360198756,69.01774776248496,mean tonnes carbon per km2,2229.0,130.30900000289083
USA,RAPE,agri_potential_carbon,5823.188892965206,131.24526173004782,mean tonnes carbon per km2,13002.0,4553.680998482779
ATA,RAPE,agri_potential_carbon,,,mean tonnes carbon per km2,,
ATG,RAPE,agri_potential_carbon,,,mean tonnes carbon per km2,,
ARG,RAPE,agri_potential_carbon,2954.8437456399124,37.030173676922175,mean tonnes carbon per km2,5293.0,272.54100036762657
AND,RAPE,agri_potential_carbon,,,mean tonnes carbon per km2,,
AGO,RAPE,agri_potential_carbon,,,mean tonnes carbon per km2,,
ARM,RAPE,agri_potential_carbon,,,mean tonnes carbon per km2,,
NLD,RAPE,agri_potential_carbon,11499.850470835932,299.18331001357103,mean tonnes carbon per km2,466.0,25.268999949097633
AUS,RAPE,agri_potential_carbon,3966.851949065762,35.111470706032954,mean tonnes carbon per km2,13884.0,18259.431003363952
AUT,RAPE,agri_potential_carbon,12607.23380998851,193.52681074890003,mean tonnes carbon per km2,747.0,559.1189994554222
AZE,RAPE,agri_potential_carbon,990.5855583461546,156.22802315299975,mean tonnes carbon per km2,2.0,0.6359999847412109
BHS,RAPE,agri_potential_carbon,,,mean tonnes carbon per km2,,
BRB,RAPE,agri_potential_carbon,,,mean tonnes carbon per km2,,
BLR,RAPE,agri_potential_carbon,14191.04781954304,83.94974869648232,mean tonnes carbon per km2,3870.0,3138.136999808922
BEL,RAPE,agri_potential_carbon,13797.037644865304,224.27134649221713,mean tonnes carbon per km2,386.0,111.4890001986921
BLZ,RAPE,agri_potential_carbon,,,mean tonnes carbon per km2,,
BTN,RAPE,agri_potential_carbon,6367.383694403059,1015.9958786253395,mean tonnes carbon per km2,84.0,10.121000000163912
BOL,RAPE,agri_potential_carbon,,,mean tonnes carbon per km2,,
BIH,RAPE,agri_potential_carbon,8719.385454050642,192.11185370187056,mean tonnes carbon per km2,618.0,7.567000024244189
BWA,RAPE,agri_potential_carbon,,,mean tonnes carbon per km2,,
NOR,RAPE,agri_potential_carbon,8903.696219270776,620.0522226874172,mean tonnes carbon per km2,559.0,49.8480000527203
COL,RAPE,agri_potential_carbon,,,mean tonnes carbon per km2,,
COM,RAPE,agri_potential_carbon,,,mean tonnes carbon per km2,,
BRA,RAPE,agri_potential_carbon,4713.221671771487,110.38440921209455,mean tonnes carbon per km2,13322.0,395.433999402076
FRA,RAPE,agri_potential_carbon,12376.040380842489,49.29900042322416,mean tonnes carbon per km2,8659.0,15045.17999550514
COD,RAPE,agri_potential_carbon,,,mean tonnes carbon per km2,,
COG,RAPE,agri_potential_carbon,,,mean tonnes carbon per km2,,
NZL,RAPE,agri_potential_carbon,7369.896521513902,196.3661166926332,mean tonnes carbon per km2,139.0,16.06099999047816
BRN,RAPE,agri_potential_carbon,,,mean tonnes carbon per km2,,
BGR,RAPE,agri_potential_carbon,5825.441987508351,74.21061946162878,mean tonnes carbon per km2,1608.0,1854.0580003935843
BFA,RAPE,agri_potential_carbon,,,mean tonnes carbon per km2,,
BDI,RAPE,agri_potential_carbon,,,mean tonnes carbon per km2,,
CPV,RAPE,agri_potential_carbon,,,mean tonnes carbon per km2,,
KHM,RAPE,agri_potential_carbon,,,mean tonnes carbon per km2,,
CMR,RAPE,agri_potential_carbon,,,mean tonnes carbon per km2,,
CAN,RAPE,agri_potential_carbon,4311.793393655631,38.24129969166852,mean tonnes carbon per km2,13243.0,71088.49499951668
CRI,RAPE,agri_potential_carbon,,,mean tonnes carbon per km2,,
CIV,RAPE,agri_potential_carbon,,,mean tonnes carbon per km2,,
HRV,RAPE,agri_potential_carbon,9208.111872532612,151.51033411234766,mean tonnes carbon per km2,711.0,211.17300002261996
CUB,RAPE,agri_potential_carbon,,,mean tonnes carbon per km2,,
CAF,RAPE,agri_potential_carbon,,,mean tonnes carbon per km2,,
TCD,RAPE,agri_potential_carbon,,,mean tonnes carbon per km2,,
CHL,RAPE,agri_potential_carbon,4186.217508166585,153.68189857126794,mean tonnes carbon per km2,820.0,177.40999977968633
CHN,RAPE,agri_potential_carbon,8004.783198157078,41.34969617677146,mean tonnes carbon per km2,37846.0,73322.84498235905
CYP,RAPE,agri_potential_carbon,,,mean tonnes carbon per km2,,
CZE,RAPE,agri_potential_carbon,13737.769782673893,132.69225418404034,mean tonnes carbon per km2,1173.0,3945.62799672462
DNK,RAPE,agri_potential_carbon,15202.781067564896,148.23662831687656,mean tonnes carbon per km2,849.0,1564.6389996159078
DJI,RAPE,agri_potential_carbon,,,mean tonnes carbon per km2,,
DMA,RAPE,agri_potential_carbon,,,mean tonnes carbon per km2,,
DOM,RAPE,agri_potential_carbon,,,mean tonnes carbon per km2,,
ECU,RAPE,agri_potential_carbon,,,mean tonnes carbon per km2,,
EGY,RAPE,agri_potential_carbon,,,mean tonnes carbon per km2,,
SLV,RAPE,agri_potential_carbon,,,mean tonnes carbon per km2,,
GNQ,RAPE,agri_potential_carbon,,,mean tonnes carbon per km2,,
ERI,RAPE,agri_potential_carbon,1352.4796974724493,0.0,mean tonnes carbon per km2,1.0,0.004000000059604645
EST,RAPE,agri_potential_carbon,13188.365465915933,193.077939487296,mean tonnes carbon per km2,849.0,898.4079993999005
ETH,RAPE,agri_potential_carbon,9663.153772141482,114.24810646579354,mean tonnes carbon per km2,3924.0,308.4950000488758
FJI,RAPE,agri_potential_carbon,,,mean tonnes carbon per km2,,
FIN,RAPE,agri_potential_carbon,14895.379427623942,265.02901019022863,mean tonnes carbon per km2,1927.0,1087.3530013804138
GAB,RAPE,agri_potential_carbon,,,mean tonnes carbon per km2,,
GMB,RAPE,agri_potential_carbon,,,mean tonnes carbon per km2,,
MAR,RAPE,agri_potential_carbon,5148.292726534625,87.06578937761446,mean tonnes carbon per km2,58.0,9.997999958097935
MOZ,RAPE,agri_potential_carbon,,,mean tonnes carbon per km2,,
NAM,RAPE,agri_potential_carbon,,,mean tonnes carbon per km2,,
GEO,RAPE,agri_potential_carbon,,,mean tonnes carbon per km2,,
DEU,RAPE,agri_potential_carbon,14326.599777951837,58.26684901417675,mean tonnes carbon per km2,5704.0,14267.711006679163
GHA,RAPE,agri_potential_carbon,,,mean tonnes carbon per km2,,
GRC,RAPE,agri_potential_carbon,4564.917477098168,113.39881922651932,mean tonnes carbon per km2,500.0,56.31300018444657
GRL,RAPE,agri_potential_carbon,,,mean tonnes carbon per km2,,
GRD,RAPE,agri_potential_carbon,,,mean tonnes carbon per km2,,
NRU,RAPE,agri_potential_carbon,,,mean tonnes carbon per km2,,
GTM,RAPE,agri_potential_carbon,,,mean tonnes carbon per km2,,
NPL,RAPE,agri_potential_carbon,8888.2580496465,205.2121205505407,mean tonnes carbon per km2,1029.0,1914.2300039249658
GIN,RAPE,agri_potential_carbon,,,mean tonnes carbon per km2,,
GNB,RAPE,agri_potential_carbon,,,mean tonnes carbon per km2,,
GUY,RAPE,agri_potential_carbon,,,mean tonnes carbon per km2,,
HTI,RAPE,agri_potential_carbon,,,mean tonnes carbon per km2,,
JOR,RAPE,agri_potential_carbon,,,mean tonnes carbon per km2,,
HND,RAPE,agri_potential_carbon,,,mean tonnes carbon per km2,,
HUN,RAPE,agri_potential_carbon,7563.621269153433,88.20563168481004,mean tonnes carbon per km2,1337.0,2563.7690004610267
ISL,RAPE,agri_potential_carbon,,,mean tonnes carbon per km2,,
IDN,RAPE,agri_potential_carbon,,,mean tonnes carbon per km2,,
IRN,RAPE,agri_potential_carbon,679.4280503377142,31.34085223990784,mean tonnes carbon per km2,6407.0,1697.1370007357002
IRQ,RAPE,agri_potential_carbon,2066.9602953761805,515.2907615255872,mean tonnes carbon per km2,2.0,0.115
IRL,RAPE,agri_potential_carbon,12760.192450257877,212.7704838644947,mean tonnes carbon per km2,1210.0,88.96299994267524
KAZ,RAPE,agri_potential_carbon,5139.5694522660215,21.47236869830177,mean tonnes carbon per km2,18522.0,2298.730000216961
KEN,RAPE,agri_potential_carbon,,,mean tonnes carbon per km2,,
KIR,RAPE,agri_potential_carbon,,,mean tonnes carbon per km2,,
PRK,RAPE,agri_potential_carbon,,,mean tonnes carbon per km2,,
KOR,RAPE,agri_potential_carbon,7968.551700122745,147.8616607226847,mean tonnes carbon per km2,795.0,14.075000010654332
XKX,RAPE,agri_potential_carbon,11186.915381020906,0.0,mean tonnes carbon per km2,1.0,0.0020000000298023225
SRB,RAPE,agri_potential_carbon,4273.735144452369,113.25904684087246,mean tonnes carbon per km2,1029.0,179.1399996956438
SYC,RAPE,agri_potential_carbon,,,mean tonnes carbon per km2,,
SLE,RAPE,agri_potential_carbon,,,mean tonnes carbon per km2,,
SGP,RAPE,agri_potential_carbon,,,mean tonnes carbon per km2,,
ITA,RAPE,agri_potential_carbon,7950.402324929887,86.88925791072727,mean tonnes carbon per km2,2721.0,142.01300006218253
JAM,RAPE,agri_potential_carbon,,,mean tonnes carbon per km2,,
JPN,RAPE,agri_potential_carbon,9339.116770211764,162.4116082288359,mean tonnes carbon per km2,2000.0,12.390000074356795
KGZ,RAPE,agri_potential_carbon,2559.5159472875594,76.03357197542772,mean tonnes carbon per km2,577.0,4.0060000070184465
LAO,RAPE,agri_potential_carbon,10455.172413793101,0.0,mean tonnes carbon per km2,1.0,3.4679998779296874
LVA,RAPE,agri_potential_carbon,13361.826671068142,173.30785430178483,mean tonnes carbon per km2,1263.0,1082.8530007199943
LBN,RAPE,agri_potential_carbon,,,mean tonnes carbon per km2,,
LSO,RAPE,agri_potential_carbon,,,mean tonnes carbon per km2,,
LBR,RAPE,agri_potential_carbon,,,mean tonnes carbon per km2,,
LBY,RAPE,agri_potential_carbon,,,mean tonnes carbon per km2,,
LIE,RAPE,agri_potential_carbon,,,mean tonnes carbon per km2,,
LTU,RAPE,agri_potential_carbon,13516.555093861773,176.37194632861295,mean tonnes carbon per km2,1264.0,2326.6730023780465
LUX,RAPE,agri_potential_carbon,14737.249214279795,333.3548583953751,mean tonnes carbon per km2,46.0,45.20800019264221
MCO,RAPE,agri_potential_carbon,,,mean tonnes carbon per km2,,
MNG,RAPE,agri_potential_carbon,2390.298937165997,93.63752153727431,mean tonnes carbon per km2,2516.0,52.669000029042365
MNE,RAPE,agri_potential_carbon,8837.589443061406,430.32618816394773,mean tonnes carbon per km2,4.0,0.1669999972730875
MKD,RAPE,agri_potential_carbon,4831.575063913233,566.5760155640343,mean tonnes carbon per km2,240.0,12.861000017598272
MDG,RAPE,agri_potential_carbon,,,mean tonnes carbon per km2,,
MWI,RAPE,agri_potential_carbon,,,mean tonnes carbon per km2,,
MYS,RAPE,agri_potential_carbon,,,mean tonnes carbon per km2,,
MDV,RAPE,agri_potential_carbon,,,mean tonnes carbon per km2,,
MLI,RAPE,agri_potential_carbon,,,mean tonnes carbon per km2,,
MLT,RAPE,agri_potential_carbon,,,mean tonnes carbon per km2,,
MHL,RAPE,agri_potential_carbon,,,mean tonnes carbon per km2,,
MRT,RAPE,agri_potential_carbon,,,mean tonnes carbon per km2,,
MUS,RAPE,agri_potential_carbon,,,mean tonnes carbon per km2,,
MEX,RAPE,agri_potential_carbon,2020.583231542057,292.0611693480674,mean tonnes carbon per km2,92.0,43.53399990200997
FSM,RAPE,agri_potential_carbon,,,mean tonnes carbon per km2,,
MDA,RAPE,agri_potential_carbon,5152.574773013329,172.33879838608624,mean tonnes carbon per km2,531.0,452.7120001924038
NIC,RAPE,agri_potential_carbon,,,mean tonnes carbon per km2,,
OMN,RAPE,agri_potential_carbon,,,mean tonnes carbon per km2,,
PAK,RAPE,agri_potential_carbon,1101.568862406126,57.12267496797605,mean tonnes carbon per km2,2890.0,2758.524999081269
PLW,RAPE,agri_potential_carbon,,,mean tonnes carbon per km2,,
PAN,RAPE,agri_potential_carbon,,,mean tonnes carbon per km2,,
PNG,RAPE,agri_potential_carbon,,,mean tonnes carbon per km2,,
PRY,RAPE,agri_potential_carbon,5708.818629637566,78.83312758518348,mean tonnes carbon per km2,2942.0,540.8069996066391
PER,RAPE,agri_potential_carbon,,,mean tonnes carbon per km2,,
PHL,RAPE,agri_potential_carbon,,,mean tonnes carbon per km2,,
POL,RAPE,agri_potential_carbon,14285.613669769671,68.64953930279256,mean tonnes carbon per km2,5681.0,8615.250010115058
PRT,RAPE,agri_potential_carbon,7152.441478721868,1390.0881712542298,mean tonnes carbon per km2,2.0,0.003000000044703484
ROU,RAPE,agri_potential_carbon,4578.339666284786,95.81824723384858,mean tonnes carbon per km2,3324.0,4552.103998443261
RUS,RAPE,agri_potential_carbon,7973.082599447753,27.074577289937185,mean tonnes carbon per km2,46956.0,7639.9280023041365
RWA,RAPE,agri_potential_carbon,,,mean tonnes carbon per km2,,
WSM,RAPE,agri_potential_carbon,,,mean tonnes carbon per km2,,
SMR,RAPE,agri_potential_carbon,,,mean tonnes carbon per km2,,
TON,RAPE,agri_potential_carbon,,,mean tonnes carbon per km2,,
TTO,RAPE,agri_potential_carbon,,,mean tonnes carbon per km2,,
TUN,RAPE,agri_potential_carbon,1362.0968126603461,302.62534632010403,mean tonnes carbon per km2,1015.0,44.694999927580355
TKM,RAPE,agri_potential_carbon,120.0758868730508,496.1926631378419,mean tonnes carbon per km2,3.0,0.8870000305771828
STP,RAPE,agri_potential_carbon,,,mean tonnes carbon per km2,,
SAU,RAPE,agri_potential_carbon,,,mean tonnes carbon per km2,,
SEN,RAPE,agri_potential_carbon,,,mean tonnes carbon per km2,,
SVK,RAPE,agri_potential_carbon,9736.827711907976,152.5773333910088,mean tonnes carbon per km2,764.0,1613.465996776074
SVN,RAPE,agri_potential_carbon,12010.548201056357,324.95138287498037,mean tonnes carbon per km2,240.0,50.67899993620813
SLB,RAPE,agri_potential_carbon,,,mean tonnes carbon per km2,,
SOM,RAPE,agri_potential_carbon,,,mean tonnes carbon per km2,,
ZAF,RAPE,agri_potential_carbon,5332.2162048866285,164.99825808104012,mean tonnes carbon per km2,502.0,377.42599936947227
SSD,RAPE,agri_potential_carbon,,,mean tonnes carbon per km2,,
ESP,RAPE,agri_potential_carbon,7485.885623167825,66.84106464616862,mean tonnes carbon per km2,5309.0,244.93700006023045
LKA,RAPE,agri_potential_carbon,8466.01559623659,449.19850228363407,mean tonnes carbon per km2,220.0,3.1569999981671573
KNA,RAPE,agri_potential_carbon,,,mean tonnes carbon per km2,,
LCA,RAPE,agri_potential_carbon,,,mean tonnes carbon per km2,,
VCT,RAPE,agri_potential_carbon,,,mean tonnes carbon per km2,,
SDN,RAPE,agri_potential_carbon,,,mean tonnes carbon per km2,,
SUR,RAPE,agri_potential_carbon,,,mean tonnes carbon per km2,,
SWZ,RAPE,agri_potential_carbon,,,mean tonnes carbon per km2,,
SWE,RAPE,agri_potential_carbon,15291.565566929417,216.41506950035895,mean tonnes carbon per km2,2899.0,991.5749993550778
CHE,RAPE,agri_potential_carbon,12790.582968566821,219.6973541166233,mean tonnes carbon per km2,333.0,214.99100086443124
SYR,RAPE,agri_potential_carbon,,,mean tonnes carbon per km2,,
TWN,RAPE,agri_potential_carbon,17068.684763704092,944.7187679611205,mean tonnes carbon per km2,53.0,0.09900000229477884
TJK,RAPE,agri_potential_carbon,2024.3412920027174,118.81288551141652,mean tonnes carbon per km2,418.0,4.84500000141561
TZA,RAPE,agri_potential_carbon,,,mean tonnes carbon per km2,,
THA,RAPE,agri_potential_carbon,8872.34184319123,0.0,mean tonnes carbon per km2,1.0,3.778999938964844
TLS,RAPE,agri_potential_carbon,,,mean tonnes carbon per km2,,
TGO,RAPE,agri_potential_carbon,,,mean tonnes carbon per km2,,
TUV,RAPE,agri_potential_carbon,,,mean tonnes carbon per km2,,
UGA,RAPE,agri_potential_carbon,,,mean tonnes carbon per km2,,
URY,RAPE,agri_potential_carbon,3330.952505388551,83.01083990259197,mean tonnes carbon per km2,1012.0,56.57100002571941
UZB,RAPE,agri_potential_carbon,1249.0018894329403,28.803058734804196,mean tonnes carbon per km2,863.0,18.101000038906932
VUT,RAPE,agri_potential_carbon,,,mean tonnes carbon per km2,,
VAT,RAPE,agri_potential_carbon,,,mean tonnes carbon per km2,,
VEN,RAPE,agri_potential_carbon,,,mean tonnes carbon per km2,,
VNM,RAPE,agri_potential_carbon,,,mean tonnes carbon per km2,,
ZMB,RAPE,agri_potential_carbon,,,mean tonnes carbon per km2,,
ZWE,RAPE,agri_potential_carbon,,,mean tonnes carbon per km2,,
YEM,RAPE,agri_potential_carbon,,,mean tonnes carbon per km2,,
UKR,RAPE,agri_potential_carbon,7820.001576118921,57.534756236574935,mean tonnes carbon per km2,10337.0,10109.880999891311
BHR,RAPE,agri_potential_carbon,,,mean tonnes carbon per km2,,
KWT,RAPE,agri_potential_carbon,,,mean tonnes carbon per km2,,
QAT,RAPE,agri_potential_carbon,,,mean tonnes carbon per km2,,
ARE,RAPE,agri_potential_carbon,,,mean tonnes carbon per km2,,
TUR,RAPE,agri_potential_carbon,5116.520673517559,132.87710222358479,mean tonnes carbon per km2,1244.0,302.62500007689
ISR,RAPE,agri_potential_carbon,,,mean tonnes carbon per km2,,
BGD,RAPE,agri_potential_carbon,9117.546714131133,185.4595221296812,mean tonnes carbon per km2,568.0,2485.5369991214575
MMR,RAPE,agri_potential_carbon,10366.847771518613,171.16187633628547,mean tonnes carbon per km2,1507.0,860.6349987240881
IND,RAPE,agri_potential_carbon,2613.1030180461103,55.9671918459635,mean tonnes carbon per km2,23340.0,58414.98300976693
BEN,RAPE,agri_potential_carbon,,,mean tonnes carbon per km2,,
NER,RAPE,agri_potential_carbon,,,mean tonnes carbon per km2,,
NGA,RAPE,agri_potential_carbon,,,mean tonnes carbon per km2,,
111,RAPE,agri_potential_carbon,,,mean tonnes carbon per km2,,
112,RAPE,agri_potential_carbon,,,mean tonnes carbon per km2,,
113,RAPE,agri_potential_carbon,,,mean tonnes carbon per km2,,
114,RAPE,agri_potential_carbon,,,mean tonnes carbon per km2,,
115,RAPE,agri_potential_carbon,,,mean tonnes carbon per km2,,
116,RAPE,agri_potential_carbon,,,mean tonnes carbon per km2,,
117,RAPE,agri_potential_carbon,,,mean tonnes carbon per km2,,
118,RAPE,agri_potential_carbon,,,mean tonnes carbon per km2,,
119,RAPE,agri_potential_carbon,,,mean tonnes carbon per km2,,
120,RAPE,agri_potential_carbon,,,mean tonnes carbon per km2,,
121,RAPE,agri_potential_carbon,,,mean tonnes carbon per km2,,
122,RAPE,agri_potential_carbon,,,mean tonnes carbon per km2,,
123,RAPE,agri_potential_carbon,,,mean tonnes carbon per km2,,
124,RAPE,agri_potential_carbon,,,mean tonnes carbon per km2,,
125,RAPE,agri_potential_carbon,,,mean tonnes carbon per km2,,
126,RAPE,agri_potential_carbon,,,mean tonnes carbon per km2,,
127,RAPE,agri_potential_carbon,,,mean tonnes carbon per km2,,
128,RAPE,agri_potential_carbon,,,mean tonnes carbon per km2,,
129,RAPE,agri_potential_carbon,,,mean tonnes carbon per km2,,
ESH,RAPE,agri_potential_carbon,,,mean tonnes carbon per km2,,
AFG,TROF,agri_potential_carbon,842.5531130248921,57.38989463619408,mean tonnes carbon per km2,4071.0,582.247999413833
GBR,TROF,agri_potential_carbon,11200.0,0.0,mean tonnes carbon per km2,1.0,0.08
ALB,TROF,agri_potential_carbon,6896.4201088445825,128.53253570970855,mean tonnes carbon per km2,422.0,111.67000022053716
DZA,TROF,agri_potential_carbon,3601.866887473356,199.0606582489353,mean tonnes carbon per km2,2722.0,3202.7689911597963
USA,TROF,agri_potential_carbon,5289.944005519785,87.82689143477478,mean tonnes carbon per km2,19418.0,4241.055005341247
ATA,TROF,agri_potential_carbon,,,mean tonnes carbon per km2,,
ATG,TROF,agri_potential_carbon,11307.753519220496,699.5551867003732,mean tonnes carbon per km2,6.0,12.92299997329712
ARG,TROF,agri_potential_carbon,5291.853330527649,133.69917471821125,mean tonnes carbon per km2,6118.0,1557.7680009001492
AND,TROF,agri_potential_carbon,5533.113716540317,0.0,mean tonnes carbon per km2,1.0,0.07800000190734863
AGO,TROF,agri_potential_carbon,6764.97785356892,126.01331878921741,mean tonnes carbon per km2,5767.0,354.61600059650834
ARM,TROF,agri_potential_carbon,2285.7636949974412,437.4528096719114,mean tonnes carbon per km2,175.0,58.65200022377073
NLD,TROF,agri_potential_carbon,8859.373338187535,858.3931678490193,mean tonnes carbon per km2,11.0,0.23299999870359897
AUS,TROF,agri_potential_carbon,7041.987951089269,245.1791504245068,mean tonnes carbon per km2,7456.0,525.0830010341853
AUT,TROF,agri_potential_carbon,8651.740156875028,1129.90051397224,mean tonnes carbon per km2,5.0,0.7989999876171351
AZE,TROF,agri_potential_carbon,2696.896801977977,141.68564085381007,mean tonnes carbon per km2,969.0,430.49599994122985
BHS,TROF,agri_potential_carbon,7182.544096141999,5708.345077153834,mean tonnes carbon per km2,8.0,15.03499973297119
BRB,TROF,agri_potential_carbon,12468.514608469288,894.7991351474699,mean tonnes carbon per km2,6.0,3.2889999961853027
BLR,TROF,agri_potential_carbon,13455.47015172254,1356.001640534936,mean tonnes carbon per km2,9.0,0.11100000157952308
BEL,TROF,agri_potential_carbon,14720.23987655235,181.20743351528174,mean tonnes carbon per km2,3.0,0.05499999955296516
BLZ,TROF,agri_potential_carbon,7100.35867772774,734.2666907113577,mean tonnes carbon per km2,35.0,153.85200098395347
BTN,TROF,agri_potential_carbon,11137.331820175166,1562.1419844996503,mean tonnes carbon per km2,24.0,48.28699965238572
BOL,TROF,agri_potential_carbon,4510.4125706263,219.57667137428083,mean tonnes carbon per km2,3422.0,456.14999944165345
BIH,TROF,agri_potential_carbon,8556.87001124434,113.54910005258293,mean tonnes carbon per km2,656.0,17.15899999052286
BWA,TROF,agri_potential_carbon,3551.7100386247434,330.1243143283872,mean tonnes carbon per km2,23.0,1.1559999971836807
NOR,TROF,agri_potential_carbon,,,mean tonnes carbon per km2,,
COL,TROF,agri_potential_carbon,9665.548532923654,241.31635786608052,mean tonnes carbon per km2,3442.0,1648.1520012301953
COM,TROF,agri_potential_carbon,,,mean tonnes carbon per km2,,
BRA,TROF,agri_potential_carbon,5714.281872643138,99.64782394603867,mean tonnes carbon per km2,41054.0,17795.477000815794
FRA,TROF,agri_potential_carbon,11030.517958741064,111.92902992710287,mean tonnes carbon per km2,8494.0,231.79099987789988
COD,TROF,agri_potential_carbon,11808.578405419146,77.64291864172874,mean tonnes carbon per km2,9506.0,531.6420000815392
COG,TROF,agri_potential_carbon,11682.057706128042,396.8444371182854,mean tonnes carbon per km2,598.0,31.432999982237813
NZL,TROF,agri_potential_carbon,7436.80643620923,138.65323213439498,mean tonnes carbon per km2,787.0,60.01800002872944
BRN,TROF,agri_potential_carbon,14346.903267129894,853.578113968137,mean tonnes carbon per km2,38.0,2.0480000229179858
BGR,TROF,agri_potential_carbon,6058.693319120461,60.67727035072107,mean tonnes carbon per km2,1284.0,50.92800006143749
BFA,TROF,agri_potential_carbon,5424.5365474838445,72.09603569099632,mean tonnes carbon per km2,896.0,36.07099999047816
BDI,TROF,agri_potential_carbon,11232.819593823795,1075.005767881921,mean tonnes carbon per km2,2.0,0.4399999809265137
CPV,TROF,agri_potential_carbon,3800.022328338302,579.9165533918768,mean tonnes carbon per km2,35.0,1.6100000059604647
KHM,TROF,agri_potential_carbon,13216.575736585834,282.7224438962724,mean tonnes carbon per km2,1420.0,204.77600108757616
CMR,TROF,agri_potential_carbon,10252.242279970038,741.109943294083,mean tonnes carbon per km2,402.0,217.34300044834617
CAN,TROF,agri_potential_carbon,8680.232797837874,142.23003203314087,mean tonnes carbon per km2,2923.0,10.488000113666057
CRI,TROF,agri_potential_carbon,11089.278412338845,315.04582665864126,mean tonnes carbon per km2,367.0,910.5899990433454
CIV,TROF,agri_potential_carbon,15541.693904406053,115.15240275053594,mean tonnes carbon per km2,2603.0,1329.9790016996117
HRV,TROF,agri_potential_carbon,8707.458310842498,98.58264241470283,mean tonnes carbon per km2,803.0,39.02600000225007
CUB,TROF,agri_potential_carbon,13114.162374357897,211.74287524678405,mean tonnes carbon per km2,1108.0,1077.5379987636209
CAF,TROF,agri_potential_carbon,8355.39593934308,200.0018017741405,mean tonnes carbon per km2,1125.0,58.00700000725686
TCD,TROF,agri_potential_carbon,5397.373471237526,75.70235761080681,mean tonnes carbon per km2,216.0,108.8279997882992
CHL,TROF,agri_potential_carbon,2293.949725706429,150.89103328097542,mean tonnes carbon per km2,1195.0,583.2170015423744
CHN,TROF,agri_potential_carbon,9224.348216353905,52.52460268785487,mean tonnes carbon per km2,24080.0,62824.94701193653
CYP,TROF,agri_potential_carbon,3425.374739805989,331.0816390558278,mean tonnes carbon per km2,68.0,41.989999839067465
CZE,TROF,agri_potential_carbon,11507.548362959173,0.0,mean tonnes carbon per km2,1.0,0.0030000001192092896
DNK,TROF,agri_potential_carbon,,,mean tonnes carbon per km2,,
DJI,TROF,agri_potential_carbon,,,mean tonnes carbon per km2,,
DMA,TROF,agri_potential_carbon,7505.186529111721,596.4016707687085,mean tonnes carbon per km2,9.0,42.86100036621094
DOM,TROF,agri_potential_carbon,10906.097918217001,239.6643808257355,mean tonnes carbon per km2,448.0,448.4449993315339
ECU,TROF,agri_potential_carbon,10525.065683830784,307.6707613125597,mean tonnes carbon per km2,717.0,749.7570019830764
EGY,TROF,agri_potential_carbon,2148.061508144192,90.77287218226141,mean tonnes carbon per km2,1622.0,3881.2120009467003
SLV,TROF,agri_potential_carbon,10238.174522437519,148.48137253174997,mean tonnes carbon per km2,187.0,248.31799996376037
GNQ,TROF,agri_potential_carbon,,,mean tonnes carbon per km2,,
ERI,TROF,agri_potential_carbon,1461.0645180615375,63.9443940429739,mean tonnes carbon per km2,2.0,0.07299999952316284
EST,TROF,agri_potential_carbon,,,mean tonnes carbon per km2,,
ETH,TROF,agri_potential_carbon,7442.206336389223,141.9983574975732,mean tonnes carbon per km2,3625.0,262.5630002501607
FJI,TROF,agri_potential_carbon,12434.620913880164,777.892304731652,mean tonnes carbon per km2,32.0,8.316999997794628
FIN,TROF,agri_potential_carbon,,,mean tonnes carbon per km2,,
GAB,TROF,agri_potential_carbon,12874.74054391262,687.0111001790304,mean tonnes carbon per km2,179.0,0.7300000096857548
GMB,TROF,agri_potential_carbon,7779.246461672277,261.1149051203474,mean tonnes carbon per km2,125.0,1.8660000056028365
MAR,TROF,agri_potential_carbon,2072.348731648183,193.6809360332743,mean tonnes carbon per km2,1605.0,2352.033997280821
MOZ,TROF,agri_potential_carbon,7463.09964961962,54.226838854081954,mean tonnes carbon per km2,2947.0,275.25800023064016
NAM,TROF,agri_potential_carbon,2000.0291582630473,192.7504642686253,mean tonnes carbon per km2,1474.0,7.041000042706728
GEO,TROF,agri_potential_carbon,8159.079164720391,515.9162278317077,mean tonnes carbon per km2,472.0,184.7120005325973
DEU,TROF,agri_potential_carbon,12971.296592367738,1818.3320848002234,mean tonnes carbon per km2,4.0,0.11499999821186066
GHA,TROF,agri_potential_carbon,15829.968302305997,648.0506989080372,mean tonnes carbon per km2,776.0,319.0480003865063
GRC,TROF,agri_potential_carbon,6259.943703082603,220.86248557148522,mean tonnes carbon per km2,1514.0,732.659999788031
GRL,TROF,agri_potential_carbon,,,mean tonnes carbon per km2,,
GRD,TROF,agri_potential_carbon,14493.912156004964,581.5285627285767,mean tonnes carbon per km2,5.0,10.169000091552734
NRU,TROF,agri_potential_carbon,,,mean tonnes carbon per km2,,
GTM,TROF,agri_potential_carbon,8946.257402112276,236.77636888011406,mean tonnes carbon per km2,798.0,879.0120023727417
NPL,TROF,agri_potential_carbon,8466.0630824822,286.2268642412663,mean tonnes carbon per km2,440.0,445.15900010570886
GIN,TROF,agri_potential_carbon,10306.231072893914,85.28322344177,mean tonnes carbon per km2,1698.0,1107.2569965211303
GNB,TROF,agri_potential_carbon,12244.563679666015,611.1703090766235,mean tonnes carbon per km2,254.0,22.948999978378417
GUY,TROF,agri_potential_carbon,7954.924936484301,517.714160006643,mean tonnes carbon per km2,279.0,37.9090002271533
HTI,TROF,agri_potential_carbon,10018.613767505405,224.18466698714832,mean tonnes carbon per km2,310.0,952.751000647545
JOR,TROF,agri_potential_carbon,503.5833668144529,146.44930864514956,mean tonnes carbon per km2,246.0,127.82200042374431
HND,TROF,agri_potential_carbon,10752.160095841078,159.3237020725759,mean tonnes carbon per km2,971.0,370.7840000727773
HUN,TROF,agri_potential_carbon,7319.242102243268,81.45627069157825,mean tonnes carbon per km2,1262.0,70.84500037498772
ISL,TROF,agri_potential_carbon,,,mean tonnes carbon per km2,,
IDN,TROF,agri_potential_carbon,11337.626524026793,119.15533353620098,mean tonnes carbon per km2,12585.0,5319.991998889373
IRN,TROF,agri_potential_carbon,384.741183941861,29.90433475265015,mean tonnes carbon per km2,11316.0,5406.903985235542
IRQ,TROF,agri_potential_carbon,720.1668929708846,20.566729439806387,mean tonnes carbon per km2,2205.0,2051.770970811993
IRL,TROF,agri_potential_carbon,,,mean tonnes carbon per km2,,
KAZ,TROF,agri_potential_carbon,4922.637084261282,18.0516230000006,mean tonnes carbon per km2,17160.0,598.9470000620931
KEN,TROF,agri_potential_carbon,7931.344599947431,347.85752560692526,mean tonnes carbon per km2,1580.0,1056.9240015637129
KIR,TROF,agri_potential_carbon,0.0,0.0,mean tonnes carbon per km2,2.0,0.034000000953674316
PRK,TROF,agri_potential_carbon,8861.477269675492,41.17737406110808,mean tonnes carbon per km2,1750.0,148.84599947571752
KOR,TROF,agri_potential_carbon,6794.768465596013,121.26222282811287,mean tonnes carbon per km2,1305.0,693.9609989081323
XKX,TROF,agri_potential_carbon,7975.273108345602,153.5805411370854,mean tonnes carbon per km2,161.0,15.98899999976158
SRB,TROF,agri_potential_carbon,5557.40529348643,78.69271866522443,mean tonnes carbon per km2,1151.0,142.66099999070167
SYC,TROF,agri_potential_carbon,,,mean tonnes carbon per km2,,
SLE,TROF,agri_potential_carbon,15540.74207904394,265.23993815719126,mean tonnes carbon per km2,366.0,128.70499995917083
SGP,TROF,agri_potential_carbon,,,mean tonnes carbon per km2,,
ITA,TROF,agri_potential_carbon,7096.852154066786,68.9489168647649,mean tonnes carbon per km2,4205.0,2033.7779983076452
JAM,TROF,agri_potential_carbon,11197.61540026973,444.56130520878656,mean tonnes carbon per km2,118.0,216.23999971389767
JPN,TROF,agri_potential_carbon,5138.5370416698015,199.03837996615297,mean tonnes carbon per km2,3986.0,847.2759992870688
KGZ,TROF,agri_potential_carbon,2651.3042640933454,38.673772737029644,mean tonnes carbon per km2,1184.0,69.47299995675684
LAO,TROF,agri_potential_carbon,13010.34508075672,175.98385618736816,mean tonnes carbon per km2,1566.0,242.97000022560354
LVA,TROF,agri_potential_carbon,,,mean tonnes carbon per km2,,
LBN,TROF,agri_potential_carbon,6350.970154723257,370.2845789135752,mean tonnes carbon per km2,121.0,160.42399930238722
LSO,TROF,agri_potential_carbon,4730.284851368864,66.0528074092777,mean tonnes carbon per km2,3.0,0.11799999952316284
LBR,TROF,agri_potential_carbon,17189.782009188864,858.7689079398432,mean tonnes carbon per km2,113.0,10.948000019192698
LBY,TROF,agri_potential_carbon,493.30463119115115,54.72853679762842,mean tonnes carbon per km2,1486.0,563.1789995581657
LIE,TROF,agri_potential_carbon,8989.658025070332,0.0,mean tonnes carbon per km2,1.0,0.06
LTU,TROF,agri_potential_carbon,,,mean tonnes carbon per km2,,
LUX,TROF,agri_potential_carbon,,,mean tonnes carbon per km2,,
MCO,TROF,agri_potential_carbon,,,mean tonnes carbon per km2,,
MNG,TROF,agri_potential_carbon,,,mean tonnes carbon per km2,,
MNE,TROF,agri_potential_carbon,7543.95404957047,442.783720575312,mean tonnes carbon per km2,137.0,30.50999987684191
MKD,TROF,agri_potential_carbon,5389.480833444578,237.74925375554872,mean tonnes carbon per km2,199.0,58.34900000214577
MDG,TROF,agri_potential_carbon,11558.82429274199,424.38509848624557,mean tonnes carbon per km2,987.0,1140.9579991974683
MWI,TROF,agri_potential_carbon,6789.765369500449,62.682445726509684,mean tonnes carbon per km2,588.0,74.91999976970256
MYS,TROF,agri_potential_carbon,13813.376751265625,463.30412053341956,mean tonnes carbon per km2,1075.0,621.8570049283653
MDV,TROF,agri_potential_carbon,,,mean tonnes carbon per km2,,
MLI,TROF,agri_potential_carbon,2835.599198327556,54.873745124737546,mean tonnes carbon per km2,3299.0,793.637000323236
MLT,TROF,agri_potential_carbon,8359.032578673094,1112.8212766821082,mean tonnes carbon per km2,6.0,5.165999965667725
MHL,TROF,agri_potential_carbon,,,mean tonnes carbon per km2,,
MRT,TROF,agri_potential_carbon,1809.1719479040412,54.38130667329782,mean tonnes carbon per km2,955.0,86.07800001740455
MUS,TROF,agri_potential_carbon,11817.386352232068,1400.9032903340624,mean tonnes carbon per km2,18.0,2.9449999770522113
MEX,TROF,agri_potential_carbon,6532.401850285995,193.68686156680272,mean tonnes carbon per km2,4911.0,9424.309994204417
FSM,TROF,agri_potential_carbon,,,mean tonnes carbon per km2,,
MDA,TROF,agri_potential_carbon,5914.340960735557,89.49276720316696,mean tonnes carbon per km2,531.0,96.79799990415573
NIC,TROF,agri_potential_carbon,9995.038279570426,349.8925525846565,mean tonnes carbon per km2,1003.0,247.5649999921024
OMN,TROF,agri_potential_carbon,114.22185561315636,43.219490107657435,mean tonnes carbon per km2,395.0,335.74099849544467
PAK,TROF,agri_potential_carbon,1278.1356518980206,51.91942320001106,mean tonnes carbon per km2,4067.0,5677.6870018917325
PLW,TROF,agri_potential_carbon,,,mean tonnes carbon per km2,,
PAN,TROF,agri_potential_carbon,11494.26524076868,354.6319451822007,mean tonnes carbon per km2,410.0,169.22400044210252
PNG,TROF,agri_potential_carbon,8352.028221959607,330.3315361995329,mean tonnes carbon per km2,425.0,5.834999998211861
PRY,TROF,agri_potential_carbon,7578.830318873425,69.8373094163531,mean tonnes carbon per km2,2637.0,576.9980000297725
PER,TROF,agri_potential_carbon,5226.253931602256,151.31755811032912,mean tonnes carbon per km2,3008.0,1292.1219995254278
PHL,TROF,agri_potential_carbon,14604.141528919008,97.70275059784926,mean tonnes carbon per km2,2788.0,6657.870005368218
POL,TROF,agri_potential_carbon,13651.816158158737,0.0,mean tonnes carbon per km2,1.0,0.0020000000298023225
PRT,TROF,agri_potential_carbon,8318.034053766503,68.6405897970187,mean tonnes carbon per km2,1331.0,1176.684006958753
ROU,TROF,agri_potential_carbon,6810.879565455067,56.85205684738211,mean tonnes carbon per km2,3544.0,314.72099966503686
RUS,TROF,agri_potential_carbon,4767.658646576585,28.421007490694507,mean tonnes carbon per km2,20872.0,1321.065001545921
RWA,TROF,agri_potential_carbon,7230.0043434504905,607.7916413426735,mean tonnes carbon per km2,59.0,205.62400054216383
WSM,TROF,agri_potential_carbon,,,mean tonnes carbon per km2,,
SMR,TROF,agri_potential_carbon,,,mean tonnes carbon per km2,,
TON,TROF,agri_potential_carbon,3272.9508702991784,1540.1126745784181,mean tonnes carbon per km2,3.0,1.37
TTO,TROF,agri_potential_carbon,11705.400939383375,1177.9503806988585,mean tonnes carbon per km2,34.0,29.22099993467331
TUN,TROF,agri_potential_carbon,5329.301820917903,259.5396155219172,mean tonnes carbon per km2,344.0,1323.3990014715494
TKM,TROF,agri_potential_carbon,810.5568648093949,16.727742246811918,mean tonnes carbon per km2,998.0,268.73799997128543
STP,TROF,agri_potential_carbon,,,mean tonnes carbon per km2,,
SAU,TROF,agri_potential_carbon,226.94970954601763,25.376431966910676,mean tonnes carbon per km2,3221.0,1961.2130007059127
SEN,TROF,agri_potential_carbon,5426.8618659460135,142.07495016145617,mean tonnes carbon per km2,881.0,418.35900000117715
SVK,TROF,agri_potential_carbon,11014.441666076411,148.08993577667493,mean tonnes carbon per km2,732.0,3.833000041544438
SVN,TROF,agri_potential_carbon,10709.361198529696,415.23980216136533,mean tonnes carbon per km2,185.0,0.6180000068992377
SLB,TROF,agri_potential_carbon,9064.888561683802,376.3740622074963,mean tonnes carbon per km2,136.0,0.753000008314848
SOM,TROF,agri_potential_carbon,1376.279346695005,120.45968035589908,mean tonnes carbon per km2,1037.0,74.32400004558265
ZAF,TROF,agri_potential_carbon,5840.871136975369,98.11257820063078,mean tonnes carbon per km2,6162.0,1033.391002605185
SSD,TROF,agri_potential_carbon,6668.582985285935,122.2691064781615,mean tonnes carbon per km2,2247.0,1000.6829975780845
ESP,TROF,agri_potential_carbon,6259.9056054466255,124.21341915976069,mean tonnes carbon per km2,6889.0,3977.5049950548255
LKA,TROF,agri_potential_carbon,10248.332096319877,183.58896387645066,mean tonnes carbon per km2,618.0,490.19099984131753
KNA,TROF,agri_potential_carbon,13476.394162103414,485.844294140505,mean tonnes carbon per km2,3.0,1.17
LCA,TROF,agri_potential_carbon,9390.986969233965,958.1871782585961,mean tonnes carbon per km2,7.0,6.7700000095367425
VCT,TROF,agri_potential_carbon,12589.52871558741,4316.7077622154875,mean tonnes carbon per km2,3.0,2.6299999380111694
SDN,TROF,agri_potential_carbon,189.77549043430957,619.2435014728379,mean tonnes carbon per km2,4.0,0.3600000019371509
SUR,TROF,agri_potential_carbon,7459.905400710386,1060.8257783461663,mean tonnes carbon per km2,57.0,18.026999846175315
SWZ,TROF,agri_potential_carbon,8584.516421832304,287.2395076714906,mean tonnes carbon per km2,108.0,124.4129996189475
SWE,TROF,agri_potential_carbon,,,mean tonnes carbon per km2,,
CHE,TROF,agri_potential_carbon,11877.310964400513,3780.8518058842687,mean tonnes carbon per km2,7.0,0.5559999860823155
SYR,TROF,agri_potential_carbon,3128.0145053462006,213.0446492752235,mean tonnes carbon per km2,1500.0,865.4339959776402
TWN,TROF,agri_potential_carbon,13995.505765872347,406.5924720966141,mean tonnes carbon per km2,239.0,3877.79999738805
TJK,TROF,agri_potential_carbon,1112.0401279089563,157.6514611186438,mean tonnes carbon per km2,434.0,197.1239995212108
TZA,TROF,agri_potential_carbon,9799.624739763958,518.0437869703105,mean tonnes carbon per km2,2040.0,603.8790025994182
THA,TROF,agri_potential_carbon,10570.90403113399,85.35774757239187,mean tonnes carbon per km2,3183.0,10149.506999712808
TLS,TROF,agri_potential_carbon,12567.108477080286,541.5852279750874,mean tonnes carbon per km2,146.0,13.618000001013279
TGO,TROF,agri_potential_carbon,10422.436516380116,169.3299528877347,mean tonnes carbon per km2,311.0,30.843999976664776
TUV,TROF,agri_potential_carbon,,,mean tonnes carbon per km2,,
UGA,TROF,agri_potential_carbon,9470.62670114157,367.3921618646727,mean tonnes carbon per km2,1502.0,3.6330000846087933
URY,TROF,agri_potential_carbon,2115.9956614606854,106.29615128061612,mean tonnes carbon per km2,1273.0,160.43200041405856
UZB,TROF,agri_potential_carbon,1303.1057041927374,20.870731023356498,mean tonnes carbon per km2,1754.0,492.0439995437115
VUT,TROF,agri_potential_carbon,7728.169051882294,996.9632718483109,mean tonnes carbon per km2,24.0,0.35699999503791335
VAT,TROF,agri_potential_carbon,,,mean tonnes carbon per km2,,
VEN,TROF,agri_potential_carbon,7075.335228664716,290.8671340872363,mean tonnes carbon per km2,3461.0,975.487997149527
VNM,TROF,agri_potential_carbon,12474.848766499043,99.09935875425619,mean tonnes carbon per km2,3301.0,2239.739000874162
ZMB,TROF,agri_potential_carbon,6971.560417023971,81.70199997349226,mean tonnes carbon per km2,1908.0,175.19399979799988
ZWE,TROF,agri_potential_carbon,7218.270322557745,289.7718753784954,mean tonnes carbon per km2,93.0,184.18999965310098
YEM,TROF,agri_potential_carbon,447.9164465905478,75.5703289024796,mean tonnes carbon per km2,1959.0,702.1379995357245
UKR,TROF,agri_potential_carbon,9014.719680646482,80.17940563382838,mean tonnes carbon per km2,9942.0,791.7359997597337
BHR,TROF,agri_potential_carbon,31.92105412479755,10.635825497961935,mean tonnes carbon per km2,5.0,8.926999969482422
KWT,TROF,agri_potential_carbon,46.079483230334766,66.93841492214769,mean tonnes carbon per km2,37.0,41.32800073318183
QAT,TROF,agri_potential_carbon,163.4561568619924,30.81465885766632,mean tonnes carbon per km2,102.0,27.75999999076127
ARE,TROF,agri_potential_carbon,8.584151648584388,6.866051031596991,mean tonnes carbon per km2,359.0,1336.0830174470693
TUR,TROF,agri_potential_carbon,3956.3634165941507,89.26415725515088,mean tonnes carbon per km2,5524.0,4058.8510000295937
ISR,TROF,agri_potential_carbon,3335.0651711893433,280.8194031366145,mean tonnes carbon per km2,156.0,455.2330002117157
BGD,TROF,agri_potential_carbon,9277.548711995369,173.82744651844624,mean tonnes carbon per km2,631.0,2430.57199572213
MMR,TROF,agri_potential_carbon,9686.883481281287,323.8851333835005,mean tonnes carbon per km2,2357.0,13.71000003017485
IND,TROF,agri_potential_carbon,6278.538360604516,66.04453204247216,mean tonnes carbon per km2,22952.0,38636.81168889851
BEN,TROF,agri_potential_carbon,9775.312456307542,245.47294634919822,mean tonnes carbon per km2,839.0,65.4530001294613
NER,TROF,agri_potential_carbon,1827.0765914575297,26.350259834209506,mean tonnes carbon per km2,3821.0,218.54499994456768
NGA,TROF,agri_potential_carbon,11025.846154045776,118.67488171824742,mean tonnes carbon per km2,1609.0,7453.82600292325
111,TROF,agri_potential_carbon,,,mean tonnes carbon per km2,,
112,TROF,agri_potential_carbon,,,mean tonnes carbon per km2,,
113,TROF,agri_potential_carbon,,,mean tonnes carbon per km2,,
114,TROF,agri_potential_carbon,,,mean tonnes carbon per km2,,
115,TROF,agri_potential_carbon,,,mean tonnes carbon per km2,,
116,TROF,agri_potential_carbon,,,mean tonnes carbon per km2,,
117,TROF,agri_potential_carbon,,,mean tonnes carbon per km2,,
118,TROF,agri_potential_carbon,,,mean tonnes carbon per km2,,
119,TROF,agri_potential_carbon,,,mean tonnes carbon per km2,,
120,TROF,agri_potential_carbon,,,mean tonnes carbon per km2,,
121,TROF,agri_potential_carbon,,,mean tonnes carbon per km2,,
122,TROF,agri_potential_carbon,,,mean tonnes carbon per km2,,
123,TROF,agri_potential_carbon,,,mean tonnes carbon per km2,,
124,TROF,agri_potential_carbon,,,mean tonnes carbon per km2,,
125,TROF,agri_potential_carbon,,,mean tonnes carbon per km2,,
126,TROF,agri_potential_carbon,,,mean tonnes carbon per km2,,
127,TROF,agri_potential_carbon,,,mean tonnes carbon per km2,,
128,TROF,agri_potential_carbon,,,mean tonnes carbon per km2,,
129,TROF,agri_potential_carbon,,,mean tonnes carbon per km2,,
ESH,TROF,agri_potential_carbon,,,mean tonnes carbon per km2,,
AFG,SMIL,agri_potential_carbon,1003.2017072396317,42.34521785410452,mean tonnes carbon per km2,2549.0,65.9760000949353
GBR,SMIL,agri_potential_carbon,,,mean tonnes carbon per km2,,
ALB,SMIL,agri_potential_carbon,,,mean tonnes carbon per km2,,
DZA,SMIL,agri_potential_carbon,,,mean tonnes carbon per km2,,
USA,SMIL,agri_potential_carbon,2415.5521806320367,59.42569991788413,mean tonnes carbon per km2,6497.0,1301.8109987647088
ATA,SMIL,agri_potential_carbon,,,mean tonnes carbon per km2,,
ATG,SMIL,agri_potential_carbon,,,mean tonnes carbon per km2,,
ARG,SMIL,agri_potential_carbon,3316.5746909855625,40.58262503449647,mean tonnes carbon per km2,3232.0,48.920000026077034
AND,SMIL,agri_potential_carbon,,,mean tonnes carbon per km2,,
AGO,SMIL,agri_potential_carbon,4890.535320072924,0.0,mean tonnes carbon per km2,1.0,0.4979999923706055
ARM,SMIL,agri_potential_carbon,1773.5147430896493,0.0,mean tonnes carbon per km2,1.0,0.004000000059604645
NLD,SMIL,agri_potential_carbon,,,mean tonnes carbon per km2,,
AUS,SMIL,agri_potential_carbon,6168.877957728066,42.655561416128855,mean tonnes carbon per km2,8050.0,384.0090000474453
AUT,SMIL,agri_potential_carbon,8097.147549297927,316.2233854130415,mean tonnes carbon per km2,76.0,33.07500008709728
AZE,SMIL,agri_potential_carbon,962.1351858113997,145.80031460152028,mean tonnes carbon per km2,2.0,0.016999999582767485
BHS,SMIL,agri_potential_carbon,,,mean tonnes carbon per km2,,
BRB,SMIL,agri_potential_carbon,,,mean tonnes carbon per km2,,
BLR,SMIL,agri_potential_carbon,14747.260883714467,928.8473139998035,mean tonnes carbon per km2,2.0,0.02800000049173832
BEL,SMIL,agri_potential_carbon,,,mean tonnes carbon per km2,,
BLZ,SMIL,agri_potential_carbon,,,mean tonnes carbon per km2,,
BTN,SMIL,agri_potential_carbon,9923.442245335522,1444.2168797031438,mean tonnes carbon per km2,82.0,29.3939998114109
BOL,SMIL,agri_potential_carbon,,,mean tonnes carbon per km2,,
BIH,SMIL,agri_potential_carbon,7594.388034268359,1234.5164275220475,mean tonnes carbon per km2,4.0,0.011000000163912775
BWA,SMIL,agri_potential_carbon,3280.056793753349,0.0,mean tonnes carbon per km2,1.0,0.006000000238418579
NOR,SMIL,agri_potential_carbon,,,mean tonnes carbon per km2,,
COL,SMIL,agri_potential_carbon,,,mean tonnes carbon per km2,,
COM,SMIL,agri_potential_carbon,,,mean tonnes carbon per km2,,
BRA,SMIL,agri_potential_carbon,,,mean tonnes carbon per km2,,
FRA,SMIL,agri_potential_carbon,9610.135222545323,75.14382990841135,mean tonnes carbon per km2,1696.0,110.03000002935528
COD,SMIL,agri_potential_carbon,13871.991324700144,2771.9090560795958,mean tonnes carbon per km2,4.0,4.2349998742342
COG,SMIL,agri_potential_carbon,,,mean tonnes carbon per km2,,
NZL,SMIL,agri_potential_carbon,,,mean tonnes carbon per km2,,
BRN,SMIL,agri_potential_carbon,,,mean tonnes carbon per km2,,
BGR,SMIL,agri_potential_carbon,5857.409926052144,61.522201923295476,mean tonnes carbon per km2,1121.0,39.50200003877282
BFA,SMIL,agri_potential_carbon,,,mean tonnes carbon per km2,,
BDI,SMIL,agri_potential_carbon,11381.880512960093,240.61384822968319,mean tonnes carbon per km2,133.0,93.67199969410896
CPV,SMIL,agri_potential_carbon,,,mean tonnes carbon per km2,,
KHM,SMIL,agri_potential_carbon,13098.77989916584,0.0,mean tonnes carbon per km2,1.0,0.01
CMR,SMIL,agri_potential_carbon,,,mean tonnes carbon per km2,,
CAN,SMIL,agri_potential_carbon,,,mean tonnes carbon per km2,,
CRI,SMIL,agri_potential_carbon,,,mean tonnes carbon per km2,,
CIV,SMIL,agri_potential_carbon,,,mean tonnes carbon per km2,,
HRV,SMIL,agri_potential_carbon,8982.931682204622,151.90305848288506,mean tonnes carbon per km2,550.0,1.7300000284612178
CUB,SMIL,agri_potential_carbon,,,mean tonnes carbon per km2,,
CAF,SMIL,agri_potential_carbon,,,mean tonnes carbon per km2,,
TCD,SMIL,agri_potential_carbon,,,mean tonnes carbon per km2,,
CHL,SMIL,agri_potential_carbon,,,mean tonnes carbon per km2,,
CHN,SMIL,agri_potential_carbon,9838.08635000992,1317.2373379286269,mean tonnes carbon per km2,15.0,5.920999948978424
CYP,SMIL,agri_potential_carbon,,,mean tonnes carbon per km2,,
CZE,SMIL,agri_potential_carbon,14555.69718994148,135.819177033561,mean tonnes carbon per km2,1132.0,10.438000018298627
DNK,SMIL,agri_potential_carbon,,,mean tonnes carbon per km2,,
DJI,SMIL,agri_potential_carbon,,,mean tonnes carbon per km2,,
DMA,SMIL,agri_potential_carbon,,,mean tonnes carbon per km2,,
DOM,SMIL,agri_potential_carbon,,,mean tonnes carbon per km2,,
ECU,SMIL,agri_potential_carbon,,,mean tonnes carbon per km2,,
EGY,SMIL,agri_potential_carbon,,,mean tonnes carbon per km2,,
SLV,SMIL,agri_potential_carbon,,,mean tonnes carbon per km2,,
GNQ,SMIL,agri_potential_carbon,,,mean tonnes carbon per km2,,
ERI,SMIL,agri_potential_carbon,1352.4796974724493,0.0,mean tonnes carbon per km2,1.0,1.981999969482422
EST,SMIL,agri_potential_carbon,,,mean tonnes carbon per km2,,
ETH,SMIL,agri_potential_carbon,8116.132538940195,113.29829604970773,mean tonnes carbon per km2,2565.0,3309.393003504947
FJI,SMIL,agri_potential_carbon,,,mean tonnes carbon per km2,,
FIN,SMIL,agri_potential_carbon,,,mean tonnes carbon per km2,,
GAB,SMIL,agri_potential_carbon,,,mean tonnes carbon per km2,,
GMB,SMIL,agri_potential_carbon,,,mean tonnes carbon per km2,,
MAR,SMIL,agri_potential_carbon,,,mean tonnes carbon per km2,,
MOZ,SMIL,agri_potential_carbon,5972.656141890853,583.3874334891289,mean tonnes carbon per km2,3.0,1.2430000460147856
NAM,SMIL,agri_potential_carbon,0.0,0.0,mean tonnes carbon per km2,1.0,0.008999999761581421
GEO,SMIL,agri_potential_carbon,,,mean tonnes carbon per km2,,
DEU,SMIL,agri_potential_carbon,17211.790447949985,0.0,mean tonnes carbon per km2,1.0,0.004000000059604645
GHA,SMIL,agri_potential_carbon,5697.549170540955,420.3301311824993,mean tonnes carbon per km2,3.0,5.767999877929688
GRC,SMIL,agri_potential_carbon,4121.084417840807,0.0,mean tonnes carbon per km2,1.0,0.0010000000149011613
GRL,SMIL,agri_potential_carbon,,,mean tonnes carbon per km2,,
GRD,SMIL,agri_potential_carbon,,,mean tonnes carbon per km2,,
NRU,SMIL,agri_potential_carbon,,,mean tonnes carbon per km2,,
GTM,SMIL,agri_potential_carbon,,,mean tonnes carbon per km2,,
NPL,SMIL,agri_potential_carbon,10112.775634947586,299.7566891215207,mean tonnes carbon per km2,592.0,2553.210002177507
GIN,SMIL,agri_potential_carbon,,,mean tonnes carbon per km2,,
GNB,SMIL,agri_potential_carbon,,,mean tonnes carbon per km2,,
GUY,SMIL,agri_potential_carbon,,,mean tonnes carbon per km2,,
HTI,SMIL,agri_potential_carbon,,,mean tonnes carbon per km2,,
JOR,SMIL,agri_potential_carbon,1550.2432760910604,285.9509340708635,mean tonnes carbon per km2,21.0,0.03900000080466272
HND,SMIL,agri_potential_carbon,,,mean tonnes carbon per km2,,
HUN,SMIL,agri_potential_carbon,6797.35724666279,89.29500694180436,mean tonnes carbon per km2,1146.0,80.33400007016957
ISL,SMIL,agri_potential_carbon,,,mean tonnes carbon per km2,,
IDN,SMIL,agri_potential_carbon,,,mean tonnes carbon per km2,,
IRN,SMIL,agri_potential_carbon,819.6984155971538,31.44937096794582,mean tonnes carbon per km2,6460.0,108.97700001679361
IRQ,SMIL,agri_potential_carbon,773.1354177494848,86.60570506328185,mean tonnes carbon per km2,781.0,31.23600012026727
IRL,SMIL,agri_potential_carbon,,,mean tonnes carbon per km2,,
KAZ,SMIL,agri_potential_carbon,5031.586751910351,24.358913779158552,mean tonnes carbon per km2,13482.0,337.5830000571907
KEN,SMIL,agri_potential_carbon,,,mean tonnes carbon per km2,,
KIR,SMIL,agri_potential_carbon,,,mean tonnes carbon per km2,,
PRK,SMIL,agri_potential_carbon,8745.055621442076,60.40302173567824,mean tonnes carbon per km2,1079.0,630.4159997589886
KOR,SMIL,agri_potential_carbon,7615.37748559685,252.71839493300268,mean tonnes carbon per km2,623.0,12.032000035494569
XKX,SMIL,agri_potential_carbon,,,mean tonnes carbon per km2,,
SRB,SMIL,agri_potential_carbon,5069.951328315505,94.4248748986081,mean tonnes carbon per km2,706.0,1.0400000151246787
SYC,SMIL,agri_potential_carbon,,,mean tonnes carbon per km2,,
SLE,SMIL,agri_potential_carbon,,,mean tonnes carbon per km2,,
SGP,SMIL,agri_potential_carbon,,,mean tonnes carbon per km2,,
ITA,SMIL,agri_potential_carbon,,,mean tonnes carbon per km2,,
JAM,SMIL,agri_potential_carbon,,,mean tonnes carbon per km2,,
JPN,SMIL,agri_potential_carbon,9899.845292722997,380.91922504017003,mean tonnes carbon per km2,79.0,3.0550000075995927
KGZ,SMIL,agri_potential_carbon,1968.096598280275,162.10208162151832,mean tonnes carbon per km2,137.0,1.2769999992102385
LAO,SMIL,agri_potential_carbon,10498.373295049421,1837.3645738136672,mean tonnes carbon per km2,2.0,1.549000060558319
LVA,SMIL,agri_potential_carbon,,,mean tonnes carbon per km2,,
LBN,SMIL,agri_potential_carbon,3671.0744782382485,0.0,mean tonnes carbon per km2,1.0,0.024000000953674317
LSO,SMIL,agri_potential_carbon,,,mean tonnes carbon per km2,,
LBR,SMIL,agri_potential_carbon,,,mean tonnes carbon per km2,,
LBY,SMIL,agri_potential_carbon,2063.9072395213043,297.9853452197832,mean tonnes carbon per km2,565.0,53.672999958395955
LIE,SMIL,agri_potential_carbon,,,mean tonnes carbon per km2,,
LTU,SMIL,agri_potential_carbon,8260.665411994663,0.0,mean tonnes carbon per km2,1.0,0.034000000953674316
LUX,SMIL,agri_potential_carbon,,,mean tonnes carbon per km2,,
MCO,SMIL,agri_potential_carbon,,,mean tonnes carbon per km2,,
MNG,SMIL,agri_potential_carbon,,,mean tonnes carbon per km2,,
MNE,SMIL,agri_potential_carbon,,,mean tonnes carbon per km2,,
MKD,SMIL,agri_potential_carbon,,,mean tonnes carbon per km2,,
MDG,SMIL,agri_potential_carbon,,,mean tonnes carbon per km2,,
MWI,SMIL,agri_potential_carbon,6202.461687238867,94.51663086670246,mean tonnes carbon per km2,638.0,451.83500027075405
MYS,SMIL,agri_potential_carbon,,,mean tonnes carbon per km2,,
MDV,SMIL,agri_potential_carbon,,,mean tonnes carbon per km2,,
MLI,SMIL,agri_potential_carbon,,,mean tonnes carbon per km2,,
MLT,SMIL,agri_potential_carbon,,,mean tonnes carbon per km2,,
MHL,SMIL,agri_potential_carbon,,,mean tonnes carbon per km2,,
MRT,SMIL,agri_potential_carbon,,,mean tonnes carbon per km2,,
MUS,SMIL,agri_potential_carbon,,,mean tonnes carbon per km2,,
MEX,SMIL,agri_potential_carbon,,,mean tonnes carbon per km2,,
FSM,SMIL,agri_potential_carbon,,,mean tonnes carbon per km2,,
MDA,SMIL,agri_potential_carbon,5477.158047920097,273.4222380221536,mean tonnes carbon per km2,422.0,5.878000010326505
NIC,SMIL,agri_potential_carbon,,,mean tonnes carbon per km2,,
OMN,SMIL,agri_potential_carbon,,,mean tonnes carbon per km2,,
PAK,SMIL,agri_potential_carbon,3861.0372187092426,2378.2513186765705,mean tonnes carbon per km2,2.0,0.07800000190734863
PLW,SMIL,agri_potential_carbon,,,mean tonnes carbon per km2,,
PAN,SMIL,agri_potential_carbon,,,mean tonnes carbon per km2,,
PNG,SMIL,agri_potential_carbon,,,mean tonnes carbon per km2,,
PRY,SMIL,agri_potential_carbon,,,mean tonnes carbon per km2,,
PER,SMIL,agri_potential_carbon,,,mean tonnes carbon per km2,,
PHL,SMIL,agri_potential_carbon,,,mean tonnes carbon per km2,,
POL,SMIL,agri_potential_carbon,14566.190674656289,51.3280046545928,mean tonnes carbon per km2,5388.0,104.26299997039139
PRT,SMIL,agri_potential_carbon,,,mean tonnes carbon per km2,,
ROU,SMIL,agri_potential_carbon,4818.780111912105,60.273253017863574,mean tonnes carbon per km2,1946.0,27.906999978423116
RUS,SMIL,agri_potential_carbon,5491.647533775512,32.34689508292107,mean tonnes carbon per km2,23443.0,3555.0229999665917
RWA,SMIL,agri_potential_carbon,7330.263093489035,587.8202869880031,mean tonnes carbon per km2,59.0,66.26899971462787
WSM,SMIL,agri_potential_carbon,,,mean tonnes carbon per km2,,
SMR,SMIL,agri_potential_carbon,,,mean tonnes carbon per km2,,
TON,SMIL,agri_potential_carbon,,,mean tonnes carbon per km2,,
TTO,SMIL,agri_potential_carbon,,,mean tonnes carbon per km2,,
TUN,SMIL,agri_potential_carbon,,,mean tonnes carbon per km2,,
TKM,SMIL,agri_potential_carbon,316.31298646477046,177.87532914839252,mean tonnes carbon per km2,8.0,0.047000000774860384
STP,SMIL,agri_potential_carbon,,,mean tonnes carbon per km2,,
SAU,SMIL,agri_potential_carbon,382.9120096368994,14.450889215096714,mean tonnes carbon per km2,3308.0,32.384999971836805
SEN,SMIL,agri_potential_carbon,,,mean tonnes carbon per km2,,
SVK,SMIL,agri_potential_carbon,7624.036451459803,171.48430917367773,mean tonnes carbon per km2,118.0,12.127000019103287
SVN,SMIL,agri_potential_carbon,11601.621461919109,493.84960119120564,mean tonnes carbon per km2,42.0,1.7910000012069942
SLB,SMIL,agri_potential_carbon,,,mean tonnes carbon per km2,,
SOM,SMIL,agri_potential_carbon,,,mean tonnes carbon per km2,,
ZAF,SMIL,agri_potential_carbon,,,mean tonnes carbon per km2,,
SSD,SMIL,agri_potential_carbon,,,mean tonnes carbon per km2,,
ESP,SMIL,agri_potential_carbon,7016.948977734026,45.32695507801998,mean tonnes carbon per km2,3377.0,5.020000091418624
LKA,SMIL,agri_potential_carbon,9373.402773056896,252.40823134534153,mean tonnes carbon per km2,564.0,54.06199977174401
KNA,SMIL,agri_potential_carbon,,,mean tonnes carbon per km2,,
LCA,SMIL,agri_potential_carbon,,,mean tonnes carbon per km2,,
VCT,SMIL,agri_potential_carbon,,,mean tonnes carbon per km2,,
SDN,SMIL,agri_potential_carbon,,,mean tonnes carbon per km2,,
SUR,SMIL,agri_potential_carbon,,,mean tonnes carbon per km2,,
SWZ,SMIL,agri_potential_carbon,,,mean tonnes carbon per km2,,
SWE,SMIL,agri_potential_carbon,,,mean tonnes carbon per km2,,
CHE,SMIL,agri_potential_carbon,,,mean tonnes carbon per km2,,
SYR,SMIL,agri_potential_carbon,962.9876516649845,51.91287984390276,mean tonnes carbon per km2,984.0,20.122999973148104
TWN,SMIL,agri_potential_carbon,,,mean tonnes carbon per km2,,
TJK,SMIL,agri_potential_carbon,1043.4620427118552,51.05645762646394,mean tonnes carbon per km2,246.0,0.7100000094622374
TZA,SMIL,agri_potential_carbon,8394.145791932764,91.42310469297934,mean tonnes carbon per km2,2262.0,957.0070009067655
THA,SMIL,agri_potential_carbon,8872.34184319123,0.0,mean tonnes carbon per km2,1.0,1.768000030517578
TLS,SMIL,agri_potential_carbon,,,mean tonnes carbon per km2,,
TGO,SMIL,agri_potential_carbon,5949.751531855003,134.72168770687148,mean tonnes carbon per km2,223.0,706.9549964904785
TUV,SMIL,agri_potential_carbon,,,mean tonnes carbon per km2,,
UGA,SMIL,agri_potential_carbon,9321.03611295611,289.86191067118455,mean tonnes carbon per km2,1410.0,1072.5179986576736
URY,SMIL,agri_potential_carbon,,,mean tonnes carbon per km2,,
UZB,SMIL,agri_potential_carbon,1390.2031148893384,28.97644340774425,mean tonnes carbon per km2,869.0,15.92600001193583
VUT,SMIL,agri_potential_carbon,,,mean tonnes carbon per km2,,
VAT,SMIL,agri_potential_carbon,,,mean tonnes carbon per km2,,
VEN,SMIL,agri_potential_carbon,,,mean tonnes carbon per km2,,
VNM,SMIL,agri_potential_carbon,10700.280012705129,378.7872214490332,mean tonnes carbon per km2,295.0,11.32300001434982
ZMB,SMIL,agri_potential_carbon,7595.0246656713825,86.77887321566561,mean tonnes carbon per km2,3418.0,211.4090000528842
ZWE,SMIL,agri_potential_carbon,6329.666798894739,55.89368144292498,mean tonnes carbon per km2,2769.0,232.3170001282543
YEM,SMIL,agri_potential_carbon,528.711265454843,72.99147974311694,mean tonnes carbon per km2,1881.0,1187.0789987336098
UKR,SMIL,agri_potential_carbon,5261.393903732809,34.32631059648908,mean tonnes carbon per km2,5303.0,1142.0960006141663
BHR,SMIL,agri_potential_carbon,,,mean tonnes carbon per km2,,
KWT,SMIL,agri_potential_carbon,,,mean tonnes carbon per km2,,
QAT,SMIL,agri_potential_carbon,,,mean tonnes carbon per km2,,
ARE,SMIL,agri_potential_carbon,,,mean tonnes carbon per km2,,
TUR,SMIL,agri_potential_carbon,2190.0796899914185,32.68706078884018,mean tonnes carbon per km2,6414.0,29.512000296786432
ISR,SMIL,agri_potential_carbon,,,mean tonnes carbon per km2,,
BGD,SMIL,agri_potential_carbon,9736.461513199147,338.81285456314237,mean tonnes carbon per km2,211.0,246.82400072671476
MMR,SMIL,agri_potential_carbon,10015.960568292303,114.3181771124041,mean tonnes carbon per km2,1459.0,2003.985999974981
IND,SMIL,agri_potential_carbon,6328.229820722252,75.02589872025476,mean tonnes carbon per km2,18172.0,19147.803035105837
BEN,SMIL,agri_potential_carbon,5569.364474341141,98.6923912872567,mean tonnes carbon per km2,738.0,187.01599990442395
NER,SMIL,agri_potential_carbon,,,mean tonnes carbon per km2,,
NGA,SMIL,agri_potential_carbon,5787.114581049638,1216.2814022782657,mean tonnes carbon per km2,3.0,0.2339999981224537
111,SMIL,agri_potential_carbon,,,mean tonnes carbon per km2,,
112,SMIL,agri_potential_carbon,,,mean tonnes carbon per km2,,
113,SMIL,agri_potential_carbon,0.0,0.0,mean tonnes carbon per km2,1.0,0.022999999523162843
114,SMIL,agri_potential_carbon,,,mean tonnes carbon per km2,,
115,SMIL,agri_potential_carbon,,,mean tonnes carbon per km2,,
116,SMIL,agri_potential_carbon,,,mean tonnes carbon per km2,,
117,SMIL,agri_potential_carbon,,,mean tonnes carbon per km2,,
118,SMIL,agri_potential_carbon,,,mean tonnes carbon per km2,,
119,SMIL,agri_potential_carbon,,,mean tonnes carbon per km2,,
120,SMIL,agri_potential_carbon,,,mean tonnes carbon per km2,,
121,SMIL,agri_potential_carbon,,,mean tonnes carbon per km2,,
122,SMIL,agri_potential_carbon,,,mean tonnes carbon per km2,,
123,SMIL,agri_potential_carbon,,,mean tonnes carbon per km2,,
124,SMIL,agri_potential_carbon,,,mean tonnes carbon per km2,,
125,SMIL,agri_potential_carbon,,,mean tonnes carbon per km2,,
126,SMIL,agri_potential_carbon,,,mean tonnes carbon per km2,,
127,SMIL,agri_potential_carbon,,,mean tonnes carbon per km2,,
128,SMIL,agri_potential_carbon,,,mean tonnes carbon per km2,,
129,SMIL,agri_potential_carbon,,,mean tonnes carbon per km2,,
ESH,SMIL,agri_potential_carbon,,,mean tonnes carbon per km2,,
AFG,PLNT,agri_potential_carbon,,,mean tonnes carbon per km2,,
GBR,PLNT,agri_potential_carbon,,,mean tonnes carbon per km2,,
ALB,PLNT,agri_potential_carbon,,,mean tonnes carbon per km2,,
DZA,PLNT,agri_potential_carbon,,,mean tonnes carbon per km2,,
USA,PLNT,agri_potential_carbon,13527.092614572832,402.5116826464405,mean tonnes carbon per km2,91.0,48.63699992775917
ATA,PLNT,agri_potential_carbon,,,mean tonnes carbon per km2,,
ATG,PLNT,agri_potential_carbon,,,mean tonnes carbon per km2,,
ARG,PLNT,agri_potential_carbon,,,mean tonnes carbon per km2,,
AND,PLNT,agri_potential_carbon,,,mean tonnes carbon per km2,,
AGO,PLNT,agri_potential_carbon,11336.898067414371,752.7196319435491,mean tonnes carbon per km2,13.0,2.327000012397766
ARM,PLNT,agri_potential_carbon,,,mean tonnes carbon per km2,,
NLD,PLNT,agri_potential_carbon,,,mean tonnes carbon per km2,,
AUS,PLNT,agri_potential_carbon,,,mean tonnes carbon per km2,,
AUT,PLNT,agri_potential_carbon,,,mean tonnes carbon per km2,,
AZE,PLNT,agri_potential_carbon,,,mean tonnes carbon per km2,,
BHS,PLNT,agri_potential_carbon,7074.711237903328,5705.954626199729,mean tonnes carbon per km2,8.0,0.13000000029802322
BRB,PLNT,agri_potential_carbon,,,mean tonnes carbon per km2,,
BLR,PLNT,agri_potential_carbon,,,mean tonnes carbon per km2,,
BEL,PLNT,agri_potential_carbon,,,mean tonnes carbon per km2,,
BLZ,PLNT,agri_potential_carbon,7088.560346929962,729.8315192103842,mean tonnes carbon per km2,34.0,1.4120000024139883
BTN,PLNT,agri_potential_carbon,,,mean tonnes carbon per km2,,
BOL,PLNT,agri_potential_carbon,6639.24486402945,325.7160802128567,mean tonnes carbon per km2,2775.0,350.04699941910803
BIH,PLNT,agri_potential_carbon,,,mean tonnes carbon per km2,,
BWA,PLNT,agri_potential_carbon,,,mean tonnes carbon per km2,,
NOR,PLNT,agri_potential_carbon,,,mean tonnes carbon per km2,,
COL,PLNT,agri_potential_carbon,10087.03812663355,280.11639533362705,mean tonnes carbon per km2,3845.0,3243.5010027798266
COM,PLNT,agri_potential_carbon,,,mean tonnes carbon per km2,,
BRA,PLNT,agri_potential_carbon,13559.80879786015,3742.11211601563,mean tonnes carbon per km2,11.0,0.5530000098049641
FRA,PLNT,agri_potential_carbon,10662.286976151076,1070.9876992128459,mean tonnes carbon per km2,49.0,13.280000106543303
COD,PLNT,agri_potential_carbon,12344.92443093777,149.69925745316397,mean tonnes carbon per km2,8968.0,2485.0070047085733
COG,PLNT,agri_potential_carbon,12076.878419367726,427.92159632938075,mean tonnes carbon per km2,594.0,43.44799998782575
NZL,PLNT,agri_potential_carbon,,,mean tonnes carbon per km2,,
BRN,PLNT,agri_potential_carbon,,,mean tonnes carbon per km2,,
BGR,PLNT,agri_potential_carbon,,,mean tonnes carbon per km2,,
BFA,PLNT,agri_potential_carbon,,,mean tonnes carbon per km2,,
BDI,PLNT,agri_potential_carbon,10560.334229563334,0.0,mean tonnes carbon per km2,1.0,3.4870001220703126
CPV,PLNT,agri_potential_carbon,,,mean tonnes carbon per km2,,
KHM,PLNT,agri_potential_carbon,,,mean tonnes carbon per km2,,
CMR,PLNT,agri_potential_carbon,12335.723342656309,280.5827446242728,mean tonnes carbon per km2,1598.0,1385.8760023409873
CAN,PLNT,agri_potential_carbon,,,mean tonnes carbon per km2,,
CRI,PLNT,agri_potential_carbon,10420.974695648516,651.3579100280657,mean tonnes carbon per km2,236.0,72.4310006326437
CIV,PLNT,agri_potential_carbon,15585.60507171763,115.66786343202035,mean tonnes carbon per km2,2599.0,3873.589995198995
HRV,PLNT,agri_potential_carbon,,,mean tonnes carbon per km2,,
CUB,PLNT,agri_potential_carbon,11877.85315265292,249.83269167109356,mean tonnes carbon per km2,1012.0,767.3899988929181
CAF,PLNT,agri_potential_carbon,8735.443102099598,218.835561325774,mean tonnes carbon per km2,979.0,126.19500002272427
TCD,PLNT,agri_potential_carbon,,,mean tonnes carbon per km2,,
CHL,PLNT,agri_potential_carbon,0.0,0.0,mean tonnes carbon per km2,1.0,0.00699999988079071
CHN,PLNT,agri_potential_carbon,0.0,0.0,mean tonnes carbon per km2,2.0,0.020999999642372133
CYP,PLNT,agri_potential_carbon,,,mean tonnes carbon per km2,,
CZE,PLNT,agri_potential_carbon,,,mean tonnes carbon per km2,,
DNK,PLNT,agri_potential_carbon,,,mean tonnes carbon per km2,,
DJI,PLNT,agri_potential_carbon,,,mean tonnes carbon per km2,,
DMA,PLNT,agri_potential_carbon,7727.467363537075,621.5463173524076,mean tonnes carbon per km2,9.0,6.541000003814697
DOM,PLNT,agri_potential_carbon,8139.862734786524,376.1452846511847,mean tonnes carbon per km2,284.0,427.13799934878944
ECU,PLNT,agri_potential_carbon,10424.447119872146,277.8925257461607,mean tonnes carbon per km2,673.0,1004.8499990407377
EGY,PLNT,agri_potential_carbon,,,mean tonnes carbon per km2,,
SLV,PLNT,agri_potential_carbon,10185.446987828604,161.60299103509345,mean tonnes carbon per km2,185.0,16.786000039428473
GNQ,PLNT,agri_potential_carbon,10666.960549962521,1701.2153987136724,mean tonnes carbon per km2,39.0,12.729000108838079
ERI,PLNT,agri_potential_carbon,,,mean tonnes carbon per km2,,
EST,PLNT,agri_potential_carbon,,,mean tonnes carbon per km2,,
ETH,PLNT,agri_potential_carbon,,,mean tonnes carbon per km2,,
FJI,PLNT,agri_potential_carbon,,,mean tonnes carbon per km2,,
FIN,PLNT,agri_potential_carbon,,,mean tonnes carbon per km2,,
GAB,PLNT,agri_potential_carbon,13016.068794679373,695.1682112740889,mean tonnes carbon per km2,274.0,115.75600032575429
GMB,PLNT,agri_potential_carbon,,,mean tonnes carbon per km2,,
MAR,PLNT,agri_potential_carbon,,,mean tonnes carbon per km2,,
MOZ,PLNT,agri_potential_carbon,,,mean tonnes carbon per km2,,
NAM,PLNT,agri_potential_carbon,,,mean tonnes carbon per km2,,
GEO,PLNT,agri_potential_carbon,,,mean tonnes carbon per km2,,
DEU,PLNT,agri_potential_carbon,,,mean tonnes carbon per km2,,
GHA,PLNT,agri_potential_carbon,16203.070159686034,208.27650507625955,mean tonnes carbon per km2,839.0,2050.1959972690047
GRC,PLNT,agri_potential_carbon,,,mean tonnes carbon per km2,,
GRL,PLNT,agri_potential_carbon,,,mean tonnes carbon per km2,,
GRD,PLNT,agri_potential_carbon,14083.520492668862,681.8802238134136,mean tonnes carbon per km2,5.0,0.4779999971389771
NRU,PLNT,agri_potential_carbon,,,mean tonnes carbon per km2,,
GTM,PLNT,agri_potential_carbon,9353.550436185034,340.02209129572196,mean tonnes carbon per km2,475.0,120.46799969926477
NPL,PLNT,agri_potential_carbon,,,mean tonnes carbon per km2,,
GIN,PLNT,agri_potential_carbon,10303.15392406816,84.49154599492688,mean tonnes carbon per km2,1700.0,602.0600006019324
GNB,PLNT,agri_potential_carbon,11223.52742372313,578.8020696298279,mean tonnes carbon per km2,269.0,110.63699972338974
GUY,PLNT,agri_potential_carbon,7958.635299558278,519.5379745086274,mean tonnes carbon per km2,275.0,19.478999995291232
HTI,PLNT,agri_potential_carbon,10041.012895461048,243.7922028685977,mean tonnes carbon per km2,296.0,364.9189995777607
JOR,PLNT,agri_potential_carbon,,,mean tonnes carbon per km2,,
HND,PLNT,agri_potential_carbon,10678.100335910636,256.39875552350964,mean tonnes carbon per km2,317.0,80.85699978925287
HUN,PLNT,agri_potential_carbon,,,mean tonnes carbon per km2,,
ISL,PLNT,agri_potential_carbon,,,mean tonnes carbon per km2,,
IDN,PLNT,agri_potential_carbon,,,mean tonnes carbon per km2,,
IRN,PLNT,agri_potential_carbon,,,mean tonnes carbon per km2,,
IRQ,PLNT,agri_potential_carbon,,,mean tonnes carbon per km2,,
IRL,PLNT,agri_potential_carbon,,,mean tonnes carbon per km2,,
KAZ,PLNT,agri_potential_carbon,,,mean tonnes carbon per km2,,
KEN,PLNT,agri_potential_carbon,8040.796373477187,683.6884282408706,mean tonnes carbon per km2,807.0,26.166000063419347
KIR,PLNT,agri_potential_carbon,,,mean tonnes carbon per km2,,
PRK,PLNT,agri_potential_carbon,,,mean tonnes carbon per km2,,
KOR,PLNT,agri_potential_carbon,,,mean tonnes carbon per km2,,
XKX,PLNT,agri_potential_carbon,,,mean tonnes carbon per km2,,
SRB,PLNT,agri_potential_carbon,,,mean tonnes carbon per km2,,
SYC,PLNT,agri_potential_carbon,,,mean tonnes carbon per km2,,
SLE,PLNT,agri_potential_carbon,15173.839561470537,233.8370242167082,mean tonnes carbon per km2,365.0,41.129999968782066
SGP,PLNT,agri_potential_carbon,,,mean tonnes carbon per km2,,
ITA,PLNT,agri_potential_carbon,,,mean tonnes carbon per km2,,
JAM,PLNT,agri_potential_carbon,11197.064667426657,444.4812029089492,mean tonnes carbon per km2,118.0,14.28899990990758
JPN,PLNT,agri_potential_carbon,,,mean tonnes carbon per km2,,
KGZ,PLNT,agri_potential_carbon,,,mean tonnes carbon per km2,,
LAO,PLNT,agri_potential_carbon,,,mean tonnes carbon per km2,,
LVA,PLNT,agri_potential_carbon,,,mean tonnes carbon per km2,,
LBN,PLNT,agri_potential_carbon,,,mean tonnes carbon per km2,,
LSO,PLNT,agri_potential_carbon,,,mean tonnes carbon per km2,,
LBR,PLNT,agri_potential_carbon,17025.439688115635,747.6551881640711,mean tonnes carbon per km2,113.0,49.74499990642071
LBY,PLNT,agri_potential_carbon,,,mean tonnes carbon per km2,,
LIE,PLNT,agri_potential_carbon,,,mean tonnes carbon per km2,,
LTU,PLNT,agri_potential_carbon,,,mean tonnes carbon per km2,,
LUX,PLNT,agri_potential_carbon,,,mean tonnes carbon per km2,,
MCO,PLNT,agri_potential_carbon,,,mean tonnes carbon per km2,,
MNG,PLNT,agri_potential_carbon,,,mean tonnes carbon per km2,,
MNE,PLNT,agri_potential_carbon,,,mean tonnes carbon per km2,,
MKD,PLNT,agri_potential_carbon,,,mean tonnes carbon per km2,,
MDG,PLNT,agri_potential_carbon,,,mean tonnes carbon per km2,,
MWI,PLNT,agri_potential_carbon,6854.720974280831,122.09203805471525,mean tonnes carbon per km2,118.0,357.2149987792968
MYS,PLNT,agri_potential_carbon,,,mean tonnes carbon per km2,,
MDV,PLNT,agri_potential_carbon,,,mean tonnes carbon per km2,,
MLI,PLNT,agri_potential_carbon,6036.365978668913,0.0,mean tonnes carbon per km2,1.0,0.415
MLT,PLNT,agri_potential_carbon,,,mean tonnes carbon per km2,,
MHL,PLNT,agri_potential_carbon,,,mean tonnes carbon per km2,,
MRT,PLNT,agri_potential_carbon,,,mean tonnes carbon per km2,,
MUS,PLNT,agri_potential_carbon,,,mean tonnes carbon per km2,,
MEX,PLNT,agri_potential_carbon,,,mean tonnes carbon per km2,,
FSM,PLNT,agri_potential_carbon,0.0,0.0,mean tonnes carbon per km2,3.0,0.49099998474121087
MDA,PLNT,agri_potential_carbon,,,mean tonnes carbon per km2,,
NIC,PLNT,agri_potential_carbon,8678.967277813375,212.57518374033032,mean tonnes carbon per km2,129.0,62.95600005835295
OMN,PLNT,agri_potential_carbon,,,mean tonnes carbon per km2,,
PAK,PLNT,agri_potential_carbon,,,mean tonnes carbon per km2,,
PLW,PLNT,agri_potential_carbon,,,mean tonnes carbon per km2,,
PAN,PLNT,agri_potential_carbon,11430.456678116509,823.8782905958267,mean tonnes carbon per km2,410.0,92.28100004322827
PNG,PLNT,agri_potential_carbon,,,mean tonnes carbon per km2,,
PRY,PLNT,agri_potential_carbon,0.0,0.0,mean tonnes carbon per km2,1.0,0.020999999046325685
PER,PLNT,agri_potential_carbon,8523.394718706115,258.99435419741735,mean tonnes carbon per km2,2818.0,1176.7820009604097
PHL,PLNT,agri_potential_carbon,,,mean tonnes carbon per km2,,
POL,PLNT,agri_potential_carbon,,,mean tonnes carbon per km2,,
PRT,PLNT,agri_potential_carbon,,,mean tonnes carbon per km2,,
ROU,PLNT,agri_potential_carbon,,,mean tonnes carbon per km2,,
RUS,PLNT,agri_potential_carbon,,,mean tonnes carbon per km2,,
RWA,PLNT,agri_potential_carbon,11404.349297233739,3844.6723657622388,mean tonnes carbon per km2,2.0,2.588000030517578
WSM,PLNT,agri_potential_carbon,,,mean tonnes carbon per km2,,
SMR,PLNT,agri_potential_carbon,,,mean tonnes carbon per km2,,
TON,PLNT,agri_potential_carbon,3277.7811647285207,1539.9921718115563,mean tonnes carbon per km2,3.0,0.21299999713897705
TTO,PLNT,agri_potential_carbon,11656.744629968216,1177.4194311250574,mean tonnes carbon per km2,34.0,12.666999970078468
TUN,PLNT,agri_potential_carbon,,,mean tonnes carbon per km2,,
TKM,PLNT,agri_potential_carbon,,,mean tonnes carbon per km2,,
STP,PLNT,agri_potential_carbon,,,mean tonnes carbon per km2,,
SAU,PLNT,agri_potential_carbon,,,mean tonnes carbon per km2,,
SEN,PLNT,agri_potential_carbon,7247.967904503267,0.0,mean tonnes carbon per km2,1.0,0.17100000381469727
SVK,PLNT,agri_potential_carbon,,,mean tonnes carbon per km2,,
SVN,PLNT,agri_potential_carbon,,,mean tonnes carbon per km2,,
SLB,PLNT,agri_potential_carbon,,,mean tonnes carbon per km2,,
SOM,PLNT,agri_potential_carbon,,,mean tonnes carbon per km2,,
ZAF,PLNT,agri_potential_carbon,,,mean tonnes carbon per km2,,
SSD,PLNT,agri_potential_carbon,10472.630326517725,2900.3269604808115,mean tonnes carbon per km2,2.0,16.076000061035156
ESP,PLNT,agri_potential_carbon,,,mean tonnes carbon per km2,,
LKA,PLNT,agri_potential_carbon,10673.649190656291,189.33803583059125,mean tonnes carbon per km2,611.0,506.51299940392374
KNA,PLNT,agri_potential_carbon,,,mean tonnes carbon per km2,,
LCA,PLNT,agri_potential_carbon,9373.348571400691,964.6829137892408,mean tonnes carbon per km2,7.0,3.4820000600814818
VCT,PLNT,agri_potential_carbon,12593.76205697124,4318.054715188581,mean tonnes carbon per km2,3.0,0.6000000154972076
SDN,PLNT,agri_potential_carbon,,,mean tonnes carbon per km2,,
SUR,PLNT,agri_potential_carbon,7436.983773724246,1000.1570501468572,mean tonnes carbon per km2,54.0,3.872999972477555
SWZ,PLNT,agri_potential_carbon,,,mean tonnes carbon per km2,,
SWE,PLNT,agri_potential_carbon,,,mean tonnes carbon per km2,,
CHE,PLNT,agri_potential_carbon,,,mean tonnes carbon per km2,,
SYR,PLNT,agri_potential_carbon,,,mean tonnes carbon per km2,,
TWN,PLNT,agri_potential_carbon,,,mean tonnes carbon per km2,,
TJK,PLNT,agri_potential_carbon,,,mean tonnes carbon per km2,,
TZA,PLNT,agri_potential_carbon,9830.553147292258,309.8235411486006,mean tonnes carbon per km2,253.0,2645.564996874556
THA,PLNT,agri_potential_carbon,12285.452403125153,2403.465001417314,mean tonnes carbon per km2,2.0,0.053999999165534975
TLS,PLNT,agri_potential_carbon,,,mean tonnes carbon per km2,,
TGO,PLNT,agri_potential_carbon,16781.274342925044,0.0,mean tonnes carbon per km2,1.0,0.13100000381469726
TUV,PLNT,agri_potential_carbon,,,mean tonnes carbon per km2,,
UGA,PLNT,agri_potential_carbon,8836.480946055,197.51557699712825,mean tonnes carbon per km2,1531.0,7652.228000994101
URY,PLNT,agri_potential_carbon,,,mean tonnes carbon per km2,,
UZB,PLNT,agri_potential_carbon,,,mean tonnes carbon per km2,,
VUT,PLNT,agri_potential_carbon,,,mean tonnes carbon per km2,,
VAT,PLNT,agri_potential_carbon,,,mean tonnes carbon per km2,,
VEN,PLNT,agri_potential_carbon,10877.85084393351,490.1144486618924,mean tonnes carbon per km2,2591.0,445.30500033274296
VNM,PLNT,agri_potential_carbon,,,mean tonnes carbon per km2,,
ZMB,PLNT,agri_potential_carbon,9188.861851915197,1406.367199382503,mean tonnes carbon per km2,8.0,0.3669999980926514
ZWE,PLNT,agri_potential_carbon,,,mean tonnes carbon per km2,,
YEM,PLNT,agri_potential_carbon,,,mean tonnes carbon per km2,,
UKR,PLNT,agri_potential_carbon,,,mean tonnes carbon per km2,,
BHR,PLNT,agri_potential_carbon,,,mean tonnes carbon per km2,,
KWT,PLNT,agri_potential_carbon,,,mean tonnes carbon per km2,,
QAT,PLNT,agri_potential_carbon,,,mean tonnes carbon per km2,,
ARE,PLNT,agri_potential_carbon,,,mean tonnes carbon per km2,,
TUR,PLNT,agri_potential_carbon,,,mean tonnes carbon per km2,,
ISR,PLNT,agri_potential_carbon,,,mean tonnes carbon per km2,,
BGD,PLNT,agri_potential_carbon,,,mean tonnes carbon per km2,,
MMR,PLNT,agri_potential_carbon,7897.405385192349,205.06016930601794,mean tonnes carbon per km2,2795.0,688.6520002627373
IND,PLNT,agri_potential_carbon,10834.507178452151,3530.6892628845267,mean tonnes carbon per km2,2.0,0.015000000298023224
BEN,PLNT,agri_potential_carbon,,,mean tonnes carbon per km2,,
NER,PLNT,agri_potential_carbon,,,mean tonnes carbon per km2,,
NGA,PLNT,agri_potential_carbon,11484.788333334986,137.20374483159776,mean tonnes carbon per km2,1930.0,3235.511000432819
111,PLNT,agri_potential_carbon,,,mean tonnes carbon per km2,,
112,PLNT,agri_potential_carbon,,,mean tonnes carbon per km2,,
113,PLNT,agri_potential_carbon,,,mean tonnes carbon per km2,,
114,PLNT,agri_potential_carbon,,,mean tonnes carbon per km2,,
115,PLNT,agri_potential_carbon,,,mean tonnes carbon per km2,,
116,PLNT,agri_potential_carbon,,,mean tonnes carbon per km2,,
117,PLNT,agri_potential_carbon,,,mean tonnes carbon per km2,,
118,PLNT,agri_potential_carbon,,,mean tonnes carbon per km2,,
119,PLNT,agri_potential_carbon,,,mean tonnes carbon per km2,,
120,PLNT,agri_potential_carbon,,,mean tonnes carbon per km2,,
121,PLNT,agri_potential_carbon,,,mean tonnes carbon per km2,,
122,PLNT,agri_potential_carbon,,,mean tonnes carbon per km2,,
123,PLNT,agri_potential_carbon,,,mean tonnes carbon per km2,,
124,PLNT,agri_potential_carbon,,,mean tonnes carbon per km2,,
125,PLNT,agri_potential_carbon,,,mean tonnes carbon per km2,,
126,PLNT,agri_potential_carbon,,,mean tonnes carbon per km2,,
127,PLNT,agri_potential_carbon,,,mean tonnes carbon per km2,,
128,PLNT,agri_potential_carbon,,,mean tonnes carbon per km2,,
129,PLNT,agri_potential_carbon,,,mean tonnes carbon per km2,,
ESH,PLNT,agri_potential_carbon,,,mean tonnes carbon per km2,,
AFG,SUNF,agri_potential_carbon,718.3864687923094,35.03435066738613,mean tonnes carbon per km2,4493.0,21.79300014734268
GBR,SUNF,agri_potential_carbon,,,mean tonnes carbon per km2,,
ALB,SUNF,agri_potential_carbon,5319.075835742721,541.0008339092125,mean tonnes carbon per km2,37.0,13.20199986204505
DZA,SUNF,agri_potential_carbon,3969.6322975625035,81.06254595181987,mean tonnes carbon per km2,1295.0,1.7040000266581774
USA,SUNF,agri_potential_carbon,4140.671525012899,33.436291560999024,mean tonnes carbon per km2,26652.0,7038.8459986619655
ATA,SUNF,agri_potential_carbon,,,mean tonnes carbon per km2,,
ATG,SUNF,agri_potential_carbon,,,mean tonnes carbon per km2,,
ARG,SUNF,agri_potential_carbon,3008.949353689678,33.591631125541035,mean tonnes carbon per km2,10741.0,15660.765995345935
AND,SUNF,agri_potential_carbon,,,mean tonnes carbon per km2,,
AGO,SUNF,agri_potential_carbon,7590.032760890335,57.48118086362942,mean tonnes carbon per km2,3709.0,137.20100012645128
ARM,SUNF,agri_potential_carbon,3357.520320775511,507.659316459659,mean tonnes carbon per km2,2.0,0.025
NLD,SUNF,agri_potential_carbon,14716.011379409569,0.0,mean tonnes carbon per km2,1.0,0.0010000000149011613
AUS,SUNF,agri_potential_carbon,5655.919573029896,45.44357596021032,mean tonnes carbon per km2,9808.0,363.1950000756979
AUT,SUNF,agri_potential_carbon,11969.059108249741,228.94754840920479,mean tonnes carbon per km2,614.0,262.7830002167821
AZE,SUNF,agri_potential_carbon,3073.0968633404154,400.8552708430842,mean tonnes carbon per km2,554.0,94.29099970586597
BHS,SUNF,agri_potential_carbon,,,mean tonnes carbon per km2,,
BRB,SUNF,agri_potential_carbon,,,mean tonnes carbon per km2,,
BLR,SUNF,agri_potential_carbon,14186.796602396502,83.66646187767371,mean tonnes carbon per km2,3821.0,139.15899992339314
BEL,SUNF,agri_potential_carbon,14810.873299939758,128.92470333710864,mean tonnes carbon per km2,2.0,0.0720000010728836
BLZ,SUNF,agri_potential_carbon,,,mean tonnes carbon per km2,,
BTN,SUNF,agri_potential_carbon,,,mean tonnes carbon per km2,,
BOL,SUNF,agri_potential_carbon,6583.207833738659,131.8810314853916,mean tonnes carbon per km2,1710.0,2205.400998914912
BIH,SUNF,agri_potential_carbon,8717.551902586494,422.66321446647606,mean tonnes carbon per km2,512.0,4.176999996900559
BWA,SUNF,agri_potential_carbon,3837.613369011623,101.14227888257534,mean tonnes carbon per km2,453.0,74.03500007823109
NOR,SUNF,agri_potential_carbon,,,mean tonnes carbon per km2,,
COL,SUNF,agri_potential_carbon,,,mean tonnes carbon per km2,,
COM,SUNF,agri_potential_carbon,,,mean tonnes carbon per km2,,
BRA,SUNF,agri_potential_carbon,5793.934115238094,87.27897127445752,mean tonnes carbon per km2,5599.0,735.9129999475927
FRA,SUNF,agri_potential_carbon,10662.754858760196,62.29124636090822,mean tonnes carbon per km2,8054.0,7180.042006773427
COD,SUNF,agri_potential_carbon,12909.297084667936,1341.3277433117296,mean tonnes carbon per km2,8.0,1.0289999873936178
COG,SUNF,agri_potential_carbon,,,mean tonnes carbon per km2,,
NZL,SUNF,agri_potential_carbon,,,mean tonnes carbon per km2,,
BRN,SUNF,agri_potential_carbon,,,mean tonnes carbon per km2,,
BGR,SUNF,agri_potential_carbon,5883.357506049071,66.68583089513416,mean tonnes carbon per km2,1568.0,7142.756006514281
BFA,SUNF,agri_potential_carbon,,,mean tonnes carbon per km2,,
BDI,SUNF,agri_potential_carbon,,,mean tonnes carbon per km2,,
CPV,SUNF,agri_potential_carbon,,,mean tonnes carbon per km2,,
KHM,SUNF,agri_potential_carbon,,,mean tonnes carbon per km2,,
CMR,SUNF,agri_potential_carbon,,,mean tonnes carbon per km2,,
CAN,SUNF,agri_potential_carbon,5234.615690631057,62.972562187553095,mean tonnes carbon per km2,1544.0,427.27999990083276
CRI,SUNF,agri_potential_carbon,,,mean tonnes carbon per km2,,
CIV,SUNF,agri_potential_carbon,,,mean tonnes carbon per km2,,
HRV,SUNF,agri_potential_carbon,8845.393352190404,186.4038505277075,mean tonnes carbon per km2,501.0,284.8490002092719
CUB,SUNF,agri_potential_carbon,,,mean tonnes carbon per km2,,
CAF,SUNF,agri_potential_carbon,,,mean tonnes carbon per km2,,
TCD,SUNF,agri_potential_carbon,,,mean tonnes carbon per km2,,
CHL,SUNF,agri_potential_carbon,4403.428026289894,118.10565882485506,mean tonnes carbon per km2,641.0,33.533999909982086
CHN,SUNF,agri_potential_carbon,4155.610376902157,57.33654377735324,mean tonnes carbon per km2,27149.0,9678.779994808436
CYP,SUNF,agri_potential_carbon,,,mean tonnes carbon per km2,,
CZE,SUNF,agri_potential_carbon,12028.834125129644,180.24680880856053,mean tonnes carbon per km2,1016.0,271.4249996238202
DNK,SUNF,agri_potential_carbon,,,mean tonnes carbon per km2,,
DJI,SUNF,agri_potential_carbon,,,mean tonnes carbon per km2,,
DMA,SUNF,agri_potential_carbon,,,mean tonnes carbon per km2,,
DOM,SUNF,agri_potential_carbon,,,mean tonnes carbon per km2,,
ECU,SUNF,agri_potential_carbon,9957.936116449284,348.0935256227178,mean tonnes carbon per km2,271.0,1.344000011831522
EGY,SUNF,agri_potential_carbon,1108.1276111856691,139.98310016740874,mean tonnes carbon per km2,504.0,133.23600043945015
SLV,SUNF,agri_potential_carbon,,,mean tonnes carbon per km2,,
GNQ,SUNF,agri_potential_carbon,,,mean tonnes carbon per km2,,
ERI,SUNF,agri_potential_carbon,,,mean tonnes carbon per km2,,
EST,SUNF,agri_potential_carbon,,,mean tonnes carbon per km2,,
ETH,SUNF,agri_potential_carbon,7925.862461828145,1180.5496562410262,mean tonnes carbon per km2,3.0,4.425999908447266
FJI,SUNF,agri_potential_carbon,,,mean tonnes carbon per km2,,
FIN,SUNF,agri_potential_carbon,,,mean tonnes carbon per km2,,
GAB,SUNF,agri_potential_carbon,,,mean tonnes carbon per km2,,
GMB,SUNF,agri_potential_carbon,,,mean tonnes carbon per km2,,
MAR,SUNF,agri_potential_carbon,4968.810931524308,189.9780112630099,mean tonnes carbon per km2,261.0,471.41300264388326
MOZ,SUNF,agri_potential_carbon,7718.422396897498,49.53280969636713,mean tonnes carbon per km2,5342.0,320.7139999572188
NAM,SUNF,agri_potential_carbon,2722.1897091770456,95.79265373373877,mean tonnes carbon per km2,436.0,0.7290000125765801
GEO,SUNF,agri_potential_carbon,7381.192735391156,388.3568778839102,mean tonnes carbon per km2,296.0,109.01200052686035
DEU,SUNF,agri_potential_carbon,13496.025194921951,115.33264985905603,mean tonnes carbon per km2,4554.0,251.91400017052888
GHA,SUNF,agri_potential_carbon,,,mean tonnes carbon per km2,,
GRC,SUNF,agri_potential_carbon,4529.936559903255,154.14891128076204,mean tonnes carbon per km2,877.0,561.331998743862
GRL,SUNF,agri_potential_carbon,,,mean tonnes carbon per km2,,
GRD,SUNF,agri_potential_carbon,,,mean tonnes carbon per km2,,
NRU,SUNF,agri_potential_carbon,,,mean tonnes carbon per km2,,
GTM,SUNF,agri_potential_carbon,,,mean tonnes carbon per km2,,
NPL,SUNF,agri_potential_carbon,7495.395910112226,430.35070282977216,mean tonnes carbon per km2,3.0,1.2160000000149012
GIN,SUNF,agri_potential_carbon,,,mean tonnes carbon per km2,,
GNB,SUNF,agri_potential_carbon,,,mean tonnes carbon per km2,,
GUY,SUNF,agri_potential_carbon,,,mean tonnes carbon per km2,,
HTI,SUNF,agri_potential_carbon,,,mean tonnes carbon per km2,,
JOR,SUNF,agri_potential_carbon,,,mean tonnes carbon per km2,,
HND,SUNF,agri_potential_carbon,,,mean tonnes carbon per km2,,
HUN,SUNF,agri_potential_carbon,7198.400565454613,83.8588364910984,mean tonnes carbon per km2,1341.0,5349.761001692043
ISL,SUNF,agri_potential_carbon,,,mean tonnes carbon per km2,,
IDN,SUNF,agri_potential_carbon,,,mean tonnes carbon per km2,,
IRN,SUNF,agri_potential_carbon,819.9388313178349,34.89321248232117,mean tonnes carbon per km2,5699.0,674.3140006758273
IRQ,SUNF,agri_potential_carbon,1416.768235880622,39.24224438044447,mean tonnes carbon per km2,1865.0,48.36099998027087
IRL,SUNF,agri_potential_carbon,,,mean tonnes carbon per km2,,
KAZ,SUNF,agri_potential_carbon,5619.87214839504,37.77860735337283,mean tonnes carbon per km2,15715.0,7537.630996607989
KEN,SUNF,agri_potential_carbon,6656.04449186492,253.53523070362277,mean tonnes carbon per km2,1373.0,130.2870001462847
KIR,SUNF,agri_potential_carbon,,,mean tonnes carbon per km2,,
PRK,SUNF,agri_potential_carbon,9795.359845387831,0.0,mean tonnes carbon per km2,1.0,0.23600000381469727
KOR,SUNF,agri_potential_carbon,,,mean tonnes carbon per km2,,
XKX,SUNF,agri_potential_carbon,7570.131575667112,177.89235173949388,mean tonnes carbon per km2,136.0,3.5320000008493664
SRB,SUNF,agri_potential_carbon,3958.421427175667,114.61542189010677,mean tonnes carbon per km2,996.0,1674.3040008691698
SYC,SUNF,agri_potential_carbon,,,mean tonnes carbon per km2,,
SLE,SUNF,agri_potential_carbon,,,mean tonnes carbon per km2,,
SGP,SUNF,agri_potential_carbon,,,mean tonnes carbon per km2,,
ITA,SUNF,agri_potential_carbon,5926.256374207189,112.10329629341027,mean tonnes carbon per km2,3022.0,759.2990016695112
JAM,SUNF,agri_potential_carbon,,,mean tonnes carbon per km2,,
JPN,SUNF,agri_potential_carbon,,,mean tonnes carbon per km2,,
KGZ,SUNF,agri_potential_carbon,2328.2524530374967,81.41772868398215,mean tonnes carbon per km2,804.0,434.19599927030504
LAO,SUNF,agri_potential_carbon,10456.412452102433,3428.975184188279,mean tonnes carbon per km2,3.0,40.598000000119214
LVA,SUNF,agri_potential_carbon,8013.61167001745,919.6670475179397,mean tonnes carbon per km2,2.0,0.014000000357627869
LBN,SUNF,agri_potential_carbon,3671.0744782382485,0.0,mean tonnes carbon per km2,1.0,0.08300000190734863
LSO,SUNF,agri_potential_carbon,4752.93836033906,171.3230125278097,mean tonnes carbon per km2,4.0,4.6560000000149016
LBR,SUNF,agri_potential_carbon,,,mean tonnes carbon per km2,,
LBY,SUNF,agri_potential_carbon,,,mean tonnes carbon per km2,,
LIE,SUNF,agri_potential_carbon,,,mean tonnes carbon per km2,,
LTU,SUNF,agri_potential_carbon,7703.063142618216,590.9913110597554,mean tonnes carbon per km2,4.0,0.07700000293552875
LUX,SUNF,agri_potential_carbon,,,mean tonnes carbon per km2,,
MCO,SUNF,agri_potential_carbon,,,mean tonnes carbon per km2,,
MNG,SUNF,agri_potential_carbon,,,mean tonnes carbon per km2,,
MNE,SUNF,agri_potential_carbon,8829.651755013652,473.8362398061696,mean tonnes carbon per km2,3.0,0.5289999923855067
MKD,SUNF,agri_potential_carbon,4376.062688766493,665.0070571991123,mean tonnes carbon per km2,93.0,46.17900007873774
MDG,SUNF,agri_potential_carbon,,,mean tonnes carbon per km2,,
MWI,SUNF,agri_potential_carbon,6957.963983829253,120.69446355555822,mean tonnes carbon per km2,400.0,113.99399996124208
MYS,SUNF,agri_potential_carbon,,,mean tonnes carbon per km2,,
MDV,SUNF,agri_potential_carbon,,,mean tonnes carbon per km2,,
MLI,SUNF,agri_potential_carbon,,,mean tonnes carbon per km2,,
MLT,SUNF,agri_potential_carbon,,,mean tonnes carbon per km2,,
MHL,SUNF,agri_potential_carbon,,,mean tonnes carbon per km2,,
MRT,SUNF,agri_potential_carbon,,,mean tonnes carbon per km2,,
MUS,SUNF,agri_potential_carbon,,,mean tonnes carbon per km2,,
MEX,SUNF,agri_potential_carbon,3414.987304587594,202.76952842545722,mean tonnes carbon per km2,425.0,13.086000056788325
FSM,SUNF,agri_potential_carbon,,,mean tonnes carbon per km2,,
MDA,SUNF,agri_potential_carbon,6530.389832392644,111.54664330892253,mean tonnes carbon per km2,475.0,2503.40299323082
NIC,SUNF,agri_potential_carbon,,,mean tonnes carbon per km2,,
OMN,SUNF,agri_potential_carbon,,,mean tonnes carbon per km2,,
PAK,SUNF,agri_potential_carbon,1032.1981624733032,80.36490952485961,mean tonnes carbon per km2,2388.0,2919.7049991510066
PLW,SUNF,agri_potential_carbon,,,mean tonnes carbon per km2,,
PAN,SUNF,agri_potential_carbon,,,mean tonnes carbon per km2,,
PNG,SUNF,agri_potential_carbon,,,mean tonnes carbon per km2,,
PRY,SUNF,agri_potential_carbon,9273.196507869001,75.36568509296421,mean tonnes carbon per km2,1566.0,1434.676997858584
PER,SUNF,agri_potential_carbon,,,mean tonnes carbon per km2,,
PHL,SUNF,agri_potential_carbon,,,mean tonnes carbon per km2,,
POL,SUNF,agri_potential_carbon,14496.450933869692,73.35716888630193,mean tonnes carbon per km2,3845.0,26.945000170171262
PRT,SUNF,agri_potential_carbon,8517.086702284616,102.43487248348515,mean tonnes carbon per km2,653.0,192.59699933856726
ROU,SUNF,agri_potential_carbon,4563.09228180088,71.93456772230695,mean tonnes carbon per km2,3241.0,8527.190998219625
RUS,SUNF,agri_potential_carbon,5750.5111470932725,25.152631207209275,mean tonnes carbon per km2,35662.0,61342.80202622287
RWA,SUNF,agri_potential_carbon,11394.351064739549,1912.14722425012,mean tonnes carbon per km2,2.0,0.4889999842643738
WSM,SUNF,agri_potential_carbon,,,mean tonnes carbon per km2,,
SMR,SUNF,agri_potential_carbon,,,mean tonnes carbon per km2,,
TON,SUNF,agri_potential_carbon,,,mean tonnes carbon per km2,,
TTO,SUNF,agri_potential_carbon,,,mean tonnes carbon per km2,,
TUN,SUNF,agri_potential_carbon,3180.560843601977,118.24557174226493,mean tonnes carbon per km2,793.0,93.14999966718257
TKM,SUNF,agri_potential_carbon,412.6664586426772,417.42014374498535,mean tonnes carbon per km2,7.0,0.18400000102818012
STP,SUNF,agri_potential_carbon,,,mean tonnes carbon per km2,,
SAU,SUNF,agri_potential_carbon,,,mean tonnes carbon per km2,,
SEN,SUNF,agri_potential_carbon,,,mean tonnes carbon per km2,,
SVK,SUNF,agri_potential_carbon,8739.316871407116,159.60311101341333,mean tonnes carbon per km2,652.0,853.6099994308502
SVN,SUNF,agri_potential_carbon,13032.288031097954,1062.2469497954353,mean tonnes carbon per km2,206.0,4.555000002905727
SLB,SUNF,agri_potential_carbon,,,mean tonnes carbon per km2,,
SOM,SUNF,agri_potential_carbon,,,mean tonnes carbon per km2,,
ZAF,SUNF,agri_potential_carbon,4556.634802515437,68.53687938357854,mean tonnes carbon per km2,8169.0,5560.524003528208
SSD,SUNF,agri_potential_carbon,8474.54118231373,3429.5815276934964,mean tonnes carbon per km2,3.0,1.2059999990463257
ESP,SUNF,agri_potential_carbon,6449.083313509525,50.85748276427057,mean tonnes carbon per km2,5914.0,8040.442999419048
LKA,SUNF,agri_potential_carbon,,,mean tonnes carbon per km2,,
KNA,SUNF,agri_potential_carbon,,,mean tonnes carbon per km2,,
LCA,SUNF,agri_potential_carbon,,,mean tonnes carbon per km2,,
VCT,SUNF,agri_potential_carbon,,,mean tonnes carbon per km2,,
SDN,SUNF,agri_potential_carbon,1651.1073860338656,49.87119783518244,mean tonnes carbon per km2,2453.0,1431.2629895881564
SUR,SUNF,agri_potential_carbon,,,mean tonnes carbon per km2,,
SWZ,SUNF,agri_potential_carbon,8974.802551328143,1167.3581202991288,mean tonnes carbon per km2,2.0,0.014999999552965163
SWE,SUNF,agri_potential_carbon,,,mean tonnes carbon per km2,,
CHE,SUNF,agri_potential_carbon,12266.380560086967,281.1699076064419,mean tonnes carbon per km2,224.0,34.565999985039234
SYR,SUNF,agri_potential_carbon,857.5852766657056,50.48382890262104,mean tonnes carbon per km2,1069.0,61.932000113353126
TWN,SUNF,agri_potential_carbon,,,mean tonnes carbon per km2,,
TJK,SUNF,agri_potential_carbon,1075.715436194122,54.15602066372049,mean tonnes carbon per km2,323.0,37.23799998216331
TZA,SUNF,agri_potential_carbon,8216.997128002535,69.59511807676012,mean tonnes carbon per km2,4396.0,5115.64399950549
THA,SUNF,agri_potential_carbon,10722.107341081311,575.192952689665,mean tonnes carbon per km2,1281.0,345.22899932503697
TLS,SUNF,agri_potential_carbon,,,mean tonnes carbon per km2,,
TGO,SUNF,agri_potential_carbon,,,mean tonnes carbon per km2,,
TUV,SUNF,agri_potential_carbon,,,mean tonnes carbon per km2,,
UGA,SUNF,agri_potential_carbon,9522.999236407695,103.13721072567813,mean tonnes carbon per km2,1665.0,2005.248998799771
URY,SUNF,agri_potential_carbon,3353.9589269294283,83.33505799322279,mean tonnes carbon per km2,1062.0,226.66400015816092
UZB,SUNF,agri_potential_carbon,1320.7979968777065,47.04519496299443,mean tonnes carbon per km2,771.0,109.92199984319508
VUT,SUNF,agri_potential_carbon,,,mean tonnes carbon per km2,,
VAT,SUNF,agri_potential_carbon,,,mean tonnes carbon per km2,,
VEN,SUNF,agri_potential_carbon,9593.099315963893,385.2096849067221,mean tonnes carbon per km2,286.0,494.8400049097091
VNM,SUNF,agri_potential_carbon,,,mean tonnes carbon per km2,,
ZMB,SUNF,agri_potential_carbon,7244.866155270922,92.70512971161625,mean tonnes carbon per km2,3275.0,507.57399912267925
ZWE,SUNF,agri_potential_carbon,6540.654657833121,61.36689672844033,mean tonnes carbon per km2,2916.0,317.7100002288073
YEM,SUNF,agri_potential_carbon,,,mean tonnes carbon per km2,,
UKR,SUNF,agri_potential_carbon,5845.111965129317,72.45281170804657,mean tonnes carbon per km2,10199.0,44709.83301884442
BHR,SUNF,agri_potential_carbon,,,mean tonnes carbon per km2,,
KWT,SUNF,agri_potential_carbon,,,mean tonnes carbon per km2,,
QAT,SUNF,agri_potential_carbon,,,mean tonnes carbon per km2,,
ARE,SUNF,agri_potential_carbon,,,mean tonnes carbon per km2,,
TUR,SUNF,agri_potential_carbon,3689.981903410985,64.72005497063387,mean tonnes carbon per km2,8030.0,6265.746999545023
ISR,SUNF,agri_potential_carbon,3019.673213079759,278.7482680900387,mean tonnes carbon per km2,115.0,27.21099999628961
BGD,SUNF,agri_potential_carbon,6135.713153648835,686.2652947731234,mean tonnes carbon per km2,3.0,0.15800000071525575
MMR,SUNF,agri_potential_carbon,10253.667686516155,188.76597543711267,mean tonnes carbon per km2,1482.0,7252.666016182304
IND,SUNF,agri_potential_carbon,5605.795842704337,103.32736590858244,mean tonnes carbon per km2,14524.0,10227.86998985566
BEN,SUNF,agri_potential_carbon,,,mean tonnes carbon per km2,,
NER,SUNF,agri_potential_carbon,,,mean tonnes carbon per km2,,
NGA,SUNF,agri_potential_carbon,,,mean tonnes carbon per km2,,
111,SUNF,agri_potential_carbon,3736.152477387435,126.99619600259453,mean tonnes carbon per km2,51.0,5.160000000596046
112,SUNF,agri_potential_carbon,,,mean tonnes carbon per km2,,
113,SUNF,agri_potential_carbon,,,mean tonnes carbon per km2,,
114,SUNF,agri_potential_carbon,,,mean tonnes carbon per km2,,
115,SUNF,agri_potential_carbon,,,mean tonnes carbon per km2,,
116,SUNF,agri_potential_carbon,,,mean tonnes carbon per km2,,
117,SUNF,agri_potential_carbon,,,mean tonnes carbon per km2,,
118,SUNF,agri_potential_carbon,,,mean tonnes carbon per km2,,
119,SUNF,agri_potential_carbon,,,mean tonnes carbon per km2,,
120,SUNF,agri_potential_carbon,,,mean tonnes carbon per km2,,
121,SUNF,agri_potential_carbon,,,mean tonnes carbon per km2,,
122,SUNF,agri_potential_carbon,,,mean tonnes carbon per km2,,
123,SUNF,agri_potential_carbon,,,mean tonnes carbon per km2,,
124,SUNF,agri_potential_carbon,,,mean tonnes carbon per km2,,
125,SUNF,agri_potential_carbon,,,mean tonnes carbon per km2,,
126,SUNF,agri_potential_carbon,,,mean tonnes carbon per km2,,
127,SUNF,agri_potential_carbon,,,mean tonnes carbon per km2,,
128,SUNF,agri_potential_carbon,,,mean tonnes carbon per km2,,
129,SUNF,agri_potential_carbon,,,mean tonnes carbon per km2,,
ESH,SUNF,agri_potential_carbon,,,mean tonnes carbon per km2,,
AFG,SOYB,agri_potential_carbon,3946.329697637684,1133.058223040799,mean tonnes carbon per km2,2.0,0.003000000044703484
GBR,SOYB,agri_potential_carbon,,,mean tonnes carbon per km2,,
ALB,SOYB,agri_potential_carbon,5880.973945332486,1449.4729065216075,mean tonnes carbon per km2,10.0,3.08100001193583
DZA,SOYB,agri_potential_carbon,,,mean tonnes carbon per km2,,
USA,SOYB,agri_potential_carbon,9200.87996680556,30.578795696712813,mean tonnes carbon per km2,39645.0,299222.9469996751
ATA,SOYB,agri_potential_carbon,,,mean tonnes carbon per km2,,
ATG,SOYB,agri_potential_carbon,,,mean tonnes carbon per km2,,
ARG,SOYB,agri_potential_carbon,3922.727114200099,24.07794101313514,mean tonnes carbon per km2,13318.0,160859.2149552667
AND,SOYB,agri_potential_carbon,,,mean tonnes carbon per km2,,
AGO,SOYB,agri_potential_carbon,7918.457652206667,64.27811492562581,mean tonnes carbon per km2,3250.0,136.8049998241663
ARM,SOYB,agri_potential_carbon,,,mean tonnes carbon per km2,,
NLD,SOYB,agri_potential_carbon,14716.011379409569,0.0,mean tonnes carbon per km2,1.0,0.0010000000149011613
AUS,SOYB,agri_potential_carbon,5578.067518857257,40.08329231008545,mean tonnes carbon per km2,7612.0,302.48300018817184
AUT,SOYB,agri_potential_carbon,10133.901912120242,241.37044990004193,mean tonnes carbon per km2,425.0,322.97000047564507
AZE,SOYB,agri_potential_carbon,4246.252748037138,1190.833924971845,mean tonnes carbon per km2,11.0,0.246000005826354
BHS,SOYB,agri_potential_carbon,,,mean tonnes carbon per km2,,
BRB,SOYB,agri_potential_carbon,,,mean tonnes carbon per km2,,
BLR,SOYB,agri_potential_carbon,12654.02035616213,1205.773709717584,mean tonnes carbon per km2,9.0,0.7229999959468842
BEL,SOYB,agri_potential_carbon,14799.67303714283,0.0,mean tonnes carbon per km2,1.0,0.0020000000298023225
BLZ,SOYB,agri_potential_carbon,7027.697213851205,692.7170308679305,mean tonnes carbon per km2,35.0,3.230000006258487
BTN,SOYB,agri_potential_carbon,6874.159877647655,2170.2519188677898,mean tonnes carbon per km2,20.0,3.857000022903085
BOL,SOYB,agri_potential_carbon,6469.167179628557,117.10891023982053,mean tonnes carbon per km2,2566.0,8001.836016045809
BIH,SOYB,agri_potential_carbon,8651.796458420145,189.94464149994826,mean tonnes carbon per km2,190.0,41.06799998238682
BWA,SOYB,agri_potential_carbon,,,mean tonnes carbon per km2,,
NOR,SOYB,agri_potential_carbon,,,mean tonnes carbon per km2,,
COL,SOYB,agri_potential_carbon,11396.612942181848,537.4930720834869,mean tonnes carbon per km2,422.0,310.0669986087829
COM,SOYB,agri_potential_carbon,,,mean tonnes carbon per km2,,
BRA,SOYB,agri_potential_carbon,6142.713667672249,34.09139038823412,mean tonnes carbon per km2,27232.0,226257.4829340199
FRA,SOYB,agri_potential_carbon,11074.994645205243,171.32732691304642,mean tonnes carbon per km2,3985.0,446.5019989137351
COD,SOYB,agri_potential_carbon,11776.376933511994,95.4039197173298,mean tonnes carbon per km2,10107.0,360.54400012403727
COG,SOYB,agri_potential_carbon,14456.386616658005,2604.8253255571994,mean tonnes carbon per km2,25.0,0.9739999967068433
NZL,SOYB,agri_potential_carbon,,,mean tonnes carbon per km2,,
BRN,SOYB,agri_potential_carbon,,,mean tonnes carbon per km2,,
BGR,SOYB,agri_potential_carbon,5962.636348971228,59.81036903370816,mean tonnes carbon per km2,1214.0,5.692000064700842
BFA,SOYB,agri_potential_carbon,4181.19761442661,79.20833188718537,mean tonnes carbon per km2,1620.0,179.63900004386903
BDI,SOYB,agri_potential_carbon,10428.39710205737,200.81840509765206,mean tonnes carbon per km2,149.0,37.39199983477593
CPV,SOYB,agri_potential_carbon,,,mean tonnes carbon per km2,,
KHM,SOYB,agri_potential_carbon,14223.10391421482,180.64128551304574,mean tonnes carbon per km2,1058.0,885.1270007798075
CMR,SOYB,agri_potential_carbon,8994.039255618356,398.1555889123768,mean tonnes carbon per km2,914.0,116.30600015193224
CAN,SOYB,agri_potential_carbon,9867.421125286877,118.92141134572314,mean tonnes carbon per km2,4780.0,14451.753996277825
CRI,SOYB,agri_potential_carbon,,,mean tonnes carbon per km2,,
CIV,SOYB,agri_potential_carbon,15149.679061259083,326.29972835913793,mean tonnes carbon per km2,1597.0,3.648000087812543
HRV,SOYB,agri_potential_carbon,8879.028326205666,177.23527077854106,mean tonnes carbon per km2,554.0,530.600001309514
CUB,SOYB,agri_potential_carbon,,,mean tonnes carbon per km2,,
CAF,SOYB,agri_potential_carbon,10700.0,0.0,mean tonnes carbon per km2,1.0,0.012000000476837159
TCD,SOYB,agri_potential_carbon,5345.099526839224,0.0,mean tonnes carbon per km2,1.0,0.03200000047683716
CHL,SOYB,agri_potential_carbon,,,mean tonnes carbon per km2,,
CHN,SOYB,agri_potential_carbon,6439.861717837561,38.86307389512055,mean tonnes carbon per km2,53338.0,85005.51497009308
CYP,SOYB,agri_potential_carbon,,,mean tonnes carbon per km2,,
CZE,SOYB,agri_potential_carbon,13112.402714651435,157.37304273027675,mean tonnes carbon per km2,1147.0,77.08399995930493
DNK,SOYB,agri_potential_carbon,15176.25319443627,0.0,mean tonnes carbon per km2,1.0,0.0020000000298023225
DJI,SOYB,agri_potential_carbon,,,mean tonnes carbon per km2,,
DMA,SOYB,agri_potential_carbon,,,mean tonnes carbon per km2,,
DOM,SOYB,agri_potential_carbon,,,mean tonnes carbon per km2,,
ECU,SOYB,agri_potential_carbon,10543.947214525011,291.89610325981556,mean tonnes carbon per km2,587.0,419.4150000378489
EGY,SOYB,agri_potential_carbon,209.18241081607607,153.22988778936525,mean tonnes carbon per km2,207.0,106.02299929141999
SLV,SOYB,agri_potential_carbon,9888.216102313021,132.85234526803444,mean tonnes carbon per km2,234.0,24.782999998927114
GNQ,SOYB,agri_potential_carbon,,,mean tonnes carbon per km2,,
ERI,SOYB,agri_potential_carbon,1528.6284052774754,0.0,mean tonnes carbon per km2,1.0,0.020999999046325685
EST,SOYB,agri_potential_carbon,,,mean tonnes carbon per km2,,
ETH,SOYB,agri_potential_carbon,8484.930735556958,149.56742108934228,mean tonnes carbon per km2,1922.0,111.91900015994906
FJI,SOYB,agri_potential_carbon,,,mean tonnes carbon per km2,,
FIN,SOYB,agri_potential_carbon,,,mean tonnes carbon per km2,,
GAB,SOYB,agri_potential_carbon,13788.944914786254,749.4222282719551,mean tonnes carbon per km2,194.0,8.276999959722161
GMB,SOYB,agri_potential_carbon,,,mean tonnes carbon per km2,,
MAR,SOYB,agri_potential_carbon,4008.1771292245157,201.29952568046693,mean tonnes carbon per km2,214.0,9.794000025391577
MOZ,SOYB,agri_potential_carbon,5873.231491253057,487.73260799243275,mean tonnes carbon per km2,4.0,2.0470000300556426
NAM,SOYB,agri_potential_carbon,,,mean tonnes carbon per km2,,
GEO,SOYB,agri_potential_carbon,8308.915612674455,372.71887201167334,mean tonnes carbon per km2,97.0,6.532000036537648
DEU,SOYB,agri_potential_carbon,13982.720467615836,122.88582949325158,mean tonnes carbon per km2,4375.0,12.885000190213322
GHA,SOYB,agri_potential_carbon,5283.545243671046,443.01128278261564,mean tonnes carbon per km2,3.0,0.14100000143051147
GRC,SOYB,agri_potential_carbon,4550.243241138633,101.37420520217272,mean tonnes carbon per km2,540.0,19.520000067204236
GRL,SOYB,agri_potential_carbon,,,mean tonnes carbon per km2,,
GRD,SOYB,agri_potential_carbon,,,mean tonnes carbon per km2,,
NRU,SOYB,agri_potential_carbon,,,mean tonnes carbon per km2,,
GTM,SOYB,agri_potential_carbon,9968.991641029625,105.62233307136052,mean tonnes carbon per km2,774.0,139.35300005704164
NPL,SOYB,agri_potential_carbon,9731.831055633911,238.30188177527924,mean tonnes carbon per km2,548.0,233.49399936184284
GIN,SOYB,agri_potential_carbon,18984.448966517484,4829.199865752389,mean tonnes carbon per km2,5.0,0.17100000366568566
GNB,SOYB,agri_potential_carbon,,,mean tonnes carbon per km2,,
GUY,SOYB,agri_potential_carbon,,,mean tonnes carbon per km2,,
HTI,SOYB,agri_potential_carbon,,,mean tonnes carbon per km2,,
JOR,SOYB,agri_potential_carbon,,,mean tonnes carbon per km2,,
HND,SOYB,agri_potential_carbon,10549.582964594472,131.6403771242058,mean tonnes carbon per km2,835.0,6.048000008389355
HUN,SOYB,agri_potential_carbon,6969.212738643372,125.77243208483536,mean tonnes carbon per km2,1276.0,364.6429996962845
ISL,SOYB,agri_potential_carbon,,,mean tonnes carbon per km2,,
IDN,SOYB,agri_potential_carbon,9683.402834114535,164.91115220280534,mean tonnes carbon per km2,10153.0,6525.415999444798
IRN,SOYB,agri_potential_carbon,2575.1517330893257,125.30122465921772,mean tonnes carbon per km2,844.0,767.1970013852417
IRQ,SOYB,agri_potential_carbon,1182.3069814419416,206.75248101232643,mean tonnes carbon per km2,169.0,0.22200000345706938
IRL,SOYB,agri_potential_carbon,,,mean tonnes carbon per km2,,
KAZ,SOYB,agri_potential_carbon,5279.680637730495,22.384404631151714,mean tonnes carbon per km2,14442.0,610.1600002894551
KEN,SOYB,agri_potential_carbon,11011.98741785326,731.2746629413457,mean tonnes carbon per km2,284.0,21.044000001177192
KIR,SOYB,agri_potential_carbon,,,mean tonnes carbon per km2,,
PRK,SOYB,agri_potential_carbon,8696.715530392647,57.67861103120182,mean tonnes carbon per km2,1290.0,2988.517001306638
KOR,SOYB,agri_potential_carbon,7531.514959983326,179.38697291059617,mean tonnes carbon per km2,996.0,716.2840005145968
XKX,SOYB,agri_potential_carbon,,,mean tonnes carbon per km2,,
SRB,SOYB,agri_potential_carbon,3897.8859795373396,99.57364712875012,mean tonnes carbon per km2,757.0,1601.1359995923192
SYC,SOYB,agri_potential_carbon,,,mean tonnes carbon per km2,,
SLE,SOYB,agri_potential_carbon,,,mean tonnes carbon per km2,,
SGP,SOYB,agri_potential_carbon,,,mean tonnes carbon per km2,,
ITA,SOYB,agri_potential_carbon,8833.923133101029,137.96647454839538,mean tonnes carbon per km2,2043.0,1532.4280032345653
JAM,SOYB,agri_potential_carbon,,,mean tonnes carbon per km2,,
JPN,SOYB,agri_potential_carbon,9683.474324745348,219.3954583134559,mean tonnes carbon per km2,2160.0,1385.7979997272046
KGZ,SOYB,agri_potential_carbon,2574.7168226357635,103.91532614849827,mean tonnes carbon per km2,256.0,0.6880000089108945
LAO,SOYB,agri_potential_carbon,13762.937014259864,374.3105870806514,mean tonnes carbon per km2,1110.0,94.98700008526444
LVA,SOYB,agri_potential_carbon,,,mean tonnes carbon per km2,,
LBN,SOYB,agri_potential_carbon,3671.0744782382485,0.0,mean tonnes carbon per km2,1.0,0.04699999809265137
LSO,SOYB,agri_potential_carbon,4734.511698197251,161.22505441221193,mean tonnes carbon per km2,4.0,1.776999984756112
LBR,SOYB,agri_potential_carbon,16841.81746553811,781.142915838628,mean tonnes carbon per km2,112.0,18.804000057578087
LBY,SOYB,agri_potential_carbon,,,mean tonnes carbon per km2,,
LIE,SOYB,agri_potential_carbon,,,mean tonnes carbon per km2,,
LTU,SOYB,agri_potential_carbon,,,mean tonnes carbon per km2,,
LUX,SOYB,agri_potential_carbon,,,mean tonnes carbon per km2,,
MCO,SOYB,agri_potential_carbon,,,mean tonnes carbon per km2,,
MNG,SOYB,agri_potential_carbon,,,mean tonnes carbon per km2,,
MNE,SOYB,agri_potential_carbon,,,mean tonnes carbon per km2,,
MKD,SOYB,agri_potential_carbon,5165.170005791797,438.29566753302663,mean tonnes carbon per km2,173.0,3.1570000413805244
MDG,SOYB,agri_potential_carbon,9710.596915939941,288.88632227522135,mean tonnes carbon per km2,236.0,0.2530000038444996
MWI,SOYB,agri_potential_carbon,6359.186566719162,108.51157312954892,mean tonnes carbon per km2,733.0,788.6770027089865
MYS,SOYB,agri_potential_carbon,14225.990012749786,1255.2860491931372,mean tonnes carbon per km2,3.0,0.01900000013411045
MDV,SOYB,agri_potential_carbon,,,mean tonnes carbon per km2,,
MLI,SOYB,agri_potential_carbon,2714.979239774782,58.50345734643232,mean tonnes carbon per km2,2488.0,29.40300008252263
MLT,SOYB,agri_potential_carbon,,,mean tonnes carbon per km2,,
MHL,SOYB,agri_potential_carbon,,,mean tonnes carbon per km2,,
MRT,SOYB,agri_potential_carbon,,,mean tonnes carbon per km2,,
MUS,SOYB,agri_potential_carbon,,,mean tonnes carbon per km2,,
MEX,SOYB,agri_potential_carbon,5784.824855971034,296.0650017461917,mean tonnes carbon per km2,1083.0,1193.7930002404748
FSM,SOYB,agri_potential_carbon,,,mean tonnes carbon per km2,,
MDA,SOYB,agri_potential_carbon,6191.204759241866,132.8288730204913,mean tonnes carbon per km2,449.0,537.3040010595321
NIC,SOYB,agri_potential_carbon,8648.103994154195,238.13984234509547,mean tonnes carbon per km2,180.0,17.428999993354083
OMN,SOYB,agri_potential_carbon,,,mean tonnes carbon per km2,,
PAK,SOYB,agri_potential_carbon,1610.9252078045529,97.36207261322942,mean tonnes carbon per km2,141.0,0.8540000069141389
PLW,SOYB,agri_potential_carbon,,,mean tonnes carbon per km2,,
PAN,SOYB,agri_potential_carbon,11484.934516414849,326.196939043013,mean tonnes carbon per km2,294.0,2.240000012591481
PNG,SOYB,agri_potential_carbon,,,mean tonnes carbon per km2,,
PRY,SOYB,agri_potential_carbon,9083.36466346623,65.46536713206048,mean tonnes carbon per km2,1653.0,26702.234008542673
PER,SOYB,agri_potential_carbon,8258.913220481663,637.475833957445,mean tonnes carbon per km2,233.0,14.03000005699694
PHL,SOYB,agri_potential_carbon,14526.226222566209,72.1401939921671,mean tonnes carbon per km2,2373.0,5.419000109359622
POL,SOYB,agri_potential_carbon,12396.97058012338,132.42974769798127,mean tonnes carbon per km2,516.0,1.6810000245273113
PRT,SOYB,agri_potential_carbon,7152.441478721868,1390.0881712542298,mean tonnes carbon per km2,2.0,0.006000000089406968
ROU,SOYB,agri_potential_carbon,5031.842099754866,100.07174330238085,mean tonnes carbon per km2,2900.0,611.156999983117
RUS,SOYB,agri_potential_carbon,5913.270498196686,93.4056663398923,mean tonnes carbon per km2,29038.0,9093.228992466406
RWA,SOYB,agri_potential_carbon,7776.141102717204,769.3274305120965,mean tonnes carbon per km2,103.0,319.9330003423989
WSM,SOYB,agri_potential_carbon,,,mean tonnes carbon per km2,,
SMR,SOYB,agri_potential_carbon,,,mean tonnes carbon per km2,,
TON,SOYB,agri_potential_carbon,,,mean tonnes carbon per km2,,
TTO,SOYB,agri_potential_carbon,,,mean tonnes carbon per km2,,
TUN,SOYB,agri_potential_carbon,,,mean tonnes carbon per km2,,
TKM,SOYB,agri_potential_carbon,,,mean tonnes carbon per km2,,
STP,SOYB,agri_potential_carbon,,,mean tonnes carbon per km2,,
SAU,SOYB,agri_potential_carbon,,,mean tonnes carbon per km2,,
SEN,SOYB,agri_potential_carbon,2050.665544263269,0.0,mean tonnes carbon per km2,1.0,0.006000000238418579
SVK,SOYB,agri_potential_carbon,9621.378906745364,271.75681605418737,mean tonnes carbon per km2,148.0,142.9449997767806
SVN,SOYB,agri_potential_carbon,9294.760497076086,1659.243652418929,mean tonnes carbon per km2,120.0,4.497000125944615
SLB,SOYB,agri_potential_carbon,,,mean tonnes carbon per km2,,
SOM,SOYB,agri_potential_carbon,,,mean tonnes carbon per km2,,
ZAF,SOYB,agri_potential_carbon,5709.547222149128,86.84491752566387,mean tonnes carbon per km2,7673.0,3207.778997457325
SSD,SOYB,agri_potential_carbon,,,mean tonnes carbon per km2,,
ESP,SOYB,agri_potential_carbon,7494.713965854241,74.95744416909437,mean tonnes carbon per km2,2527.0,8.934000056385994
LKA,SOYB,agri_potential_carbon,8129.604562165189,337.23590010736075,mean tonnes carbon per km2,399.0,28.66199986964464
KNA,SOYB,agri_potential_carbon,,,mean tonnes carbon per km2,,
LCA,SOYB,agri_potential_carbon,,,mean tonnes carbon per km2,,
VCT,SOYB,agri_potential_carbon,,,mean tonnes carbon per km2,,
SDN,SOYB,agri_potential_carbon,,,mean tonnes carbon per km2,,
SUR,SOYB,agri_potential_carbon,7619.095526717213,1041.3836050270195,mean tonnes carbon per km2,29.0,0.13500000089406966
SWZ,SOYB,agri_potential_carbon,6667.235099827634,0.0,mean tonnes carbon per km2,1.0,0.18700000762939453
SWE,SOYB,agri_potential_carbon,,,mean tonnes carbon per km2,,
CHE,SOYB,agri_potential_carbon,12123.584044853733,234.30917503893554,mean tonnes carbon per km2,311.0,10.875999995619058
SYR,SOYB,agri_potential_carbon,1646.3497313135706,89.72220033441413,mean tonnes carbon per km2,426.0,14.68700000964105
TWN,SOYB,agri_potential_carbon,14743.872722968283,1130.7354787250497,mean tonnes carbon per km2,58.0,1.3060000091046096
TJK,SOYB,agri_potential_carbon,2115.711310313704,113.3455494400281,mean tonnes carbon per km2,347.0,1.0610000146180392
TZA,SOYB,agri_potential_carbon,9425.625621533203,125.61510553195167,mean tonnes carbon per km2,735.0,39.28000008568167
THA,SOYB,agri_potential_carbon,9271.649866537195,94.5884886769592,mean tonnes carbon per km2,2940.0,955.8319986864924
TLS,SOYB,agri_potential_carbon,11388.513697741178,347.1448082775493,mean tonnes carbon per km2,146.0,7.9369999563694
TGO,SOYB,agri_potential_carbon,8374.874233979514,129.25164706988858,mean tonnes carbon per km2,563.0,32.805000027567154
TUV,SOYB,agri_potential_carbon,,,mean tonnes carbon per km2,,
UGA,SOYB,agri_potential_carbon,9894.677341702161,266.9098089766491,mean tonnes carbon per km2,1353.0,787.0369993957877
URY,SOYB,agri_potential_carbon,3206.6249187691487,69.07870945316299,mean tonnes carbon per km2,2013.0,7612.868993548751
UZB,SOYB,agri_potential_carbon,1411.4953394322895,240.65675137202464,mean tonnes carbon per km2,5.0,0.03499999932944776
VUT,SOYB,agri_potential_carbon,,,mean tonnes carbon per km2,,
VAT,SOYB,agri_potential_carbon,,,mean tonnes carbon per km2,,
VEN,SOYB,agri_potential_carbon,4821.45254954389,291.74577408219056,mean tonnes carbon per km2,1045.0,234.04700070381165
VNM,SOYB,agri_potential_carbon,13252.453887814552,157.18822830601303,mean tonnes carbon per km2,1406.0,1756.5449985014645
ZMB,SOYB,agri_potential_carbon,6687.026342882003,76.59080602753593,mean tonnes carbon per km2,4496.0,608.655999711454
ZWE,SOYB,agri_potential_carbon,6141.543750062181,84.60164376282904,mean tonnes carbon per km2,2162.0,480.9110006932169
YEM,SOYB,agri_potential_carbon,,,mean tonnes carbon per km2,,
UKR,SOYB,agri_potential_carbon,7604.569335961771,59.09714194207316,mean tonnes carbon per km2,9983.0,9208.666001349613
BHR,SOYB,agri_potential_carbon,,,mean tonnes carbon per km2,,
KWT,SOYB,agri_potential_carbon,,,mean tonnes carbon per km2,,
QAT,SOYB,agri_potential_carbon,,,mean tonnes carbon per km2,,
ARE,SOYB,agri_potential_carbon,,,mean tonnes carbon per km2,,
TUR,SOYB,agri_potential_carbon,3948.745090781514,131.0172787934976,mean tonnes carbon per km2,1080.0,201.41800045236948
ISR,SOYB,agri_potential_carbon,,,mean tonnes carbon per km2,,
BGD,SOYB,agri_potential_carbon,9225.708154811877,215.35258626608422,mean tonnes carbon per km2,339.0,398.43499983154237
MMR,SOYB,agri_potential_carbon,9884.011116732454,265.54294445717574,mean tonnes carbon per km2,2924.0,1552.477000601068
IND,SOYB,agri_potential_carbon,5680.896732307299,52.452959884682336,mean tonnes carbon per km2,16074.0,86739.37400635943
BEN,SOYB,agri_potential_carbon,7577.914828701645,123.03144716886949,mean tonnes carbon per km2,1037.0,450.8690004550665
NER,SOYB,agri_potential_carbon,1284.9808457762113,257.7428628304699,mean tonnes carbon per km2,5.0,2.660999984741211
NGA,SOYB,agri_potential_carbon,6690.569091273399,78.99174091442437,mean tonnes carbon per km2,3436.0,4432.868001528532
111,SOYB,agri_potential_carbon,,,mean tonnes carbon per km2,,
112,SOYB,agri_potential_carbon,,,mean tonnes carbon per km2,,
113,SOYB,agri_potential_carbon,,,mean tonnes carbon per km2,,
114,SOYB,agri_potential_carbon,,,mean tonnes carbon per km2,,
115,SOYB,agri_potential_carbon,,,mean tonnes carbon per km2,,
116,SOYB,agri_potential_carbon,,,mean tonnes carbon per km2,,
117,SOYB,agri_potential_carbon,,,mean tonnes carbon per km2,,
118,SOYB,agri_potential_carbon,,,mean tonnes carbon per km2,,
119,SOYB,agri_potential_carbon,,,mean tonnes carbon per km2,,
120,SOYB,agri_potential_carbon,,,mean tonnes carbon per km2,,
121,SOYB,agri_potential_carbon,,,mean tonnes carbon per km2,,
122,SOYB,agri_potential_carbon,,,mean tonnes carbon per km2,,
123,SOYB,agri_potential_carbon,,,mean tonnes carbon per km2,,
124,SOYB,agri_potential_carbon,,,mean tonnes carbon per km2,,
125,SOYB,agri_potential_carbon,,,mean tonnes carbon per km2,,
126,SOYB,agri_potential_carbon,,,mean tonnes carbon per km2,,
127,SOYB,agri_potential_carbon,,,mean tonnes carbon per km2,,
128,SOYB,agri_potential_carbon,,,mean tonnes carbon per km2,,
129,SOYB,agri_potential_carbon,,,mean tonnes carbon per km2,,
ESH,SOYB,agri_potential_carbon,,,mean tonnes carbon per km2,,
AFG,OCER,agri_potential_carbon,1759.9304449804495,215.82289848729846,mean tonnes carbon per km2,2.0,0.24600000381469728
GBR,OCER,agri_potential_carbon,17782.37167037181,117.1506513120845,mean tonnes carbon per km2,2673.0,1305.1049995331466
ALB,OCER,agri_potential_carbon,6263.013014312028,208.144951718015,mean tonnes carbon per km2,335.0,142.07500066407025
DZA,OCER,agri_potential_carbon,3808.3970865545425,97.31501681082518,mean tonnes carbon per km2,2093.0,717.8950013798476
USA,OCER,agri_potential_carbon,7941.461169558108,47.92119479064318,mean tonnes carbon per km2,44689.0,6303.358000787348
ATA,OCER,agri_potential_carbon,,,mean tonnes carbon per km2,,
ATG,OCER,agri_potential_carbon,,,mean tonnes carbon per km2,,
ARG,OCER,agri_potential_carbon,2699.457540195677,36.550194342180276,mean tonnes carbon per km2,10934.0,2649.4969955540446
AND,OCER,agri_potential_carbon,5533.113716540317,0.0,mean tonnes carbon per km2,1.0,0.008999999761581421
AGO,OCER,agri_potential_carbon,,,mean tonnes carbon per km2,,
ARM,OCER,agri_potential_carbon,4209.729195547681,192.22840779158096,mean tonnes carbon per km2,397.0,62.51900008648634
NLD,OCER,agri_potential_carbon,11186.704429309677,264.2053177099665,mean tonnes carbon per km2,346.0,52.18900001272559
AUS,OCER,agri_potential_carbon,4904.929381725401,31.525924998996683,mean tonnes carbon per km2,13654.0,11705.985999842957
AUT,OCER,agri_potential_carbon,12248.495718704797,198.99229316789211,mean tonnes carbon per km2,736.0,1547.686999956444
AZE,OCER,agri_potential_carbon,2615.6578986348154,474.33918950298494,mean tonnes carbon per km2,29.0,25.605000006258486
BHS,OCER,agri_potential_carbon,,,mean tonnes carbon per km2,,
BRB,OCER,agri_potential_carbon,,,mean tonnes carbon per km2,,
BLR,OCER,agri_potential_carbon,14438.945746044978,85.33415709159006,mean tonnes carbon per km2,3867.0,10380.681998854428
BEL,OCER,agri_potential_carbon,13128.217041838258,525.0935398209002,mean tonnes carbon per km2,162.0,117.19599944546819
BLZ,OCER,agri_potential_carbon,,,mean tonnes carbon per km2,,
BTN,OCER,agri_potential_carbon,8872.28686332349,1284.1164797017127,mean tonnes carbon per km2,44.0,43.64200012020767
BOL,OCER,agri_potential_carbon,1271.5510031515705,357.83011594986857,mean tonnes carbon per km2,1107.0,532.8320007575303
BIH,OCER,agri_potential_carbon,8507.995208963275,144.36995702378607,mean tonnes carbon per km2,656.0,267.55199984826146
BWA,OCER,agri_potential_carbon,3294.0503945486807,36.265738602025756,mean tonnes carbon per km2,906.0,27.87699995227158
NOR,OCER,agri_potential_carbon,10938.490859356443,289.23736631954114,mean tonnes carbon per km2,716.0,803.3949997115881
COL,OCER,agri_potential_carbon,7387.4018813667235,702.2477704420219,mean tonnes carbon per km2,576.0,32.02600046113133
COM,OCER,agri_potential_carbon,,,mean tonnes carbon per km2,,
BRA,OCER,agri_potential_carbon,6685.164765935363,100.66593691541149,mean tonnes carbon per km2,2967.0,2617.10199723646
FRA,OCER,agri_potential_carbon,11739.230032840896,56.70973849596175,mean tonnes carbon per km2,8687.0,5861.805998650565
COD,OCER,agri_potential_carbon,12025.513466245355,1469.5748782051683,mean tonnes carbon per km2,12.0,0.3259999990463257
COG,OCER,agri_potential_carbon,10885.992249529387,289.7300182784527,mean tonnes carbon per km2,570.0,11.160999956279992
NZL,OCER,agri_potential_carbon,7433.788256307042,92.23854478775809,mean tonnes carbon per km2,1743.0,83.2679999754578
BRN,OCER,agri_potential_carbon,,,mean tonnes carbon per km2,,
BGR,OCER,agri_potential_carbon,6582.3622718561,85.01136115878508,mean tonnes carbon per km2,1611.0,381.59399960383774
BFA,OCER,agri_potential_carbon,4431.732448147485,127.36405338510923,mean tonnes carbon per km2,846.0,256.87799922540785
BDI,OCER,agri_potential_carbon,10503.833980092219,147.40953589521186,mean tonnes carbon per km2,280.0,136.4809999886155
CPV,OCER,agri_potential_carbon,,,mean tonnes carbon per km2,,
KHM,OCER,agri_potential_carbon,,,mean tonnes carbon per km2,,
CMR,OCER,agri_potential_carbon,2714.626169208907,577.3230028553746,mean tonnes carbon per km2,4.0,7.562000122070312
CAN,OCER,agri_potential_carbon,5559.07151449332,44.84495610333193,mean tonnes carbon per km2,15934.0,12763.449994967952
CRI,OCER,agri_potential_carbon,,,mean tonnes carbon per km2,,
CIV,OCER,agri_potential_carbon,14298.743050891379,107.51062714632802,mean tonnes carbon per km2,3182.0,131.78700029328465
HRV,OCER,agri_potential_carbon,9130.96169536073,124.32476335332399,mean tonnes carbon per km2,802.0,310.9959997138381
CUB,OCER,agri_potential_carbon,,,mean tonnes carbon per km2,,
CAF,OCER,agri_potential_carbon,4036.3359949593078,560.462617610747,mean tonnes carbon per km2,4.0,1.3569999980926513
TCD,OCER,agri_potential_carbon,2589.8775082661873,37.16378403460601,mean tonnes carbon per km2,4767.0,4060.5470004585386
CHL,OCER,agri_potential_carbon,4513.303686138302,115.72611741454328,mean tonnes carbon per km2,1584.0,1149.2400050989536
CHN,OCER,agri_potential_carbon,6297.313711655675,70.87297158979567,mean tonnes carbon per km2,36512.0,10435.20700191155
CYP,OCER,agri_potential_carbon,2463.010288009184,294.8705289755524,mean tonnes carbon per km2,58.0,0.12800000220537186
CZE,OCER,agri_potential_carbon,13666.969156131981,136.10630571015378,mean tonnes carbon per km2,1174.0,1377.386999643594
DNK,OCER,agri_potential_carbon,14181.043390360395,195.69346704371927,mean tonnes carbon per km2,882.0,1154.1929987728597
DJI,OCER,agri_potential_carbon,,,mean tonnes carbon per km2,,
DMA,OCER,agri_potential_carbon,,,mean tonnes carbon per km2,,
DOM,OCER,agri_potential_carbon,,,mean tonnes carbon per km2,,
ECU,OCER,agri_potential_carbon,8477.083923405453,232.09832214685824,mean tonnes carbon per km2,925.0,30.800000092685217
EGY,OCER,agri_potential_carbon,543.7052547264258,92.07177355462278,mean tonnes carbon per km2,335.0,477.9299998241663
SLV,OCER,agri_potential_carbon,,,mean tonnes carbon per km2,,
GNQ,OCER,agri_potential_carbon,,,mean tonnes carbon per km2,,
ERI,OCER,agri_potential_carbon,1686.89156657931,62.49427922615354,mean tonnes carbon per km2,645.0,421.0520008676499
EST,OCER,agri_potential_carbon,13168.961590310792,193.2672499247502,mean tonnes carbon per km2,853.0,509.98700024604796
ETH,OCER,agri_potential_carbon,7184.599968299411,93.97352650351718,mean tonnes carbon per km2,3136.0,18388.050001626983
FJI,OCER,agri_potential_carbon,,,mean tonnes carbon per km2,,
FIN,OCER,agri_potential_carbon,14600.356469657974,211.56291155109764,mean tonnes carbon per km2,3931.0,3342.1700002910193
GAB,OCER,agri_potential_carbon,7505.362979954172,0.0,mean tonnes carbon per km2,1.0,0.012000000476837159
GMB,OCER,agri_potential_carbon,7721.795987521789,230.87625098835014,mean tonnes carbon per km2,124.0,25.507999963760376
MAR,OCER,agri_potential_carbon,2688.3436183800527,310.87983998446424,mean tonnes carbon per km2,110.0,457.35899900510896
MOZ,OCER,agri_potential_carbon,10794.808792950156,2721.1941754214236,mean tonnes carbon per km2,2.0,0.025000000968575478
NAM,OCER,agri_potential_carbon,3843.314794536128,1002.9781554880018,mean tonnes carbon per km2,2.0,0.035
GEO,OCER,agri_potential_carbon,7750.573857997299,223.9009720635746,mean tonnes carbon per km2,728.0,45.91800016261638
DEU,OCER,agri_potential_carbon,13702.355405414053,73.13263718179407,mean tonnes carbon per km2,5803.0,11913.062003091127
GHA,OCER,agri_potential_carbon,12609.498136721322,762.9379809148646,mean tonnes carbon per km2,138.0,0.5670000053197146
GRC,OCER,agri_potential_carbon,5092.953536694151,78.36712664803204,mean tonnes carbon per km2,1825.0,847.387001317814
GRL,OCER,agri_potential_carbon,,,mean tonnes carbon per km2,,
GRD,OCER,agri_potential_carbon,,,mean tonnes carbon per km2,,
NRU,OCER,agri_potential_carbon,,,mean tonnes carbon per km2,,
GTM,OCER,agri_potential_carbon,,,mean tonnes carbon per km2,,
NPL,OCER,agri_potential_carbon,9025.555970529611,336.32053504760927,mean tonnes carbon per km2,376.0,96.63199992001057
GIN,OCER,agri_potential_carbon,9426.76168801236,121.90042408286597,mean tonnes carbon per km2,1694.0,2498.861003935039
GNB,OCER,agri_potential_carbon,10993.332999286584,294.80498563194624,mean tonnes carbon per km2,291.0,32.212999986931685
GUY,OCER,agri_potential_carbon,,,mean tonnes carbon per km2,,
HTI,OCER,agri_potential_carbon,,,mean tonnes carbon per km2,,
JOR,OCER,agri_potential_carbon,,,mean tonnes carbon per km2,,
HND,OCER,agri_potential_carbon,,,mean tonnes carbon per km2,,
HUN,OCER,agri_potential_carbon,6605.861663296993,104.96376657992701,mean tonnes carbon per km2,1319.0,2090.9160024578123
ISL,OCER,agri_potential_carbon,,,mean tonnes carbon per km2,,
IDN,OCER,agri_potential_carbon,,,mean tonnes carbon per km2,,
IRN,OCER,agri_potential_carbon,1612.592263464967,359.95943248883253,mean tonnes carbon per km2,3.0,0.3340000021457672
IRQ,OCER,agri_potential_carbon,1809.6352968246442,290.20735869717475,mean tonnes carbon per km2,634.0,3.3110000324994324
IRL,OCER,agri_potential_carbon,12967.146289238734,269.7770171100566,mean tonnes carbon per km2,1239.0,191.85800022855398
KAZ,OCER,agri_potential_carbon,4446.4244078213505,54.149401739314854,mean tonnes carbon per km2,8316.0,3992.2670018009844
KEN,OCER,agri_potential_carbon,8913.067453628666,680.155730063461,mean tonnes carbon per km2,220.0,36.79699924200773
KIR,OCER,agri_potential_carbon,,,mean tonnes carbon per km2,,
PRK,OCER,agri_potential_carbon,8692.163528081877,78.01374251542815,mean tonnes carbon per km2,1586.0,363.9919999605417
KOR,OCER,agri_potential_carbon,7684.408372197124,525.952716468224,mean tonnes carbon per km2,948.0,41.1709997471422
XKX,OCER,agri_potential_carbon,7571.533458635371,177.570461877057,mean tonnes carbon per km2,137.0,30.756000036001204
SRB,OCER,agri_potential_carbon,6448.841684461356,104.18697699532946,mean tonnes carbon per km2,1031.0,805.9459999010712
SYC,OCER,agri_potential_carbon,,,mean tonnes carbon per km2,,
SLE,OCER,agri_potential_carbon,15093.765823973074,218.25873289339114,mean tonnes carbon per km2,371.0,51.12200011707842
SGP,OCER,agri_potential_carbon,,,mean tonnes carbon per km2,,
ITA,OCER,agri_potential_carbon,7804.4319058353485,89.52623325870171,mean tonnes carbon per km2,2220.0,1523.399000595063
JAM,OCER,agri_potential_carbon,,,mean tonnes carbon per km2,,
JPN,OCER,agri_potential_carbon,10083.195377005315,275.5083804283978,mean tonnes carbon per km2,1555.0,409.266999790147
KGZ,OCER,agri_potential_carbon,1859.092933401179,140.56766562085335,mean tonnes carbon per km2,531.0,20.068000000193713
LAO,OCER,agri_potential_carbon,12849.56758735646,2125.596413528964,mean tonnes carbon per km2,6.0,0.8899999880790711
LVA,OCER,agri_potential_carbon,13787.025779633866,180.22685814512428,mean tonnes carbon per km2,1220.0,1262.9999981039764
LBN,OCER,agri_potential_carbon,6101.769940786717,478.41862403002375,mean tonnes carbon per km2,134.0,1.7130000064522029
LSO,OCER,agri_potential_carbon,5531.27270951764,284.03603904274587,mean tonnes carbon per km2,342.0,2.0350000216811894
LBR,OCER,agri_potential_carbon,19900.0,0.0,mean tonnes carbon per km2,1.0,0.17600000381469727
LBY,OCER,agri_potential_carbon,,,mean tonnes carbon per km2,,
LIE,OCER,agri_potential_carbon,,,mean tonnes carbon per km2,,
LTU,OCER,agri_potential_carbon,12320.864297499462,152.22808747430796,mean tonnes carbon per km2,1262.0,2745.1029999387265
LUX,OCER,agri_potential_carbon,14696.95358712289,339.2535661561401,mean tonnes carbon per km2,45.0,65.76000025749205
MCO,OCER,agri_potential_carbon,,,mean tonnes carbon per km2,,
MNG,OCER,agri_potential_carbon,2572.340180166336,103.86654932906453,mean tonnes carbon per km2,2051.0,36.480999912247064
MNE,OCER,agri_potential_carbon,9692.286629664515,1090.839621947458,mean tonnes carbon per km2,157.0,8.775999977141618
MKD,OCER,agri_potential_carbon,6753.991737228302,313.4132566687889,mean tonnes carbon per km2,224.0,59.69800014331936
MDG,OCER,agri_potential_carbon,,,mean tonnes carbon per km2,,
MWI,OCER,agri_potential_carbon,3586.0127537952685,0.0,mean tonnes carbon per km2,1.0,0.025
MYS,OCER,agri_potential_carbon,,,mean tonnes carbon per km2,,
MDV,OCER,agri_potential_carbon,,,mean tonnes carbon per km2,,
MLI,OCER,agri_potential_carbon,2338.6480661503847,53.83796289397408,mean tonnes carbon per km2,4414.0,648.9249998091907
MLT,OCER,agri_potential_carbon,,,mean tonnes carbon per km2,,
MHL,OCER,agri_potential_carbon,,,mean tonnes carbon per km2,,
MRT,OCER,agri_potential_carbon,,,mean tonnes carbon per km2,,
MUS,OCER,agri_potential_carbon,,,mean tonnes carbon per km2,,
MEX,OCER,agri_potential_carbon,4702.966895681706,343.2977053530975,mean tonnes carbon per km2,1124.0,655.7169970215857
FSM,OCER,agri_potential_carbon,,,mean tonnes carbon per km2,,
MDA,OCER,agri_potential_carbon,5793.502818048242,287.95511497748896,mean tonnes carbon per km2,143.0,68.83500027269125
NIC,OCER,agri_potential_carbon,,,mean tonnes carbon per km2,,
OMN,OCER,agri_potential_carbon,33.87071220678749,27.675983457978287,mean tonnes carbon per km2,147.0,5.849000001698733
PAK,OCER,agri_potential_carbon,,,mean tonnes carbon per km2,,
PLW,OCER,agri_potential_carbon,,,mean tonnes carbon per km2,,
PAN,OCER,agri_potential_carbon,,,mean tonnes carbon per km2,,
PNG,OCER,agri_potential_carbon,,,mean tonnes carbon per km2,,
PRY,OCER,agri_potential_carbon,7628.614932353535,1601.7239667072893,mean tonnes carbon per km2,5.0,0.3339999850094318
PER,OCER,agri_potential_carbon,676.0215292309845,508.2362811382586,mean tonnes carbon per km2,526.0,523.8920025283843
PHL,OCER,agri_potential_carbon,,,mean tonnes carbon per km2,,
POL,OCER,agri_potential_carbon,14885.789939201084,59.91306143967647,mean tonnes carbon per km2,5779.0,42698.06399633072
PRT,OCER,agri_potential_carbon,9024.485084419764,103.86309836588843,mean tonnes carbon per km2,1169.0,988.5940012706071
ROU,OCER,agri_potential_carbon,6875.730213257304,82.25659832018287,mean tonnes carbon per km2,3544.0,2460.3579978521166
RUS,OCER,agri_potential_carbon,7917.766401024506,20.42010643116986,mean tonnes carbon per km2,53640.0,52497.074997773096
RWA,OCER,agri_potential_carbon,6305.395500452385,634.5815992413754,mean tonnes carbon per km2,2.0,0.5259999990463257
WSM,OCER,agri_potential_carbon,,,mean tonnes carbon per km2,,
SMR,OCER,agri_potential_carbon,,,mean tonnes carbon per km2,,
TON,OCER,agri_potential_carbon,,,mean tonnes carbon per km2,,
TTO,OCER,agri_potential_carbon,,,mean tonnes carbon per km2,,
TUN,OCER,agri_potential_carbon,3678.8373683150685,129.96181008610674,mean tonnes carbon per km2,1049.0,345.0760001637042
TKM,OCER,agri_potential_carbon,1205.6319094755788,142.5989282826771,mean tonnes carbon per km2,7.0,0.4799999943375588
STP,OCER,agri_potential_carbon,,,mean tonnes carbon per km2,,
SAU,OCER,agri_potential_carbon,,,mean tonnes carbon per km2,,
SEN,OCER,agri_potential_carbon,8396.182111477863,242.4129767117657,mean tonnes carbon per km2,286.0,57.03799945764244
SVK,OCER,agri_potential_carbon,9554.983948586427,171.24919803242744,mean tonnes carbon per km2,791.0,426.52799980640407
SVN,OCER,agri_potential_carbon,11389.741780520495,285.6468386159104,mean tonnes carbon per km2,265.0,87.33799956172706
SLB,OCER,agri_potential_carbon,,,mean tonnes carbon per km2,,
SOM,OCER,agri_potential_carbon,,,mean tonnes carbon per km2,,
ZAF,OCER,agri_potential_carbon,5397.354003684857,93.38265503719298,mean tonnes carbon per km2,6473.0,581.7720005965233
SSD,OCER,agri_potential_carbon,,,mean tonnes carbon per km2,,
ESP,OCER,agri_potential_carbon,7437.269406366812,65.98915108302033,mean tonnes carbon per km2,6884.0,7805.534998721033
LKA,OCER,agri_potential_carbon,,,mean tonnes carbon per km2,,
KNA,OCER,agri_potential_carbon,,,mean tonnes carbon per km2,,
LCA,OCER,agri_potential_carbon,,,mean tonnes carbon per km2,,
VCT,OCER,agri_potential_carbon,,,mean tonnes carbon per km2,,
SDN,OCER,agri_potential_carbon,0.23296407956338258,0.0,mean tonnes carbon per km2,1.0,0.175
SUR,OCER,agri_potential_carbon,,,mean tonnes carbon per km2,,
SWZ,OCER,agri_potential_carbon,,,mean tonnes carbon per km2,,
SWE,OCER,agri_potential_carbon,15447.458227864441,246.7112050898654,mean tonnes carbon per km2,3177.0,2388.625001804456
CHE,OCER,agri_potential_carbon,12545.902364899604,260.20820627815243,mean tonnes carbon per km2,274.0,141.04399981766937
SYR,OCER,agri_potential_carbon,2840.380567839084,686.7554635457067,mean tonnes carbon per km2,7.0,4.209000015407802
TWN,OCER,agri_potential_carbon,12552.28476414344,1232.5610400711107,mean tonnes carbon per km2,83.0,1.4150000002235172
TJK,OCER,agri_potential_carbon,1068.345849451704,51.79809850843799,mean tonnes carbon per km2,324.0,30.253000085726384
TZA,OCER,agri_potential_carbon,7831.954705303018,43.97979841978949,mean tonnes carbon per km2,6777.0,316.55599989771844
THA,OCER,agri_potential_carbon,10149.02747487861,44.23213121198159,mean tonnes carbon per km2,4704.0,1632.8740055443345
TLS,OCER,agri_potential_carbon,,,mean tonnes carbon per km2,,
TGO,OCER,agri_potential_carbon,8530.408728602019,130.4357432743804,mean tonnes carbon per km2,598.0,12.548999966979027
TUV,OCER,agri_potential_carbon,,,mean tonnes carbon per km2,,
UGA,OCER,agri_potential_carbon,,,mean tonnes carbon per km2,,
URY,OCER,agri_potential_carbon,3078.7027559549833,60.999061706315544,mean tonnes carbon per km2,2067.0,252.41400016561153
UZB,OCER,agri_potential_carbon,1315.2722061725303,20.66746527221592,mean tonnes carbon per km2,1435.0,93.70800008043648
VUT,OCER,agri_potential_carbon,,,mean tonnes carbon per km2,,
VAT,OCER,agri_potential_carbon,,,mean tonnes carbon per km2,,
VEN,OCER,agri_potential_carbon,,,mean tonnes carbon per km2,,
VNM,OCER,agri_potential_carbon,14429.864868644316,382.8829579725068,mean tonnes carbon per km2,2.0,0.003000000044703484
ZMB,OCER,agri_potential_carbon,,,mean tonnes carbon per km2,,
ZWE,OCER,agri_potential_carbon,5685.659171342562,82.7624900911994,mean tonnes carbon per km2,2634.0,3.9450000531971456
YEM,OCER,agri_potential_carbon,,,mean tonnes carbon per km2,,
UKR,OCER,agri_potential_carbon,8016.616264573042,61.361941589148245,mean tonnes carbon per km2,10345.0,9019.321995123253
BHR,OCER,agri_potential_carbon,,,mean tonnes carbon per km2,,
KWT,OCER,agri_potential_carbon,,,mean tonnes carbon per km2,,
QAT,OCER,agri_potential_carbon,104.33545471280667,85.77254806014835,mean tonnes carbon per km2,31.0,0.07200000122189523
ARE,OCER,agri_potential_carbon,0.0,0.0,mean tonnes carbon per km2,2.0,0.32699999332427976
TUR,OCER,agri_potential_carbon,2242.039878308381,32.42272209691826,mean tonnes carbon per km2,11085.0,2477.2490007303654
ISR,OCER,agri_potential_carbon,3005.3897814338798,279.4988056145742,mean tonnes carbon per km2,116.0,9.32400000832975
BGD,OCER,agri_potential_carbon,,,mean tonnes carbon per km2,,
MMR,OCER,agri_potential_carbon,10193.282539319302,101.18538354251508,mean tonnes carbon per km2,1509.0,156.39100034952162
IND,OCER,agri_potential_carbon,4222.980337427335,4049.2665766319888,mean tonnes carbon per km2,2.0,0.02899999976158142
BEN,OCER,agri_potential_carbon,6263.982360458556,268.31339571431727,mean tonnes carbon per km2,58.0,9.71400007545948
NER,OCER,agri_potential_carbon,1486.7428343859683,48.018301390187005,mean tonnes carbon per km2,351.0,56.53299997091294
NGA,OCER,agri_potential_carbon,7421.276301384974,72.70614268934138,mean tonnes carbon per km2,2743.0,1389.4359997034073
111,OCER,agri_potential_carbon,,,mean tonnes carbon per km2,,
112,OCER,agri_potential_carbon,,,mean tonnes carbon per km2,,
113,OCER,agri_potential_carbon,,,mean tonnes carbon per km2,,
114,OCER,agri_potential_carbon,,,mean tonnes carbon per km2,,
115,OCER,agri_potential_carbon,,,mean tonnes carbon per km2,,
116,OCER,agri_potential_carbon,,,mean tonnes carbon per km2,,
117,OCER,agri_potential_carbon,,,mean tonnes carbon per km2,,
118,OCER,agri_potential_carbon,,,mean tonnes carbon per km2,,
119,OCER,agri_potential_carbon,,,mean tonnes carbon per km2,,
120,OCER,agri_potential_carbon,,,mean tonnes carbon per km2,,
121,OCER,agri_potential_carbon,,,mean tonnes carbon per km2,,
122,OCER,agri_potential_carbon,,,mean tonnes carbon per km2,,
123,OCER,agri_potential_carbon,,,mean tonnes carbon per km2,,
124,OCER,agri_potential_carbon,,,mean tonnes carbon per km2,,
125,OCER,agri_potential_carbon,,,mean tonnes carbon per km2,,
126,OCER,agri_potential_carbon,,,mean tonnes carbon per km2,,
127,OCER,agri_potential_carbon,,,mean tonnes carbon per km2,,
128,OCER,agri_potential_carbon,,,mean tonnes carbon per km2,,
129,OCER,agri_potential_carbon,,,mean tonnes carbon per km2,,
ESH,OCER,agri_potential_carbon,,,mean tonnes carbon per km2,,
AFG,TEAS,agri_potential_carbon,,,mean tonnes carbon per km2,,
GBR,TEAS,agri_potential_carbon,,,mean tonnes carbon per km2,,
ALB,TEAS,agri_potential_carbon,7514.951542632503,939.1840714832508,mean tonnes carbon per km2,2.0,0.11
DZA,TEAS,agri_potential_carbon,,,mean tonnes carbon per km2,,
USA,TEAS,agri_potential_carbon,,,mean tonnes carbon per km2,,
ATA,TEAS,agri_potential_carbon,,,mean tonnes carbon per km2,,
ATG,TEAS,agri_potential_carbon,,,mean tonnes carbon per km2,,
ARG,TEAS,agri_potential_carbon,5069.153808960196,320.33159884872174,mean tonnes carbon per km2,402.0,370.1959998974204
AND,TEAS,agri_potential_carbon,,,mean tonnes carbon per km2,,
AGO,TEAS,agri_potential_carbon,10955.780347426935,841.219323101147,mean tonnes carbon per km2,11.0,0.10300000131130219
ARM,TEAS,agri_potential_carbon,,,mean tonnes carbon per km2,,
NLD,TEAS,agri_potential_carbon,,,mean tonnes carbon per km2,,
AUS,TEAS,agri_potential_carbon,,,mean tonnes carbon per km2,,
AUT,TEAS,agri_potential_carbon,,,mean tonnes carbon per km2,,
AZE,TEAS,agri_potential_carbon,3759.036494696509,810.680540746681,mean tonnes carbon per km2,25.0,6.3609998720139265
BHS,TEAS,agri_potential_carbon,,,mean tonnes carbon per km2,,
BRB,TEAS,agri_potential_carbon,,,mean tonnes carbon per km2,,
BLR,TEAS,agri_potential_carbon,,,mean tonnes carbon per km2,,
BEL,TEAS,agri_potential_carbon,,,mean tonnes carbon per km2,,
BLZ,TEAS,agri_potential_carbon,,,mean tonnes carbon per km2,,
BTN,TEAS,agri_potential_carbon,,,mean tonnes carbon per km2,,
BOL,TEAS,agri_potential_carbon,1456.351709186012,1592.9052872363754,mean tonnes carbon per km2,83.0,2.500000021904707
BIH,TEAS,agri_potential_carbon,,,mean tonnes carbon per km2,,
BWA,TEAS,agri_potential_carbon,,,mean tonnes carbon per km2,,
NOR,TEAS,agri_potential_carbon,,,mean tonnes carbon per km2,,
COL,TEAS,agri_potential_carbon,11897.427243819147,434.42789528374806,mean tonnes carbon per km2,2.0,0.5509999847412109
COM,TEAS,agri_potential_carbon,,,mean tonnes carbon per km2,,
BRA,TEAS,agri_potential_carbon,7892.365111655841,666.0701875254028,mean tonnes carbon per km2,38.0,25.25200004458427
FRA,TEAS,agri_potential_carbon,,,mean tonnes carbon per km2,,
COD,TEAS,agri_potential_carbon,12651.555431196635,137.8922255562844,mean tonnes carbon per km2,3743.0,82.83800010479987
COG,TEAS,agri_potential_carbon,14968.834627640186,0.0,mean tonnes carbon per km2,1.0,0.008999999761581421
NZL,TEAS,agri_potential_carbon,,,mean tonnes carbon per km2,,
BRN,TEAS,agri_potential_carbon,,,mean tonnes carbon per km2,,
BGR,TEAS,agri_potential_carbon,,,mean tonnes carbon per km2,,
BFA,TEAS,agri_potential_carbon,1365.0502718652644,0.0,mean tonnes carbon per km2,1.0,0.0010000000149011613
BDI,TEAS,agri_potential_carbon,11003.461469538921,178.19609568562035,mean tonnes carbon per km2,228.0,80.68999986410141
CPV,TEAS,agri_potential_carbon,,,mean tonnes carbon per km2,,
KHM,TEAS,agri_potential_carbon,,,mean tonnes carbon per km2,,
CMR,TEAS,agri_potential_carbon,11127.831428174968,488.126588307064,mean tonnes carbon per km2,719.0,14.277000038027763
CAN,TEAS,agri_potential_carbon,,,mean tonnes carbon per km2,,
CRI,TEAS,agri_potential_carbon,,,mean tonnes carbon per km2,,
CIV,TEAS,agri_potential_carbon,,,mean tonnes carbon per km2,,
HRV,TEAS,agri_potential_carbon,,,mean tonnes carbon per km2,,
CUB,TEAS,agri_potential_carbon,,,mean tonnes carbon per km2,,
CAF,TEAS,agri_potential_carbon,10700.0,0.0,mean tonnes carbon per km2,1.0,0.0010000000149011613
TCD,TEAS,agri_potential_carbon,,,mean tonnes carbon per km2,,
CHL,TEAS,agri_potential_carbon,,,mean tonnes carbon per km2,,
CHN,TEAS,agri_potential_carbon,7882.1812564271895,65.98480688479273,mean tonnes carbon per km2,20279.0,14415.997995232643
CYP,TEAS,agri_potential_carbon,,,mean tonnes carbon per km2,,
CZE,TEAS,agri_potential_carbon,,,mean tonnes carbon per km2,,
DNK,TEAS,agri_potential_carbon,,,mean tonnes carbon per km2,,
DJI,TEAS,agri_potential_carbon,,,mean tonnes carbon per km2,,
DMA,TEAS,agri_potential_carbon,,,mean tonnes carbon per km2,,
DOM,TEAS,agri_potential_carbon,,,mean tonnes carbon per km2,,
ECU,TEAS,agri_potential_carbon,9926.780080353928,507.7558628257336,mean tonnes carbon per km2,415.0,6.528000024557114
EGY,TEAS,agri_potential_carbon,,,mean tonnes carbon per km2,,
SLV,TEAS,agri_potential_carbon,10311.404633301514,164.7025498709726,mean tonnes carbon per km2,151.0,2.31800000205636
GNQ,TEAS,agri_potential_carbon,,,mean tonnes carbon per km2,,
ERI,TEAS,agri_potential_carbon,,,mean tonnes carbon per km2,,
EST,TEAS,agri_potential_carbon,,,mean tonnes carbon per km2,,
ETH,TEAS,agri_potential_carbon,11971.226210532193,196.68561181885724,mean tonnes carbon per km2,260.0,73.43899906277657
FJI,TEAS,agri_potential_carbon,,,mean tonnes carbon per km2,,
FIN,TEAS,agri_potential_carbon,,,mean tonnes carbon per km2,,
GAB,TEAS,agri_potential_carbon,,,mean tonnes carbon per km2,,
GMB,TEAS,agri_potential_carbon,,,mean tonnes carbon per km2,,
MAR,TEAS,agri_potential_carbon,,,mean tonnes carbon per km2,,
MOZ,TEAS,agri_potential_carbon,9067.149625287617,83.15218487017458,mean tonnes carbon per km2,791.0,167.04499967575074
NAM,TEAS,agri_potential_carbon,,,mean tonnes carbon per km2,,
GEO,TEAS,agri_potential_carbon,6896.838251949402,332.22495369846064,mean tonnes carbon per km2,47.0,39.41699979841709
DEU,TEAS,agri_potential_carbon,,,mean tonnes carbon per km2,,
GHA,TEAS,agri_potential_carbon,,,mean tonnes carbon per km2,,
GRC,TEAS,agri_potential_carbon,,,mean tonnes carbon per km2,,
GRL,TEAS,agri_potential_carbon,,,mean tonnes carbon per km2,,
GRD,TEAS,agri_potential_carbon,,,mean tonnes carbon per km2,,
NRU,TEAS,agri_potential_carbon,,,mean tonnes carbon per km2,,
GTM,TEAS,agri_potential_carbon,9950.577432445305,156.38462602631466,mean tonnes carbon per km2,602.0,7.445000005960465
NPL,TEAS,agri_potential_carbon,6809.370687915657,1211.0864453653871,mean tonnes carbon per km2,123.0,107.83599993638694
GIN,TEAS,agri_potential_carbon,,,mean tonnes carbon per km2,,
GNB,TEAS,agri_potential_carbon,,,mean tonnes carbon per km2,,
GUY,TEAS,agri_potential_carbon,,,mean tonnes carbon per km2,,
HTI,TEAS,agri_potential_carbon,,,mean tonnes carbon per km2,,
JOR,TEAS,agri_potential_carbon,,,mean tonnes carbon per km2,,
HND,TEAS,agri_potential_carbon,,,mean tonnes carbon per km2,,
HUN,TEAS,agri_potential_carbon,,,mean tonnes carbon per km2,,
ISL,TEAS,agri_potential_carbon,,,mean tonnes carbon per km2,,
IDN,TEAS,agri_potential_carbon,14905.865209562822,371.3402256362305,mean tonnes carbon per km2,569.0,1230.5020000419765
IRN,TEAS,agri_potential_carbon,3485.614520116449,282.5223573407989,mean tonnes carbon per km2,94.0,209.6249986753613
IRQ,TEAS,agri_potential_carbon,,,mean tonnes carbon per km2,,
IRL,TEAS,agri_potential_carbon,,,mean tonnes carbon per km2,,
KAZ,TEAS,agri_potential_carbon,,,mean tonnes carbon per km2,,
KEN,TEAS,agri_potential_carbon,10710.125297628978,229.98768992961206,mean tonnes carbon per km2,306.0,1726.787994959429
KIR,TEAS,agri_potential_carbon,,,mean tonnes carbon per km2,,
PRK,TEAS,agri_potential_carbon,,,mean tonnes carbon per km2,,
KOR,TEAS,agri_potential_carbon,6939.10353355776,488.6688502900712,mean tonnes carbon per km2,92.0,18.725999902114275
XKX,TEAS,agri_potential_carbon,,,mean tonnes carbon per km2,,
SRB,TEAS,agri_potential_carbon,,,mean tonnes carbon per km2,,
SYC,TEAS,agri_potential_carbon,0.0,0.0,mean tonnes carbon per km2,2.0,0.21000000715255737
SLE,TEAS,agri_potential_carbon,,,mean tonnes carbon per km2,,
SGP,TEAS,agri_potential_carbon,,,mean tonnes carbon per km2,,
ITA,TEAS,agri_potential_carbon,,,mean tonnes carbon per km2,,
JAM,TEAS,agri_potential_carbon,,,mean tonnes carbon per km2,,
JPN,TEAS,agri_potential_carbon,4646.69182334875,456.7020247635191,mean tonnes carbon per km2,1138.0,463.6460012950003
KGZ,TEAS,agri_potential_carbon,,,mean tonnes carbon per km2,,
LAO,TEAS,agri_potential_carbon,11800.870748870406,591.0757962123125,mean tonnes carbon per km2,476.0,21.985999975949525
LVA,TEAS,agri_potential_carbon,,,mean tonnes carbon per km2,,
LBN,TEAS,agri_potential_carbon,,,mean tonnes carbon per km2,,
LSO,TEAS,agri_potential_carbon,,,mean tonnes carbon per km2,,
LBR,TEAS,agri_potential_carbon,,,mean tonnes carbon per km2,,
LBY,TEAS,agri_potential_carbon,,,mean tonnes carbon per km2,,
LIE,TEAS,agri_potential_carbon,,,mean tonnes carbon per km2,,
LTU,TEAS,agri_potential_carbon,,,mean tonnes carbon per km2,,
LUX,TEAS,agri_potential_carbon,,,mean tonnes carbon per km2,,
MCO,TEAS,agri_potential_carbon,,,mean tonnes carbon per km2,,
MNG,TEAS,agri_potential_carbon,,,mean tonnes carbon per km2,,
MNE,TEAS,agri_potential_carbon,7597.221611114708,447.68010351063094,mean tonnes carbon per km2,35.0,1.131000002473593
MKD,TEAS,agri_potential_carbon,,,mean tonnes carbon per km2,,
MDG,TEAS,agri_potential_carbon,9128.976026802753,203.5918548215119,mean tonnes carbon per km2,1110.0,3.368000042364001
MWI,TEAS,agri_potential_carbon,8081.7321667031165,337.469126399137,mean tonnes carbon per km2,55.0,199.36500046133992
MYS,TEAS,agri_potential_carbon,12522.318415274487,2011.9555703098267,mean tonnes carbon per km2,233.0,13.580999994650487
MDV,TEAS,agri_potential_carbon,,,mean tonnes carbon per km2,,
MLI,TEAS,agri_potential_carbon,2376.0560633274135,76.67831427602809,mean tonnes carbon per km2,538.0,0.5380000080168248
MLT,TEAS,agri_potential_carbon,,,mean tonnes carbon per km2,,
MHL,TEAS,agri_potential_carbon,,,mean tonnes carbon per km2,,
MRT,TEAS,agri_potential_carbon,,,mean tonnes carbon per km2,,
MUS,TEAS,agri_potential_carbon,10550.73762418915,1207.9315481219996,mean tonnes carbon per km2,23.0,6.65899999409914
MEX,TEAS,agri_potential_carbon,,,mean tonnes carbon per km2,,
FSM,TEAS,agri_potential_carbon,,,mean tonnes carbon per km2,,
MDA,TEAS,agri_potential_carbon,,,mean tonnes carbon per km2,,
NIC,TEAS,agri_potential_carbon,,,mean tonnes carbon per km2,,
OMN,TEAS,agri_potential_carbon,,,mean tonnes carbon per km2,,
PAK,TEAS,agri_potential_carbon,,,mean tonnes carbon per km2,,
PLW,TEAS,agri_potential_carbon,,,mean tonnes carbon per km2,,
PAN,TEAS,agri_potential_carbon,5016.671448808946,1562.1386080132374,mean tonnes carbon per km2,106.0,1.9260000005364417
PNG,TEAS,agri_potential_carbon,4601.712414563607,567.7337061263852,mean tonnes carbon per km2,358.0,20.11599999800324
PRY,TEAS,agri_potential_carbon,7988.9526305242125,641.9422465206748,mean tonnes carbon per km2,4.0,0.21000000596046448
PER,TEAS,agri_potential_carbon,3666.3621012670424,2258.1686956598865,mean tonnes carbon per km2,81.0,7.3380000534653655
PHL,TEAS,agri_potential_carbon,,,mean tonnes carbon per km2,,
POL,TEAS,agri_potential_carbon,,,mean tonnes carbon per km2,,
PRT,TEAS,agri_potential_carbon,9067.034922563224,107.87673272155078,mean tonnes carbon per km2,185.0,0.22600000366568568
ROU,TEAS,agri_potential_carbon,,,mean tonnes carbon per km2,,
RUS,TEAS,agri_potential_carbon,5611.240082480553,1112.8595171889838,mean tonnes carbon per km2,8.0,12.84800006866455
RWA,TEAS,agri_potential_carbon,12354.630576649972,667.344040637062,mean tonnes carbon per km2,70.0,137.3929987068474
WSM,TEAS,agri_potential_carbon,,,mean tonnes carbon per km2,,
SMR,TEAS,agri_potential_carbon,,,mean tonnes carbon per km2,,
TON,TEAS,agri_potential_carbon,,,mean tonnes carbon per km2,,
TTO,TEAS,agri_potential_carbon,,,mean tonnes carbon per km2,,
TUN,TEAS,agri_potential_carbon,,,mean tonnes carbon per km2,,
TKM,TEAS,agri_potential_carbon,,,mean tonnes carbon per km2,,
STP,TEAS,agri_potential_carbon,,,mean tonnes carbon per km2,,
SAU,TEAS,agri_potential_carbon,,,mean tonnes carbon per km2,,
SEN,TEAS,agri_potential_carbon,,,mean tonnes carbon per km2,,
SVK,TEAS,agri_potential_carbon,,,mean tonnes carbon per km2,,
SVN,TEAS,agri_potential_carbon,,,mean tonnes carbon per km2,,
SLB,TEAS,agri_potential_carbon,,,mean tonnes carbon per km2,,
SOM,TEAS,agri_potential_carbon,,,mean tonnes carbon per km2,,
ZAF,TEAS,agri_potential_carbon,10340.77923804323,135.17113305997538,mean tonnes carbon per km2,647.0,11.049999991580844
SSD,TEAS,agri_potential_carbon,11459.095127215607,0.0,mean tonnes carbon per km2,1.0,0.12
ESP,TEAS,agri_potential_carbon,,,mean tonnes carbon per km2,,
LKA,TEAS,agri_potential_carbon,14812.696098361543,346.3421048420156,mean tonnes carbon per km2,195.0,2147.4650048980866
KNA,TEAS,agri_potential_carbon,,,mean tonnes carbon per km2,,
LCA,TEAS,agri_potential_carbon,,,mean tonnes carbon per km2,,
VCT,TEAS,agri_potential_carbon,,,mean tonnes carbon per km2,,
SDN,TEAS,agri_potential_carbon,,,mean tonnes carbon per km2,,
SUR,TEAS,agri_potential_carbon,,,mean tonnes carbon per km2,,
SWZ,TEAS,agri_potential_carbon,,,mean tonnes carbon per km2,,
SWE,TEAS,agri_potential_carbon,,,mean tonnes carbon per km2,,
CHE,TEAS,agri_potential_carbon,,,mean tonnes carbon per km2,,
SYR,TEAS,agri_potential_carbon,,,mean tonnes carbon per km2,,
TWN,TEAS,agri_potential_carbon,14165.15444218415,851.004658472201,mean tonnes carbon per km2,111.0,79.88199989199637
TJK,TEAS,agri_potential_carbon,,,mean tonnes carbon per km2,,
TZA,TEAS,agri_potential_carbon,10203.842843697015,344.6536963185551,mean tonnes carbon per km2,354.0,143.73699941068884
THA,TEAS,agri_potential_carbon,11993.69496818792,201.32990269108797,mean tonnes carbon per km2,866.0,189.91900052607065
TLS,TEAS,agri_potential_carbon,,,mean tonnes carbon per km2,,
TGO,TEAS,agri_potential_carbon,,,mean tonnes carbon per km2,,
TUV,TEAS,agri_potential_carbon,,,mean tonnes carbon per km2,,
UGA,TEAS,agri_potential_carbon,9923.987373279895,98.20684707530717,mean tonnes carbon per km2,1581.0,214.2630000323057
URY,TEAS,agri_potential_carbon,,,mean tonnes carbon per km2,,
UZB,TEAS,agri_potential_carbon,,,mean tonnes carbon per km2,,
VUT,TEAS,agri_potential_carbon,,,mean tonnes carbon per km2,,
VAT,TEAS,agri_potential_carbon,,,mean tonnes carbon per km2,,
VEN,TEAS,agri_potential_carbon,,,mean tonnes carbon per km2,,
VNM,TEAS,agri_potential_carbon,14163.33913184696,249.29846177540935,mean tonnes carbon per km2,1137.0,1125.4419982662052
ZMB,TEAS,agri_potential_carbon,8094.272752210821,149.8410627640568,mean tonnes carbon per km2,83.0,5.913000060096383
ZWE,TEAS,agri_potential_carbon,7289.992346959945,250.67147752208012,mean tonnes carbon per km2,597.0,65.89899988159537
YEM,TEAS,agri_potential_carbon,,,mean tonnes carbon per km2,,
UKR,TEAS,agri_potential_carbon,,,mean tonnes carbon per km2,,
BHR,TEAS,agri_potential_carbon,,,mean tonnes carbon per km2,,
KWT,TEAS,agri_potential_carbon,,,mean tonnes carbon per km2,,
QAT,TEAS,agri_potential_carbon,,,mean tonnes carbon per km2,,
ARE,TEAS,agri_potential_carbon,,,mean tonnes carbon per km2,,
TUR,TEAS,agri_potential_carbon,4398.013447579367,268.5799398085118,mean tonnes carbon per km2,83.0,746.208000541702
ISR,TEAS,agri_potential_carbon,,,mean tonnes carbon per km2,,
BGD,TEAS,agri_potential_carbon,11586.228001784959,480.0539936568258,mean tonnes carbon per km2,172.0,572.937998566404
MMR,TEAS,agri_potential_carbon,5855.011212618752,610.293167395529,mean tonnes carbon per km2,1113.0,785.3740006543698
IND,TEAS,agri_potential_carbon,10865.012540537467,202.79903851859686,mean tonnes carbon per km2,2149.0,5794.4940045207
BEN,TEAS,agri_potential_carbon,,,mean tonnes carbon per km2,,
NER,TEAS,agri_potential_carbon,,,mean tonnes carbon per km2,,
NGA,TEAS,agri_potential_carbon,12000.0,0.0,mean tonnes carbon per km2,1.0,0.0030000001192092896
111,TEAS,agri_potential_carbon,,,mean tonnes carbon per km2,,
112,TEAS,agri_potential_carbon,,,mean tonnes carbon per km2,,
113,TEAS,agri_potential_carbon,0.0,0.0,mean tonnes carbon per km2,1.0,0.01600000023841858
114,TEAS,agri_potential_carbon,,,mean tonnes carbon per km2,,
115,TEAS,agri_potential_carbon,,,mean tonnes carbon per km2,,
116,TEAS,agri_potential_carbon,,,mean tonnes carbon per km2,,
117,TEAS,agri_potential_carbon,,,mean tonnes carbon per km2,,
118,TEAS,agri_potential_carbon,,,mean tonnes carbon per km2,,
119,TEAS,agri_potential_carbon,,,mean tonnes carbon per km2,,
120,TEAS,agri_potential_carbon,,,mean tonnes carbon per km2,,
121,TEAS,agri_potential_carbon,,,mean tonnes carbon per km2,,
122,TEAS,agri_potential_carbon,,,mean tonnes carbon per km2,,
123,TEAS,agri_potential_carbon,,,mean tonnes carbon per km2,,
124,TEAS,agri_potential_carbon,,,mean tonnes carbon per km2,,
125,TEAS,agri_potential_carbon,,,mean tonnes carbon per km2,,
126,TEAS,agri_potential_carbon,,,mean tonnes carbon per km2,,
127,TEAS,agri_potential_carbon,,,mean tonnes carbon per km2,,
128,TEAS,agri_potential_carbon,,,mean tonnes carbon per km2,,
129,TEAS,agri_potential_carbon,,,mean tonnes carbon per km2,,
ESH,TEAS,agri_potential_carbon,,,mean tonnes carbon per km2,,
AFG,GROU,agri_potential_carbon,3282.423564544159,990.8297414256938,mean tonnes carbon per km2,5.0,0.30899999275803564
GBR,GROU,agri_potential_carbon,,,mean tonnes carbon per km2,,
ALB,GROU,agri_potential_carbon,,,mean tonnes carbon per km2,,
DZA,GROU,agri_potential_carbon,3347.030025478248,786.0313228631195,mean tonnes carbon per km2,317.0,25.480999849215152
USA,GROU,agri_potential_carbon,6495.941211290709,86.03774472273608,mean tonnes carbon per km2,4159.0,4483.590999364183
ATA,GROU,agri_potential_carbon,,,mean tonnes carbon per km2,,
ATG,GROU,agri_potential_carbon,,,mean tonnes carbon per km2,,
ARG,GROU,agri_potential_carbon,3232.6642085346803,52.361302158681504,mean tonnes carbon per km2,3158.0,2467.81700012736
AND,GROU,agri_potential_carbon,,,mean tonnes carbon per km2,,
AGO,GROU,agri_potential_carbon,7306.826259686697,52.638442739697496,mean tonnes carbon per km2,5995.0,2039.318999832198
ARM,GROU,agri_potential_carbon,1773.5147430896493,0.0,mean tonnes carbon per km2,1.0,0.10399999618530273
NLD,GROU,agri_potential_carbon,,,mean tonnes carbon per km2,,
AUS,GROU,agri_potential_carbon,6144.204961087558,126.25741114335331,mean tonnes carbon per km2,1617.0,93.67400021754204
AUT,GROU,agri_potential_carbon,,,mean tonnes carbon per km2,,
AZE,GROU,agri_potential_carbon,5356.545785430679,2103.1408255183146,mean tonnes carbon per km2,4.0,0.021000000163912774
BHS,GROU,agri_potential_carbon,,,mean tonnes carbon per km2,,
BRB,GROU,agri_potential_carbon,12619.556401139555,922.5175229218967,mean tonnes carbon per km2,6.0,0.13000000074505808
BLR,GROU,agri_potential_carbon,,,mean tonnes carbon per km2,,
BEL,GROU,agri_potential_carbon,,,mean tonnes carbon per km2,,
BLZ,GROU,agri_potential_carbon,6943.91967575413,730.3652365370903,mean tonnes carbon per km2,32.0,0.4800000039488077
BTN,GROU,agri_potential_carbon,,,mean tonnes carbon per km2,,
BOL,GROU,agri_potential_carbon,7242.276613332549,240.2983678301593,mean tonnes carbon per km2,2447.0,99.75699987754226
BIH,GROU,agri_potential_carbon,,,mean tonnes carbon per km2,,
BWA,GROU,agri_potential_carbon,3799.0967995943965,74.62527619819797,mean tonnes carbon per km2,753.0,22.53600001901388
NOR,GROU,agri_potential_carbon,,,mean tonnes carbon per km2,,
COL,GROU,agri_potential_carbon,8530.730595239134,1837.1888659800593,mean tonnes carbon per km2,53.0,30.0749999397248
COM,GROU,agri_potential_carbon,,,mean tonnes carbon per km2,,
BRA,GROU,agri_potential_carbon,4965.9819602345015,146.8765483864369,mean tonnes carbon per km2,9097.0,982.6110002281516
FRA,GROU,agri_potential_carbon,,,mean tonnes carbon per km2,,
COD,GROU,agri_potential_carbon,11390.385153664365,66.84654533928698,mean tonnes carbon per km2,9856.0,4586.790999857336
COG,GROU,agri_potential_carbon,11705.243699874874,422.61426969798225,mean tonnes carbon per km2,591.0,206.76399990089237
NZL,GROU,agri_potential_carbon,,,mean tonnes carbon per km2,,
BRN,GROU,agri_potential_carbon,,,mean tonnes carbon per km2,,
BGR,GROU,agri_potential_carbon,4175.806329991539,702.1340737983102,mean tonnes carbon per km2,8.0,88.07999877929687
BFA,GROU,agri_potential_carbon,3530.4041752044823,62.71414517682247,mean tonnes carbon per km2,2601.0,3870.532999729961
BDI,GROU,agri_potential_carbon,9973.550422256063,316.48954782539676,mean tonnes carbon per km2,72.0,159.58599975585938
CPV,GROU,agri_potential_carbon,3794.7149332800604,580.6840455637564,mean tonnes carbon per km2,35.0,0.6990000015497209
KHM,GROU,agri_potential_carbon,13922.476957445673,220.9354299638397,mean tonnes carbon per km2,1298.0,171.32000003129244
CMR,GROU,agri_potential_carbon,6756.206203272259,154.34781523941749,mean tonnes carbon per km2,2266.0,3412.7440000596644
CAN,GROU,agri_potential_carbon,,,mean tonnes carbon per km2,,
CRI,GROU,agri_potential_carbon,11444.203119438866,1029.9336522645483,mean tonnes carbon per km2,20.0,1.8609999419748782
CIV,GROU,agri_potential_carbon,14507.356419158868,111.1121122415379,mean tonnes carbon per km2,3182.0,744.5359997761996
HRV,GROU,agri_potential_carbon,,,mean tonnes carbon per km2,,
CUB,GROU,agri_potential_carbon,12556.310425471413,135.39446187495645,mean tonnes carbon per km2,1046.0,88.29200011663139
CAF,GROU,agri_potential_carbon,8405.930800179125,234.18787538989199,mean tonnes carbon per km2,1025.0,558.4259998457879
TCD,GROU,agri_potential_carbon,2799.1657229011107,41.067188718959976,mean tonnes carbon per km2,4138.0,6492.775999560878
CHL,GROU,agri_potential_carbon,,,mean tonnes carbon per km2,,
CHN,GROU,agri_potential_carbon,7765.532461905235,52.60122618006835,mean tonnes carbon per km2,28546.0,44806.99698819638
CYP,GROU,agri_potential_carbon,4449.401124210255,245.8399851599865,mean tonnes carbon per km2,69.0,0.16100000254809857
CZE,GROU,agri_potential_carbon,,,mean tonnes carbon per km2,,
DNK,GROU,agri_potential_carbon,,,mean tonnes carbon per km2,,
DJI,GROU,agri_potential_carbon,,,mean tonnes carbon per km2,,
DMA,GROU,agri_potential_carbon,,,mean tonnes carbon per km2,,
DOM,GROU,agri_potential_carbon,6820.498808587581,412.84900433614115,mean tonnes carbon per km2,352.0,28.760000108554955
ECU,GROU,agri_potential_carbon,10517.255691082017,329.17957510319945,mean tonnes carbon per km2,622.0,163.70900013342498
EGY,GROU,agri_potential_carbon,369.8600637558699,72.56166478626835,mean tonnes carbon per km2,561.0,651.4020034012198
SLV,GROU,agri_potential_carbon,10946.549197255275,0.0,mean tonnes carbon per km2,1.0,0.00800000011920929
GNQ,GROU,agri_potential_carbon,,,mean tonnes carbon per km2,,
ERI,GROU,agri_potential_carbon,1376.2676458399928,66.62292019350068,mean tonnes carbon per km2,444.0,25.876999982371927
EST,GROU,agri_potential_carbon,,,mean tonnes carbon per km2,,
ETH,GROU,agri_potential_carbon,5892.405492807269,290.30951316361256,mean tonnes carbon per km2,2171.0,492.66399971693755
FJI,GROU,agri_potential_carbon,12590.103977766597,643.542907883688,mean tonnes carbon per km2,33.0,3.167999986410141
FIN,GROU,agri_potential_carbon,,,mean tonnes carbon per km2,,
GAB,GROU,agri_potential_carbon,12631.317973958248,685.1845120932702,mean tonnes carbon per km2,277.0,36.678000061959025
GMB,GROU,agri_potential_carbon,7785.992481534983,254.86918570471468,mean tonnes carbon per km2,123.0,1276.6899966430663
MAR,GROU,agri_potential_carbon,5041.031836793186,162.67455151491032,mean tonnes carbon per km2,68.0,210.93300083160398
MOZ,GROU,agri_potential_carbon,7298.27009733054,48.392535120694646,mean tonnes carbon per km2,6192.0,3231.9369998060165
NAM,GROU,agri_potential_carbon,1958.3169565714686,107.32313088772558,mean tonnes carbon per km2,633.0,7.568000014126301
GEO,GROU,agri_potential_carbon,5966.510485455961,577.0639364120993,mean tonnes carbon per km2,96.0,1.1770000068098307
DEU,GROU,agri_potential_carbon,,,mean tonnes carbon per km2,,
GHA,GROU,agri_potential_carbon,6318.323465367733,138.10033052264356,mean tonnes carbon per km2,1207.0,3446.235999068767
GRC,GROU,agri_potential_carbon,5496.075393405548,102.3072474929414,mean tonnes carbon per km2,732.0,4.777000023871661
GRL,GROU,agri_potential_carbon,,,mean tonnes carbon per km2,,
GRD,GROU,agri_potential_carbon,13481.812930353624,0.0,mean tonnes carbon per km2,1.0,0.23600000381469727
NRU,GROU,agri_potential_carbon,,,mean tonnes carbon per km2,,
GTM,GROU,agri_potential_carbon,10112.700973711973,111.01876144029114,mean tonnes carbon per km2,705.0,28.402999944612382
NPL,GROU,agri_potential_carbon,7538.605279277405,103.76099326556518,mean tonnes carbon per km2,3.0,0.10900000005960464
GIN,GROU,agri_potential_carbon,9844.85888958574,92.56640128216823,mean tonnes carbon per km2,1698.0,1551.91099985078
GNB,GROU,agri_potential_carbon,10790.857257270543,351.9348741294488,mean tonnes carbon per km2,279.0,267.3509997625649
GUY,GROU,agri_potential_carbon,7943.7013000729385,519.649922131781,mean tonnes carbon per km2,275.0,17.026999977529048
HTI,GROU,agri_potential_carbon,9968.36682082757,319.6258449683733,mean tonnes carbon per km2,273.0,303.96300222977993
JOR,GROU,agri_potential_carbon,,,mean tonnes carbon per km2,,
HND,GROU,agri_potential_carbon,8616.372715003396,1472.0793003782617,mean tonnes carbon per km2,594.0,4.024000146239995
HUN,GROU,agri_potential_carbon,,,mean tonnes carbon per km2,,
ISL,GROU,agri_potential_carbon,,,mean tonnes carbon per km2,,
IDN,GROU,agri_potential_carbon,10202.474964920559,212.5419378702832,mean tonnes carbon per km2,13032.0,5596.563006255552
IRN,GROU,agri_potential_carbon,727.1315722841084,29.93195349988461,mean tonnes carbon per km2,2989.0,13.89600010558963
IRQ,GROU,agri_potential_carbon,1481.9381738160741,53.49741694797157,mean tonnes carbon per km2,921.0,51.64499994464218
IRL,GROU,agri_potential_carbon,,,mean tonnes carbon per km2,,
KAZ,GROU,agri_potential_carbon,2131.5137022069403,161.86145762390683,mean tonnes carbon per km2,361.0,0.7510000145435334
KEN,GROU,agri_potential_carbon,9126.707248083505,384.1483300053387,mean tonnes carbon per km2,416.0,183.41199992530048
KIR,GROU,agri_potential_carbon,,,mean tonnes carbon per km2,,
PRK,GROU,agri_potential_carbon,10462.599771184063,0.0,mean tonnes carbon per km2,1.0,0.28700000762939454
KOR,GROU,agri_potential_carbon,7957.557471712587,157.6805921864921,mean tonnes carbon per km2,772.0,45.63300005145371
XKX,GROU,agri_potential_carbon,,,mean tonnes carbon per km2,,
SRB,GROU,agri_potential_carbon,,,mean tonnes carbon per km2,,
SYC,GROU,agri_potential_carbon,,,mean tonnes carbon per km2,,
SLE,GROU,agri_potential_carbon,14529.378702849452,232.27525534248662,mean tonnes carbon per km2,368.0,539.8820010200143
SGP,GROU,agri_potential_carbon,,,mean tonnes carbon per km2,,
ITA,GROU,agri_potential_carbon,,,mean tonnes carbon per km2,,
JAM,GROU,agri_potential_carbon,11334.889644118746,456.4468485777254,mean tonnes carbon per km2,118.0,18.887000021040436
JPN,GROU,agri_potential_carbon,5188.449596340322,526.1089014319806,mean tonnes carbon per km2,930.0,76.54400030188262
KGZ,GROU,agri_potential_carbon,2342.196404819165,159.16892802168454,mean tonnes carbon per km2,128.0,1.5179999969899654
LAO,GROU,agri_potential_carbon,13103.314069081694,231.98732404478085,mean tonnes carbon per km2,1473.0,248.86399971239265
LVA,GROU,agri_potential_carbon,,,mean tonnes carbon per km2,,
LBN,GROU,agri_potential_carbon,5228.492253826152,440.17645990402065,mean tonnes carbon per km2,11.0,27.634000267982483
LSO,GROU,agri_potential_carbon,4629.1971259540005,0.0,mean tonnes carbon per km2,1.0,1.104000015258789
LBR,GROU,agri_potential_carbon,16907.933498694187,759.2197492192681,mean tonnes carbon per km2,113.0,17.906999936401842
LBY,GROU,agri_potential_carbon,280.2623463601434,90.12624071183491,mean tonnes carbon per km2,797.0,97.68699985958636
LIE,GROU,agri_potential_carbon,,,mean tonnes carbon per km2,,
LTU,GROU,agri_potential_carbon,,,mean tonnes carbon per km2,,
LUX,GROU,agri_potential_carbon,,,mean tonnes carbon per km2,,
MCO,GROU,agri_potential_carbon,,,mean tonnes carbon per km2,,
MNG,GROU,agri_potential_carbon,,,mean tonnes carbon per km2,,
MNE,GROU,agri_potential_carbon,,,mean tonnes carbon per km2,,
MKD,GROU,agri_potential_carbon,,,mean tonnes carbon per km2,,
MDG,GROU,agri_potential_carbon,6978.314481390156,125.27200446349003,mean tonnes carbon per km2,3532.0,469.1689993976057
MWI,GROU,agri_potential_carbon,6659.04079339003,74.74804173484846,mean tonnes carbon per km2,839.0,2871.4289957974106
MYS,GROU,agri_potential_carbon,14780.078457601881,367.74189475418825,mean tonnes carbon per km2,228.0,1.6250000078231097
MDV,GROU,agri_potential_carbon,,,mean tonnes carbon per km2,,
MLI,GROU,agri_potential_carbon,3766.898684818111,56.21430621856967,mean tonnes carbon per km2,2703.0,3366.715996644497
MLT,GROU,agri_potential_carbon,,,mean tonnes carbon per km2,,
MHL,GROU,agri_potential_carbon,,,mean tonnes carbon per km2,,
MRT,GROU,agri_potential_carbon,2485.998246834413,109.3911807932883,mean tonnes carbon per km2,124.0,10.417000002339481
MUS,GROU,agri_potential_carbon,11652.523785701698,308.8036280543351,mean tonnes carbon per km2,16.0,1.8890000152587891
MEX,GROU,agri_potential_carbon,5363.705714176488,274.0197903086267,mean tonnes carbon per km2,2416.0,524.7069983875751
FSM,GROU,agri_potential_carbon,,,mean tonnes carbon per km2,,
MDA,GROU,agri_potential_carbon,,,mean tonnes carbon per km2,,
NIC,GROU,agri_potential_carbon,8803.471871100144,231.0849865282623,mean tonnes carbon per km2,211.0,330.29800109691917
OMN,GROU,agri_potential_carbon,,,mean tonnes carbon per km2,,
PAK,GROU,agri_potential_carbon,3300.6618647321616,120.46228304085622,mean tonnes carbon per km2,1175.0,885.4269982731342
PLW,GROU,agri_potential_carbon,,,mean tonnes carbon per km2,,
PAN,GROU,agri_potential_carbon,,,mean tonnes carbon per km2,,
PNG,GROU,agri_potential_carbon,7648.5101589291,463.852864757445,mean tonnes carbon per km2,257.0,5.842999942302704
PRY,GROU,agri_potential_carbon,6623.297955498779,73.48795471764174,mean tonnes carbon per km2,3316.0,251.0260002347827
PER,GROU,agri_potential_carbon,5880.644126418476,673.6138048644033,mean tonnes carbon per km2,479.0,36.18899990841746
PHL,GROU,agri_potential_carbon,13818.67861435331,189.32199728161078,mean tonnes carbon per km2,2526.0,266.5940004707128
POL,GROU,agri_potential_carbon,,,mean tonnes carbon per km2,,
PRT,GROU,agri_potential_carbon,8370.19363832049,125.89113895055422,mean tonnes carbon per km2,74.0,0.07400000110268594
ROU,GROU,agri_potential_carbon,2823.468554117563,0.0,mean tonnes carbon per km2,1.0,11.92
RUS,GROU,agri_potential_carbon,5463.705871727843,349.7405696195924,mean tonnes carbon per km2,3.0,0.24600000023841856
RWA,GROU,agri_potential_carbon,8589.284745104118,803.5347756508675,mean tonnes carbon per km2,56.0,120.41200152635574
WSM,GROU,agri_potential_carbon,,,mean tonnes carbon per km2,,
SMR,GROU,agri_potential_carbon,,,mean tonnes carbon per km2,,
TON,GROU,agri_potential_carbon,3272.5336869564817,1540.0932145035508,mean tonnes carbon per km2,3.0,1.5089999771118163
TTO,GROU,agri_potential_carbon,,,mean tonnes carbon per km2,,
TUN,GROU,agri_potential_carbon,,,mean tonnes carbon per km2,,
TKM,GROU,agri_potential_carbon,1264.285145051109,263.81107067870715,mean tonnes carbon per km2,9.0,0.5900000068545341
STP,GROU,agri_potential_carbon,,,mean tonnes carbon per km2,,
SAU,GROU,agri_potential_carbon,1420.0745623920975,314.51460723968574,mean tonnes carbon per km2,3289.0,7.143000110015274
SEN,GROU,agri_potential_carbon,5067.0447804728265,104.65939415522288,mean tonnes carbon per km2,1509.0,10269.900004699826
SVK,GROU,agri_potential_carbon,,,mean tonnes carbon per km2,,
SVN,GROU,agri_potential_carbon,,,mean tonnes carbon per km2,,
SLB,GROU,agri_potential_carbon,,,mean tonnes carbon per km2,,
SOM,GROU,agri_potential_carbon,1785.9746713495383,78.16734391806399,mean tonnes carbon per km2,1901.0,66.20099999487401
ZAF,GROU,agri_potential_carbon,3448.428302527638,74.32357248628381,mean tonnes carbon per km2,4501.0,552.8900000791997
SSD,GROU,agri_potential_carbon,5948.056260721647,92.43610125644753,mean tonnes carbon per km2,4178.0,545.4390007770062
ESP,GROU,agri_potential_carbon,5174.080785220289,298.3550486448435,mean tonnes carbon per km2,14.0,0.014000000208616257
LKA,GROU,agri_potential_carbon,8552.343104631085,221.19779943314387,mean tonnes carbon per km2,567.0,91.29500002853572
KNA,GROU,agri_potential_carbon,13746.265234337538,510.2176991306605,mean tonnes carbon per km2,3.0,0.16099999904632567
LCA,GROU,agri_potential_carbon,,,mean tonnes carbon per km2,,
VCT,GROU,agri_potential_carbon,12595.674837559574,4318.8628231984385,mean tonnes carbon per km2,3.0,0.6030000078678132
SDN,GROU,agri_potential_carbon,1115.335919037213,29.41749909039238,mean tonnes carbon per km2,5102.0,12020.224002149404
SUR,GROU,agri_potential_carbon,7605.417384540246,1043.9228468790004,mean tonnes carbon per km2,33.0,0.190000000372529
SWZ,GROU,agri_potential_carbon,8021.682511967172,260.00558262627857,mean tonnes carbon per km2,171.0,57.14100019477308
SWE,GROU,agri_potential_carbon,,,mean tonnes carbon per km2,,
CHE,GROU,agri_potential_carbon,,,mean tonnes carbon per km2,,
SYR,GROU,agri_potential_carbon,708.7396028927728,57.39224970738151,mean tonnes carbon per km2,1247.0,48.002999988645314
TWN,GROU,agri_potential_carbon,14381.73262424399,790.1636379257159,mean tonnes carbon per km2,79.0,209.89299968630064
TJK,GROU,agri_potential_carbon,1302.2730931278425,63.119631583410396,mean tonnes carbon per km2,295.0,19.484999941512942
TZA,GROU,agri_potential_carbon,8401.026929733052,164.9446974854887,mean tonnes carbon per km2,4987.0,4715.858995175735
THA,GROU,agri_potential_carbon,9774.575348550301,91.79348212400029,mean tonnes carbon per km2,5479.0,313.94900000773373
TLS,GROU,agri_potential_carbon,11413.344730613313,310.40748665251124,mean tonnes carbon per km2,146.0,21.054000046253208
TGO,GROU,agri_potential_carbon,7533.355723031525,142.70390556544405,mean tonnes carbon per km2,599.0,658.0210006189346
TUV,GROU,agri_potential_carbon,,,mean tonnes carbon per km2,,
UGA,GROU,agri_potential_carbon,9351.285148305888,210.6840188694246,mean tonnes carbon per km2,1815.0,2224.6839996235817
URY,GROU,agri_potential_carbon,3276.986777846494,81.19703528844262,mean tonnes carbon per km2,967.0,28.384000028222797
UZB,GROU,agri_potential_carbon,1395.3330038325234,22.81678387495976,mean tonnes carbon per km2,1245.0,49.25800005637109
VUT,GROU,agri_potential_carbon,7615.690218697101,1031.455263459741,mean tonnes carbon per km2,24.0,3.9779999923706058
VAT,GROU,agri_potential_carbon,,,mean tonnes carbon per km2,,
VEN,GROU,agri_potential_carbon,5673.681733108444,1116.6064900908125,mean tonnes carbon per km2,136.0,2.395000014230609
VNM,GROU,agri_potential_carbon,13641.110459177455,151.59509148699107,mean tonnes carbon per km2,1580.0,2314.498001472354
ZMB,GROU,agri_potential_carbon,7234.724857532599,48.95635034605026,mean tonnes carbon per km2,5951.0,2186.293002323732
ZWE,GROU,agri_potential_carbon,6062.644056098356,41.60386423598806,mean tonnes carbon per km2,3859.0,2702.291999472156
YEM,GROU,agri_potential_carbon,,,mean tonnes carbon per km2,,
UKR,GROU,agri_potential_carbon,,,mean tonnes carbon per km2,,
BHR,GROU,agri_potential_carbon,,,mean tonnes carbon per km2,,
KWT,GROU,agri_potential_carbon,,,mean tonnes carbon per km2,,
QAT,GROU,agri_potential_carbon,,,mean tonnes carbon per km2,,
ARE,GROU,agri_potential_carbon,,,mean tonnes carbon per km2,,
TUR,GROU,agri_potential_carbon,4003.529958379654,116.5949917620439,mean tonnes carbon per km2,2940.0,259.14999976962804
ISR,GROU,agri_potential_carbon,3016.903273138603,280.1703862217139,mean tonnes carbon per km2,117.0,24.934000036939974
BGD,GROU,agri_potential_carbon,9999.933128137684,239.33189062489538,mean tonnes carbon per km2,524.0,318.46400088630617
MMR,GROU,agri_potential_carbon,6853.571275875742,135.46950438681793,mean tonnes carbon per km2,3416.0,8539.584004787132
IND,GROU,agri_potential_carbon,4381.355515022555,53.996661380134434,mean tonnes carbon per km2,26341.0,54824.390990797365
BEN,GROU,agri_potential_carbon,8665.6522958522,164.98550780061947,mean tonnes carbon per km2,1119.0,983.9169988380372
NER,GROU,agri_potential_carbon,2274.460821923431,38.84509615741577,mean tonnes carbon per km2,2477.0,4518.308000287414
NGA,GROU,agri_potential_carbon,5120.140810051589,55.75226181460641,mean tonnes carbon per km2,8996.0,25608.07099465847
111,GROU,agri_potential_carbon,3734.279939250547,181.74214467910278,mean tonnes carbon per km2,45.0,19.13299997583032
112,GROU,agri_potential_carbon,,,mean tonnes carbon per km2,,
113,GROU,agri_potential_carbon,,,mean tonnes carbon per km2,,
114,GROU,agri_potential_carbon,,,mean tonnes carbon per km2,,
115,GROU,agri_potential_carbon,,,mean tonnes carbon per km2,,
116,GROU,agri_potential_carbon,,,mean tonnes carbon per km2,,
117,GROU,agri_potential_carbon,,,mean tonnes carbon per km2,,
118,GROU,agri_potential_carbon,,,mean tonnes carbon per km2,,
119,GROU,agri_potential_carbon,,,mean tonnes carbon per km2,,
120,GROU,agri_potential_carbon,,,mean tonnes carbon per km2,,
121,GROU,agri_potential_carbon,,,mean tonnes carbon per km2,,
122,GROU,agri_potential_carbon,,,mean tonnes carbon per km2,,
123,GROU,agri_potential_carbon,,,mean tonnes carbon per km2,,
124,GROU,agri_potential_carbon,,,mean tonnes carbon per km2,,
125,GROU,agri_potential_carbon,,,mean tonnes carbon per km2,,
126,GROU,agri_potential_carbon,,,mean tonnes carbon per km2,,
127,GROU,agri_potential_carbon,,,mean tonnes carbon per km2,,
128,GROU,agri_potential_carbon,,,mean tonnes carbon per km2,,
129,GROU,agri_potential_carbon,,,mean tonnes carbon per km2,,
ESH,GROU,agri_potential_carbon,,,mean tonnes carbon per km2,,
AFG,PIGE,agri_potential_carbon,,,mean tonnes carbon per km2,,
GBR,PIGE,agri_potential_carbon,,,mean tonnes carbon per km2,,
ALB,PIGE,agri_potential_carbon,,,mean tonnes carbon per km2,,
DZA,PIGE,agri_potential_carbon,,,mean tonnes carbon per km2,,
USA,PIGE,agri_potential_carbon,13264.17996578609,369.6960854099643,mean tonnes carbon per km2,89.0,2.8329999962449075
ATA,PIGE,agri_potential_carbon,,,mean tonnes carbon per km2,,
ATG,PIGE,agri_potential_carbon,,,mean tonnes carbon per km2,,
ARG,PIGE,agri_potential_carbon,,,mean tonnes carbon per km2,,
AND,PIGE,agri_potential_carbon,,,mean tonnes carbon per km2,,
AGO,PIGE,agri_potential_carbon,11262.427366622815,1095.6294018688943,mean tonnes carbon per km2,11.0,2.8029999828338625
ARM,PIGE,agri_potential_carbon,,,mean tonnes carbon per km2,,
NLD,PIGE,agri_potential_carbon,,,mean tonnes carbon per km2,,
AUS,PIGE,agri_potential_carbon,,,mean tonnes carbon per km2,,
AUT,PIGE,agri_potential_carbon,,,mean tonnes carbon per km2,,
AZE,PIGE,agri_potential_carbon,,,mean tonnes carbon per km2,,
BHS,PIGE,agri_potential_carbon,7030.805219636872,5998.941068186791,mean tonnes carbon per km2,8.0,1.2470000004768371
BRB,PIGE,agri_potential_carbon,,,mean tonnes carbon per km2,,
BLR,PIGE,agri_potential_carbon,,,mean tonnes carbon per km2,,
BEL,PIGE,agri_potential_carbon,,,mean tonnes carbon per km2,,
BLZ,PIGE,agri_potential_carbon,,,mean tonnes carbon per km2,,
BTN,PIGE,agri_potential_carbon,16369.608601458667,1499.4666323099582,mean tonnes carbon per km2,2.0,0.006000000014901161
BOL,PIGE,agri_potential_carbon,,,mean tonnes carbon per km2,,
BIH,PIGE,agri_potential_carbon,,,mean tonnes carbon per km2,,
BWA,PIGE,agri_potential_carbon,,,mean tonnes carbon per km2,,
NOR,PIGE,agri_potential_carbon,,,mean tonnes carbon per km2,,
COL,PIGE,agri_potential_carbon,,,mean tonnes carbon per km2,,
COM,PIGE,agri_potential_carbon,,,mean tonnes carbon per km2,,
BRA,PIGE,agri_potential_carbon,,,mean tonnes carbon per km2,,
FRA,PIGE,agri_potential_carbon,,,mean tonnes carbon per km2,,
COD,PIGE,agri_potential_carbon,12557.867862725532,136.41651467381675,mean tonnes carbon per km2,677.0,92.71600019603969
COG,PIGE,agri_potential_carbon,13205.36531681798,440.4767931739634,mean tonnes carbon per km2,2.0,0.017999999523162842
NZL,PIGE,agri_potential_carbon,,,mean tonnes carbon per km2,,
BRN,PIGE,agri_potential_carbon,,,mean tonnes carbon per km2,,
BGR,PIGE,agri_potential_carbon,,,mean tonnes carbon per km2,,
BFA,PIGE,agri_potential_carbon,,,mean tonnes carbon per km2,,
BDI,PIGE,agri_potential_carbon,9933.730000580956,227.52844827573549,mean tonnes carbon per km2,134.0,35.784000023826955
CPV,PIGE,agri_potential_carbon,,,mean tonnes carbon per km2,,
KHM,PIGE,agri_potential_carbon,,,mean tonnes carbon per km2,,
CMR,PIGE,agri_potential_carbon,,,mean tonnes carbon per km2,,
CAN,PIGE,agri_potential_carbon,,,mean tonnes carbon per km2,,
CRI,PIGE,agri_potential_carbon,,,mean tonnes carbon per km2,,
CIV,PIGE,agri_potential_carbon,,,mean tonnes carbon per km2,,
HRV,PIGE,agri_potential_carbon,,,mean tonnes carbon per km2,,
CUB,PIGE,agri_potential_carbon,,,mean tonnes carbon per km2,,
CAF,PIGE,agri_potential_carbon,,,mean tonnes carbon per km2,,
TCD,PIGE,agri_potential_carbon,,,mean tonnes carbon per km2,,
CHL,PIGE,agri_potential_carbon,,,mean tonnes carbon per km2,,
CHN,PIGE,agri_potential_carbon,,,mean tonnes carbon per km2,,
CYP,PIGE,agri_potential_carbon,,,mean tonnes carbon per km2,,
CZE,PIGE,agri_potential_carbon,,,mean tonnes carbon per km2,,
DNK,PIGE,agri_potential_carbon,,,mean tonnes carbon per km2,,
DJI,PIGE,agri_potential_carbon,,,mean tonnes carbon per km2,,
DMA,PIGE,agri_potential_carbon,,,mean tonnes carbon per km2,,
DOM,PIGE,agri_potential_carbon,9532.173891325563,215.65114952108547,mean tonnes carbon per km2,511.0,235.89999993667007
ECU,PIGE,agri_potential_carbon,,,mean tonnes carbon per km2,,
EGY,PIGE,agri_potential_carbon,,,mean tonnes carbon per km2,,
SLV,PIGE,agri_potential_carbon,,,mean tonnes carbon per km2,,
GNQ,PIGE,agri_potential_carbon,,,mean tonnes carbon per km2,,
ERI,PIGE,agri_potential_carbon,,,mean tonnes carbon per km2,,
EST,PIGE,agri_potential_carbon,,,mean tonnes carbon per km2,,
ETH,PIGE,agri_potential_carbon,,,mean tonnes carbon per km2,,
FJI,PIGE,agri_potential_carbon,,,mean tonnes carbon per km2,,
FIN,PIGE,agri_potential_carbon,,,mean tonnes carbon per km2,,
GAB,PIGE,agri_potential_carbon,,,mean tonnes carbon per km2,,
GMB,PIGE,agri_potential_carbon,,,mean tonnes carbon per km2,,
MAR,PIGE,agri_potential_carbon,,,mean tonnes carbon per km2,,
MOZ,PIGE,agri_potential_carbon,5883.361657664884,570.7115251276625,mean tonnes carbon per km2,3.0,4.20500006109476
NAM,PIGE,agri_potential_carbon,,,mean tonnes carbon per km2,,
GEO,PIGE,agri_potential_carbon,,,mean tonnes carbon per km2,,
DEU,PIGE,agri_potential_carbon,,,mean tonnes carbon per km2,,
GHA,PIGE,agri_potential_carbon,,,mean tonnes carbon per km2,,
GRC,PIGE,agri_potential_carbon,,,mean tonnes carbon per km2,,
GRL,PIGE,agri_potential_carbon,,,mean tonnes carbon per km2,,
GRD,PIGE,agri_potential_carbon,14383.215612764314,611.2438534856565,mean tonnes carbon per km2,5.0,4.184000000953675
NRU,PIGE,agri_potential_carbon,,,mean tonnes carbon per km2,,
GTM,PIGE,agri_potential_carbon,,,mean tonnes carbon per km2,,
NPL,PIGE,agri_potential_carbon,9095.625401906884,217.68478142231626,mean tonnes carbon per km2,471.0,186.76399929881097
GIN,PIGE,agri_potential_carbon,,,mean tonnes carbon per km2,,
GNB,PIGE,agri_potential_carbon,,,mean tonnes carbon per km2,,
GUY,PIGE,agri_potential_carbon,,,mean tonnes carbon per km2,,
HTI,PIGE,agri_potential_carbon,9798.48738677834,261.1997782502867,mean tonnes carbon per km2,281.0,854.5799987213313
JOR,PIGE,agri_potential_carbon,,,mean tonnes carbon per km2,,
HND,PIGE,agri_potential_carbon,,,mean tonnes carbon per km2,,
HUN,PIGE,agri_potential_carbon,,,mean tonnes carbon per km2,,
ISL,PIGE,agri_potential_carbon,,,mean tonnes carbon per km2,,
IDN,PIGE,agri_potential_carbon,,,mean tonnes carbon per km2,,
IRN,PIGE,agri_potential_carbon,,,mean tonnes carbon per km2,,
IRQ,PIGE,agri_potential_carbon,,,mean tonnes carbon per km2,,
IRL,PIGE,agri_potential_carbon,,,mean tonnes carbon per km2,,
KAZ,PIGE,agri_potential_carbon,,,mean tonnes carbon per km2,,
KEN,PIGE,agri_potential_carbon,6364.797139146462,199.3946552342855,mean tonnes carbon per km2,677.0,1383.9989957174657
KIR,PIGE,agri_potential_carbon,,,mean tonnes carbon per km2,,
PRK,PIGE,agri_potential_carbon,,,mean tonnes carbon per km2,,
KOR,PIGE,agri_potential_carbon,,,mean tonnes carbon per km2,,
XKX,PIGE,agri_potential_carbon,,,mean tonnes carbon per km2,,
SRB,PIGE,agri_potential_carbon,,,mean tonnes carbon per km2,,
SYC,PIGE,agri_potential_carbon,,,mean tonnes carbon per km2,,
SLE,PIGE,agri_potential_carbon,,,mean tonnes carbon per km2,,
SGP,PIGE,agri_potential_carbon,,,mean tonnes carbon per km2,,
ITA,PIGE,agri_potential_carbon,,,mean tonnes carbon per km2,,
JAM,PIGE,agri_potential_carbon,11319.18228884621,454.3109576997484,mean tonnes carbon per km2,118.0,7.641000004187227
JPN,PIGE,agri_potential_carbon,,,mean tonnes carbon per km2,,
KGZ,PIGE,agri_potential_carbon,,,mean tonnes carbon per km2,,
LAO,PIGE,agri_potential_carbon,,,mean tonnes carbon per km2,,
LVA,PIGE,agri_potential_carbon,,,mean tonnes carbon per km2,,
LBN,PIGE,agri_potential_carbon,,,mean tonnes carbon per km2,,
LSO,PIGE,agri_potential_carbon,,,mean tonnes carbon per km2,,
LBR,PIGE,agri_potential_carbon,,,mean tonnes carbon per km2,,
LBY,PIGE,agri_potential_carbon,,,mean tonnes carbon per km2,,
LIE,PIGE,agri_potential_carbon,,,mean tonnes carbon per km2,,
LTU,PIGE,agri_potential_carbon,,,mean tonnes carbon per km2,,
LUX,PIGE,agri_potential_carbon,,,mean tonnes carbon per km2,,
MCO,PIGE,agri_potential_carbon,,,mean tonnes carbon per km2,,
MNG,PIGE,agri_potential_carbon,,,mean tonnes carbon per km2,,
MNE,PIGE,agri_potential_carbon,,,mean tonnes carbon per km2,,
MKD,PIGE,agri_potential_carbon,,,mean tonnes carbon per km2,,
MDG,PIGE,agri_potential_carbon,,,mean tonnes carbon per km2,,
MWI,PIGE,agri_potential_carbon,6832.765135786494,120.2128442474846,mean tonnes carbon per km2,832.0,1862.168000756502
MYS,PIGE,agri_potential_carbon,,,mean tonnes carbon per km2,,
MDV,PIGE,agri_potential_carbon,,,mean tonnes carbon per km2,,
MLI,PIGE,agri_potential_carbon,,,mean tonnes carbon per km2,,
MLT,PIGE,agri_potential_carbon,,,mean tonnes carbon per km2,,
MHL,PIGE,agri_potential_carbon,,,mean tonnes carbon per km2,,
MRT,PIGE,agri_potential_carbon,,,mean tonnes carbon per km2,,
MUS,PIGE,agri_potential_carbon,,,mean tonnes carbon per km2,,
MEX,PIGE,agri_potential_carbon,,,mean tonnes carbon per km2,,
FSM,PIGE,agri_potential_carbon,,,mean tonnes carbon per km2,,
MDA,PIGE,agri_potential_carbon,,,mean tonnes carbon per km2,,
NIC,PIGE,agri_potential_carbon,,,mean tonnes carbon per km2,,
OMN,PIGE,agri_potential_carbon,,,mean tonnes carbon per km2,,
PAK,PIGE,agri_potential_carbon,1361.4614402012069,199.37499545829715,mean tonnes carbon per km2,3.0,0.27699999429285527
PLW,PIGE,agri_potential_carbon,,,mean tonnes carbon per km2,,
PAN,PIGE,agri_potential_carbon,10850.301865969046,294.9654509353479,mean tonnes carbon per km2,548.0,37.6799998767674
PNG,PIGE,agri_potential_carbon,,,mean tonnes carbon per km2,,
PRY,PIGE,agri_potential_carbon,,,mean tonnes carbon per km2,,
PER,PIGE,agri_potential_carbon,,,mean tonnes carbon per km2,,
PHL,PIGE,agri_potential_carbon,13871.913375732162,96.20604723368356,mean tonnes carbon per km2,2174.0,9.294000118151308
POL,PIGE,agri_potential_carbon,,,mean tonnes carbon per km2,,
PRT,PIGE,agri_potential_carbon,,,mean tonnes carbon per km2,,
ROU,PIGE,agri_potential_carbon,,,mean tonnes carbon per km2,,
RUS,PIGE,agri_potential_carbon,,,mean tonnes carbon per km2,,
RWA,PIGE,agri_potential_carbon,6239.488063245662,0.0,mean tonnes carbon per km2,1.0,0.24899999618530275
WSM,PIGE,agri_potential_carbon,,,mean tonnes carbon per km2,,
SMR,PIGE,agri_potential_carbon,,,mean tonnes carbon per km2,,
TON,PIGE,agri_potential_carbon,,,mean tonnes carbon per km2,,
TTO,PIGE,agri_potential_carbon,11761.987546777009,1178.2963927074195,mean tonnes carbon per km2,34.0,9.509000026285648
TUN,PIGE,agri_potential_carbon,,,mean tonnes carbon per km2,,
TKM,PIGE,agri_potential_carbon,,,mean tonnes carbon per km2,,
STP,PIGE,agri_potential_carbon,,,mean tonnes carbon per km2,,
SAU,PIGE,agri_potential_carbon,,,mean tonnes carbon per km2,,
SEN,PIGE,agri_potential_carbon,,,mean tonnes carbon per km2,,
SVK,PIGE,agri_potential_carbon,,,mean tonnes carbon per km2,,
SVN,PIGE,agri_potential_carbon,,,mean tonnes carbon per km2,,
SLB,PIGE,agri_potential_carbon,,,mean tonnes carbon per km2,,
SOM,PIGE,agri_potential_carbon,,,mean tonnes carbon per km2,,
ZAF,PIGE,agri_potential_carbon,,,mean tonnes carbon per km2,,
SSD,PIGE,agri_potential_carbon,4575.389002411486,2886.7716246215973,mean tonnes carbon per km2,3.0,0.42599999070167544
ESP,PIGE,agri_potential_carbon,,,mean tonnes carbon per km2,,
LKA,PIGE,agri_potential_carbon,,,mean tonnes carbon per km2,,
KNA,PIGE,agri_potential_carbon,,,mean tonnes carbon per km2,,
LCA,PIGE,agri_potential_carbon,,,mean tonnes carbon per km2,,
VCT,PIGE,agri_potential_carbon,12516.826968027926,4282.806556425395,mean tonnes carbon per km2,3.0,0.0630000014603138
SDN,PIGE,agri_potential_carbon,,,mean tonnes carbon per km2,,
SUR,PIGE,agri_potential_carbon,,,mean tonnes carbon per km2,,
SWZ,PIGE,agri_potential_carbon,,,mean tonnes carbon per km2,,
SWE,PIGE,agri_potential_carbon,,,mean tonnes carbon per km2,,
CHE,PIGE,agri_potential_carbon,,,mean tonnes carbon per km2,,
SYR,PIGE,agri_potential_carbon,,,mean tonnes carbon per km2,,
TWN,PIGE,agri_potential_carbon,,,mean tonnes carbon per km2,,
TJK,PIGE,agri_potential_carbon,,,mean tonnes carbon per km2,,
TZA,PIGE,agri_potential_carbon,7726.104590151164,102.18985631730555,mean tonnes carbon per km2,2683.0,1944.9630011149497
THA,PIGE,agri_potential_carbon,11855.716832926882,2590.287657377348,mean tonnes carbon per km2,2.0,0.9880000305175782
TLS,PIGE,agri_potential_carbon,,,mean tonnes carbon per km2,,
TGO,PIGE,agri_potential_carbon,,,mean tonnes carbon per km2,,
TUV,PIGE,agri_potential_carbon,,,mean tonnes carbon per km2,,
UGA,PIGE,agri_potential_carbon,8915.18181251855,334.6197787691391,mean tonnes carbon per km2,766.0,566.5499995850028
URY,PIGE,agri_potential_carbon,,,mean tonnes carbon per km2,,
UZB,PIGE,agri_potential_carbon,,,mean tonnes carbon per km2,,
VUT,PIGE,agri_potential_carbon,,,mean tonnes carbon per km2,,
VAT,PIGE,agri_potential_carbon,,,mean tonnes carbon per km2,,
VEN,PIGE,agri_potential_carbon,6967.066928731923,303.6897441023758,mean tonnes carbon per km2,708.0,18.84899998188019
VNM,PIGE,agri_potential_carbon,,,mean tonnes carbon per km2,,
ZMB,PIGE,agri_potential_carbon,7490.7889539780845,363.50749282073684,mean tonnes carbon per km2,8.0,8.959000129699707
ZWE,PIGE,agri_potential_carbon,,,mean tonnes carbon per km2,,
YEM,PIGE,agri_potential_carbon,,,mean tonnes carbon per km2,,
UKR,PIGE,agri_potential_carbon,,,mean tonnes carbon per km2,,
BHR,PIGE,agri_potential_carbon,,,mean tonnes carbon per km2,,
KWT,PIGE,agri_potential_carbon,,,mean tonnes carbon per km2,,
QAT,PIGE,agri_potential_carbon,,,mean tonnes carbon per km2,,
ARE,PIGE,agri_potential_carbon,,,mean tonnes carbon per km2,,
TUR,PIGE,agri_potential_carbon,,,mean tonnes carbon per km2,,
ISR,PIGE,agri_potential_carbon,,,mean tonnes carbon per km2,,
BGD,PIGE,agri_potential_carbon,9633.559076398453,237.88319832183933,mean tonnes carbon per km2,418.0,8.265000030323863
MMR,PIGE,agri_potential_carbon,4798.8531105276525,163.35608265123443,mean tonnes carbon per km2,2265.0,6209.187003803776
IND,PIGE,agri_potential_carbon,5282.761231154772,41.16019337276484,mean tonnes carbon per km2,28089.0,34993.392013456076
BEN,PIGE,agri_potential_carbon,,,mean tonnes carbon per km2,,
NER,PIGE,agri_potential_carbon,,,mean tonnes carbon per km2,,
NGA,PIGE,agri_potential_carbon,,,mean tonnes carbon per km2,,
111,PIGE,agri_potential_carbon,,,mean tonnes carbon per km2,,
112,PIGE,agri_potential_carbon,,,mean tonnes carbon per km2,,
113,PIGE,agri_potential_carbon,,,mean tonnes carbon per km2,,
114,PIGE,agri_potential_carbon,,,mean tonnes carbon per km2,,
115,PIGE,agri_potential_carbon,,,mean tonnes carbon per km2,,
116,PIGE,agri_potential_carbon,,,mean tonnes carbon per km2,,
117,PIGE,agri_potential_carbon,,,mean tonnes carbon per km2,,
118,PIGE,agri_potential_carbon,,,mean tonnes carbon per km2,,
119,PIGE,agri_potential_carbon,,,mean tonnes carbon per km2,,
120,PIGE,agri_potential_carbon,,,mean tonnes carbon per km2,,
121,PIGE,agri_potential_carbon,,,mean tonnes carbon per km2,,
122,PIGE,agri_potential_carbon,,,mean tonnes carbon per km2,,
123,PIGE,agri_potential_carbon,,,mean tonnes carbon per km2,,
124,PIGE,agri_potential_carbon,,,mean tonnes carbon per km2,,
125,PIGE,agri_potential_carbon,,,mean tonnes carbon per km2,,
126,PIGE,agri_potential_carbon,,,mean tonnes carbon per km2,,
127,PIGE,agri_potential_carbon,,,mean tonnes carbon per km2,,
128,PIGE,agri_potential_carbon,,,mean tonnes carbon per km2,,
129,PIGE,agri_potential_carbon,,,mean tonnes carbon per km2,,
ESH,PIGE,agri_potential_carbon,,,mean tonnes carbon per km2,,
AFG,OILP,agri_potential_carbon,,,mean tonnes carbon per km2,,
GBR,OILP,agri_potential_carbon,,,mean tonnes carbon per km2,,
ALB,OILP,agri_potential_carbon,,,mean tonnes carbon per km2,,
DZA,OILP,agri_potential_carbon,,,mean tonnes carbon per km2,,
USA,OILP,agri_potential_carbon,,,mean tonnes carbon per km2,,
ATA,OILP,agri_potential_carbon,,,mean tonnes carbon per km2,,
ATG,OILP,agri_potential_carbon,,,mean tonnes carbon per km2,,
ARG,OILP,agri_potential_carbon,,,mean tonnes carbon per km2,,
AND,OILP,agri_potential_carbon,,,mean tonnes carbon per km2,,
AGO,OILP,agri_potential_carbon,4797.341551665572,106.3958440424573,mean tonnes carbon per km2,402.0,216.096999816671
ARM,OILP,agri_potential_carbon,,,mean tonnes carbon per km2,,
NLD,OILP,agri_potential_carbon,,,mean tonnes carbon per km2,,
AUS,OILP,agri_potential_carbon,,,mean tonnes carbon per km2,,
AUT,OILP,agri_potential_carbon,,,mean tonnes carbon per km2,,
AZE,OILP,agri_potential_carbon,,,mean tonnes carbon per km2,,
BHS,OILP,agri_potential_carbon,,,mean tonnes carbon per km2,,
BRB,OILP,agri_potential_carbon,,,mean tonnes carbon per km2,,
BLR,OILP,agri_potential_carbon,,,mean tonnes carbon per km2,,
BEL,OILP,agri_potential_carbon,,,mean tonnes carbon per km2,,
BLZ,OILP,agri_potential_carbon,,,mean tonnes carbon per km2,,
BTN,OILP,agri_potential_carbon,,,mean tonnes carbon per km2,,
BOL,OILP,agri_potential_carbon,,,mean tonnes carbon per km2,,
BIH,OILP,agri_potential_carbon,,,mean tonnes carbon per km2,,
BWA,OILP,agri_potential_carbon,,,mean tonnes carbon per km2,,
NOR,OILP,agri_potential_carbon,,,mean tonnes carbon per km2,,
COL,OILP,agri_potential_carbon,9236.972752491089,255.58051196103156,mean tonnes carbon per km2,811.0,1904.436002850011
COM,OILP,agri_potential_carbon,,,mean tonnes carbon per km2,,
BRA,OILP,agri_potential_carbon,15165.330118849026,592.1133940907257,mean tonnes carbon per km2,485.0,810.8860014139862
FRA,OILP,agri_potential_carbon,,,mean tonnes carbon per km2,,
COD,OILP,agri_potential_carbon,13842.236515333447,91.59385569822236,mean tonnes carbon per km2,3449.0,1657.3210018529744
COG,OILP,agri_potential_carbon,11794.070244153074,493.02321747544937,mean tonnes carbon per km2,300.0,51.03399983718991
NZL,OILP,agri_potential_carbon,,,mean tonnes carbon per km2,,
BRN,OILP,agri_potential_carbon,10598.719496361131,5150.640292927723,mean tonnes carbon per km2,2.0,7.916000000014901
BGR,OILP,agri_potential_carbon,,,mean tonnes carbon per km2,,
BFA,OILP,agri_potential_carbon,,,mean tonnes carbon per km2,,
BDI,OILP,agri_potential_carbon,6354.536069786542,1032.210518332552,mean tonnes carbon per km2,10.0,81.5050000023842
CPV,OILP,agri_potential_carbon,,,mean tonnes carbon per km2,,
KHM,OILP,agri_potential_carbon,,,mean tonnes carbon per km2,,
CMR,OILP,agri_potential_carbon,14561.361954391723,347.9496816776326,mean tonnes carbon per km2,545.0,626.856000052169
CAN,OILP,agri_potential_carbon,,,mean tonnes carbon per km2,,
CRI,OILP,agri_potential_carbon,10394.807251475228,690.5117852858067,mean tonnes carbon per km2,98.0,573.0740010070056
CIV,OILP,agri_potential_carbon,15921.331965931207,128.18045430135464,mean tonnes carbon per km2,1871.0,2486.086000194028
HRV,OILP,agri_potential_carbon,,,mean tonnes carbon per km2,,
CUB,OILP,agri_potential_carbon,,,mean tonnes carbon per km2,,
CAF,OILP,agri_potential_carbon,11188.66534203808,420.1390111949819,mean tonnes carbon per km2,272.0,3.435999999567866
TCD,OILP,agri_potential_carbon,,,mean tonnes carbon per km2,,
CHL,OILP,agri_potential_carbon,,,mean tonnes carbon per km2,,
CHN,OILP,agri_potential_carbon,10635.612212347423,353.0913266892375,mean tonnes carbon per km2,103.0,483.3350008869171
CYP,OILP,agri_potential_carbon,,,mean tonnes carbon per km2,,
CZE,OILP,agri_potential_carbon,,,mean tonnes carbon per km2,,
DNK,OILP,agri_potential_carbon,,,mean tonnes carbon per km2,,
DJI,OILP,agri_potential_carbon,,,mean tonnes carbon per km2,,
DMA,OILP,agri_potential_carbon,,,mean tonnes carbon per km2,,
DOM,OILP,agri_potential_carbon,10770.911637171881,313.6367865230322,mean tonnes carbon per km2,295.0,153.31800004221498
ECU,OILP,agri_potential_carbon,10919.551648134573,369.47872696268956,mean tonnes carbon per km2,452.0,1782.6180043570698
EGY,OILP,agri_potential_carbon,,,mean tonnes carbon per km2,,
SLV,OILP,agri_potential_carbon,,,mean tonnes carbon per km2,,
GNQ,OILP,agri_potential_carbon,19169.617440457692,3620.33081406666,mean tonnes carbon per km2,8.0,7.713000211715698
ERI,OILP,agri_potential_carbon,,,mean tonnes carbon per km2,,
EST,OILP,agri_potential_carbon,,,mean tonnes carbon per km2,,
ETH,OILP,agri_potential_carbon,,,mean tonnes carbon per km2,,
FJI,OILP,agri_potential_carbon,,,mean tonnes carbon per km2,,
FIN,OILP,agri_potential_carbon,,,mean tonnes carbon per km2,,
GAB,OILP,agri_potential_carbon,13927.34228114786,781.4228874901694,mean tonnes carbon per km2,171.0,9.457000028938054
GMB,OILP,agri_potential_carbon,7687.605918094053,234.34651149475133,mean tonnes carbon per km2,125.0,32.687999987602225
MAR,OILP,agri_potential_carbon,,,mean tonnes carbon per km2,,
MOZ,OILP,agri_potential_carbon,,,mean tonnes carbon per km2,,
NAM,OILP,agri_potential_carbon,,,mean tonnes carbon per km2,,
GEO,OILP,agri_potential_carbon,,,mean tonnes carbon per km2,,
DEU,OILP,agri_potential_carbon,,,mean tonnes carbon per km2,,
GHA,OILP,agri_potential_carbon,16378.358799321795,400.9126102715637,mean tonnes carbon per km2,814.0,2448.2980073580147
GRC,OILP,agri_potential_carbon,,,mean tonnes carbon per km2,,
GRL,OILP,agri_potential_carbon,,,mean tonnes carbon per km2,,
GRD,OILP,agri_potential_carbon,,,mean tonnes carbon per km2,,
NRU,OILP,agri_potential_carbon,,,mean tonnes carbon per km2,,
GTM,OILP,agri_potential_carbon,10594.198830890018,205.1419794137407,mean tonnes carbon per km2,481.0,581.0130011288077
NPL,OILP,agri_potential_carbon,,,mean tonnes carbon per km2,,
GIN,OILP,agri_potential_carbon,13860.42035835949,298.910914917183,mean tonnes carbon per km2,1660.0,1452.768996214196
GNB,OILP,agri_potential_carbon,10913.67245578282,262.96381680224414,mean tonnes carbon per km2,260.0,74.63499999277292
GUY,OILP,agri_potential_carbon,,,mean tonnes carbon per km2,,
HTI,OILP,agri_potential_carbon,,,mean tonnes carbon per km2,,
JOR,OILP,agri_potential_carbon,,,mean tonnes carbon per km2,,
HND,OILP,agri_potential_carbon,11225.051904133834,250.16058006492437,mean tonnes carbon per km2,216.0,1049.9399992438405
HUN,OILP,agri_potential_carbon,,,mean tonnes carbon per km2,,
ISL,OILP,agri_potential_carbon,,,mean tonnes carbon per km2,,
IDN,OILP,agri_potential_carbon,11433.393173947672,78.24737198599456,mean tonnes carbon per km2,8727.0,56189.163997190975
IRN,OILP,agri_potential_carbon,,,mean tonnes carbon per km2,,
IRQ,OILP,agri_potential_carbon,,,mean tonnes carbon per km2,,
IRL,OILP,agri_potential_carbon,,,mean tonnes carbon per km2,,
KAZ,OILP,agri_potential_carbon,,,mean tonnes carbon per km2,,
KEN,OILP,agri_potential_carbon,,,mean tonnes carbon per km2,,
KIR,OILP,agri_potential_carbon,,,mean tonnes carbon per km2,,
PRK,OILP,agri_potential_carbon,,,mean tonnes carbon per km2,,
KOR,OILP,agri_potential_carbon,,,mean tonnes carbon per km2,,
XKX,OILP,agri_potential_carbon,,,mean tonnes carbon per km2,,
SRB,OILP,agri_potential_carbon,,,mean tonnes carbon per km2,,
SYC,OILP,agri_potential_carbon,,,mean tonnes carbon per km2,,
SLE,OILP,agri_potential_carbon,15818.652689370576,293.8476179462654,mean tonnes carbon per km2,291.0,133.64999969318507
SGP,OILP,agri_potential_carbon,,,mean tonnes carbon per km2,,
ITA,OILP,agri_potential_carbon,,,mean tonnes carbon per km2,,
JAM,OILP,agri_potential_carbon,,,mean tonnes carbon per km2,,
JPN,OILP,agri_potential_carbon,,,mean tonnes carbon per km2,,
KGZ,OILP,agri_potential_carbon,,,mean tonnes carbon per km2,,
LAO,OILP,agri_potential_carbon,11246.69551964916,237.99546203044966,mean tonnes carbon per km2,2.0,0.4220000076293945
LVA,OILP,agri_potential_carbon,,,mean tonnes carbon per km2,,
LBN,OILP,agri_potential_carbon,,,mean tonnes carbon per km2,,
LSO,OILP,agri_potential_carbon,,,mean tonnes carbon per km2,,
LBR,OILP,agri_potential_carbon,17108.14122297402,683.5402934660777,mean tonnes carbon per km2,100.0,37.68699993349612
LBY,OILP,agri_potential_carbon,,,mean tonnes carbon per km2,,
LIE,OILP,agri_potential_carbon,,,mean tonnes carbon per km2,,
LTU,OILP,agri_potential_carbon,,,mean tonnes carbon per km2,,
LUX,OILP,agri_potential_carbon,,,mean tonnes carbon per km2,,
MCO,OILP,agri_potential_carbon,,,mean tonnes carbon per km2,,
MNG,OILP,agri_potential_carbon,,,mean tonnes carbon per km2,,
MNE,OILP,agri_potential_carbon,,,mean tonnes carbon per km2,,
MKD,OILP,agri_potential_carbon,,,mean tonnes carbon per km2,,
MDG,OILP,agri_potential_carbon,9676.964875540036,194.1508077226533,mean tonnes carbon per km2,386.0,14.36300003580749
MWI,OILP,agri_potential_carbon,,,mean tonnes carbon per km2,,
MYS,OILP,agri_potential_carbon,13775.06842801747,97.12354006933819,mean tonnes carbon per km2,2550.0,40829.61800677292
MDV,OILP,agri_potential_carbon,,,mean tonnes carbon per km2,,
MLI,OILP,agri_potential_carbon,6036.365978668913,0.0,mean tonnes carbon per km2,1.0,0.0010000000149011613
MLT,OILP,agri_potential_carbon,,,mean tonnes carbon per km2,,
MHL,OILP,agri_potential_carbon,,,mean tonnes carbon per km2,,
MRT,OILP,agri_potential_carbon,,,mean tonnes carbon per km2,,
MUS,OILP,agri_potential_carbon,,,mean tonnes carbon per km2,,
MEX,OILP,agri_potential_carbon,11711.942605021777,654.2196876950985,mean tonnes carbon per km2,551.0,299.5509957277029
FSM,OILP,agri_potential_carbon,,,mean tonnes carbon per km2,,
MDA,OILP,agri_potential_carbon,,,mean tonnes carbon per km2,,
NIC,OILP,agri_potential_carbon,11578.341038727835,183.8610226162565,mean tonnes carbon per km2,403.0,36.48499989949167
OMN,OILP,agri_potential_carbon,,,mean tonnes carbon per km2,,
PAK,OILP,agri_potential_carbon,,,mean tonnes carbon per km2,,
PLW,OILP,agri_potential_carbon,,,mean tonnes carbon per km2,,
PAN,OILP,agri_potential_carbon,13073.378380481434,693.3575166054329,mean tonnes carbon per km2,175.0,63.060000874027594
PNG,OILP,agri_potential_carbon,9159.911931439767,571.3450236210975,mean tonnes carbon per km2,134.0,652.2709999084473
PRY,OILP,agri_potential_carbon,5328.463942631488,156.4287077819687,mean tonnes carbon per km2,310.0,159.02400003172457
PER,OILP,agri_potential_carbon,10487.594740586563,637.6576485695973,mean tonnes carbon per km2,255.0,199.51900073081256
PHL,OILP,agri_potential_carbon,14784.37398912714,223.27467063661658,mean tonnes carbon per km2,639.0,433.3319997201115
POL,OILP,agri_potential_carbon,,,mean tonnes carbon per km2,,
PRT,OILP,agri_potential_carbon,,,mean tonnes carbon per km2,,
ROU,OILP,agri_potential_carbon,,,mean tonnes carbon per km2,,
RUS,OILP,agri_potential_carbon,,,mean tonnes carbon per km2,,
RWA,OILP,agri_potential_carbon,,,mean tonnes carbon per km2,,
WSM,OILP,agri_potential_carbon,,,mean tonnes carbon per km2,,
SMR,OILP,agri_potential_carbon,,,mean tonnes carbon per km2,,
TON,OILP,agri_potential_carbon,,,mean tonnes carbon per km2,,
TTO,OILP,agri_potential_carbon,,,mean tonnes carbon per km2,,
TUN,OILP,agri_potential_carbon,,,mean tonnes carbon per km2,,
TKM,OILP,agri_potential_carbon,,,mean tonnes carbon per km2,,
STP,OILP,agri_potential_carbon,2287.7378064346303,1072.0744122158226,mean tonnes carbon per km2,11.0,11.226999969482423
SAU,OILP,agri_potential_carbon,,,mean tonnes carbon per km2,,
SEN,OILP,agri_potential_carbon,8597.199178911453,235.7792642347025,mean tonnes carbon per km2,296.0,89.07199973478913
SVK,OILP,agri_potential_carbon,,,mean tonnes carbon per km2,,
SVN,OILP,agri_potential_carbon,,,mean tonnes carbon per km2,,
SLB,OILP,agri_potential_carbon,9540.112940119769,373.2716746989188,mean tonnes carbon per km2,132.0,109.21899988949298
SOM,OILP,agri_potential_carbon,,,mean tonnes carbon per km2,,
ZAF,OILP,agri_potential_carbon,,,mean tonnes carbon per km2,,
SSD,OILP,agri_potential_carbon,,,mean tonnes carbon per km2,,
ESP,OILP,agri_potential_carbon,,,mean tonnes carbon per km2,,
LKA,OILP,agri_potential_carbon,,,mean tonnes carbon per km2,,
KNA,OILP,agri_potential_carbon,,,mean tonnes carbon per km2,,
LCA,OILP,agri_potential_carbon,,,mean tonnes carbon per km2,,
VCT,OILP,agri_potential_carbon,,,mean tonnes carbon per km2,,
SDN,OILP,agri_potential_carbon,,,mean tonnes carbon per km2,,
SUR,OILP,agri_potential_carbon,7610.0468897930605,1023.9715081019234,mean tonnes carbon per km2,54.0,5.74800001218915
SWZ,OILP,agri_potential_carbon,,,mean tonnes carbon per km2,,
SWE,OILP,agri_potential_carbon,,,mean tonnes carbon per km2,,
CHE,OILP,agri_potential_carbon,,,mean tonnes carbon per km2,,
SYR,OILP,agri_potential_carbon,,,mean tonnes carbon per km2,,
TWN,OILP,agri_potential_carbon,,,mean tonnes carbon per km2,,
TJK,OILP,agri_potential_carbon,,,mean tonnes carbon per km2,,
TZA,OILP,agri_potential_carbon,9937.793172718206,190.73875219548373,mean tonnes carbon per km2,620.0,39.109999976977704
THA,OILP,agri_potential_carbon,10717.421845164306,147.11270373847762,mean tonnes carbon per km2,3367.0,5440.577001099512
TLS,OILP,agri_potential_carbon,,,mean tonnes carbon per km2,,
TGO,OILP,agri_potential_carbon,10608.648023209858,195.15203669357754,mean tonnes carbon per km2,215.0,167.18400018513205
TUV,OILP,agri_potential_carbon,,,mean tonnes carbon per km2,,
UGA,OILP,agri_potential_carbon,,,mean tonnes carbon per km2,,
URY,OILP,agri_potential_carbon,,,mean tonnes carbon per km2,,
UZB,OILP,agri_potential_carbon,,,mean tonnes carbon per km2,,
VUT,OILP,agri_potential_carbon,,,mean tonnes carbon per km2,,
VAT,OILP,agri_potential_carbon,,,mean tonnes carbon per km2,,
VEN,OILP,agri_potential_carbon,10254.843271703625,508.21708797220293,mean tonnes carbon per km2,160.0,307.6380004417151
VNM,OILP,agri_potential_carbon,,,mean tonnes carbon per km2,,
ZMB,OILP,agri_potential_carbon,,,mean tonnes carbon per km2,,
ZWE,OILP,agri_potential_carbon,,,mean tonnes carbon per km2,,
YEM,OILP,agri_potential_carbon,,,mean tonnes carbon per km2,,
UKR,OILP,agri_potential_carbon,,,mean tonnes carbon per km2,,
BHR,OILP,agri_potential_carbon,,,mean tonnes carbon per km2,,
KWT,OILP,agri_potential_carbon,,,mean tonnes carbon per km2,,
QAT,OILP,agri_potential_carbon,,,mean tonnes carbon per km2,,
ARE,OILP,agri_potential_carbon,,,mean tonnes carbon per km2,,
TUR,OILP,agri_potential_carbon,,,mean tonnes carbon per km2,,
ISR,OILP,agri_potential_carbon,,,mean tonnes carbon per km2,,
BGD,OILP,agri_potential_carbon,,,mean tonnes carbon per km2,,
MMR,OILP,agri_potential_carbon,12390.447019268488,4546.7683369927245,mean tonnes carbon per km2,2.0,0.03099999964237213
IND,OILP,agri_potential_carbon,,,mean tonnes carbon per km2,,
BEN,OILP,agri_potential_carbon,13282.487014864719,1001.7098775263237,mean tonnes carbon per km2,86.0,249.38200036518273
NER,OILP,agri_potential_carbon,,,mean tonnes carbon per km2,,
NGA,OILP,agri_potential_carbon,11983.632516144015,104.22456701529775,mean tonnes carbon per km2,1788.0,23737.343007918003
111,OILP,agri_potential_carbon,,,mean tonnes carbon per km2,,
112,OILP,agri_potential_carbon,,,mean tonnes carbon per km2,,
113,OILP,agri_potential_carbon,,,mean tonnes carbon per km2,,
114,OILP,agri_potential_carbon,,,mean tonnes carbon per km2,,
115,OILP,agri_potential_carbon,,,mean tonnes carbon per km2,,
116,OILP,agri_potential_carbon,,,mean tonnes carbon per km2,,
117,OILP,agri_potential_carbon,,,mean tonnes carbon per km2,,
118,OILP,agri_potential_carbon,,,mean tonnes carbon per km2,,
119,OILP,agri_potential_carbon,,,mean tonnes carbon per km2,,
120,OILP,agri_potential_carbon,,,mean tonnes carbon per km2,,
121,OILP,agri_potential_carbon,,,mean tonnes carbon per km2,,
122,OILP,agri_potential_carbon,,,mean tonnes carbon per km2,,
123,OILP,agri_potential_carbon,,,mean tonnes carbon per km2,,
124,OILP,agri_potential_carbon,,,mean tonnes carbon per km2,,
125,OILP,agri_potential_carbon,,,mean tonnes carbon per km2,,
126,OILP,agri_potential_carbon,,,mean tonnes carbon per km2,,
127,OILP,agri_potential_carbon,,,mean tonnes carbon per km2,,
128,OILP,agri_potential_carbon,,,mean tonnes carbon per km2,,
129,OILP,agri_potential_carbon,,,mean tonnes carbon per km2,,
ESH,OILP,agri_potential_carbon,,,mean tonnes carbon per km2,,
AFG,COCO,agri_potential_carbon,,,mean tonnes carbon per km2,,
GBR,COCO,agri_potential_carbon,,,mean tonnes carbon per km2,,
ALB,COCO,agri_potential_carbon,,,mean tonnes carbon per km2,,
DZA,COCO,agri_potential_carbon,,,mean tonnes carbon per km2,,
USA,COCO,agri_potential_carbon,,,mean tonnes carbon per km2,,
ATA,COCO,agri_potential_carbon,,,mean tonnes carbon per km2,,
ATG,COCO,agri_potential_carbon,,,mean tonnes carbon per km2,,
ARG,COCO,agri_potential_carbon,,,mean tonnes carbon per km2,,
AND,COCO,agri_potential_carbon,,,mean tonnes carbon per km2,,
AGO,COCO,agri_potential_carbon,6415.890529137597,221.9185727092068,mean tonnes carbon per km2,735.0,20.810999995693567
ARM,COCO,agri_potential_carbon,,,mean tonnes carbon per km2,,
NLD,COCO,agri_potential_carbon,,,mean tonnes carbon per km2,,
AUS,COCO,agri_potential_carbon,,,mean tonnes carbon per km2,,
AUT,COCO,agri_potential_carbon,,,mean tonnes carbon per km2,,
AZE,COCO,agri_potential_carbon,,,mean tonnes carbon per km2,,
BHS,COCO,agri_potential_carbon,,,mean tonnes carbon per km2,,
BRB,COCO,agri_potential_carbon,,,mean tonnes carbon per km2,,
BLR,COCO,agri_potential_carbon,,,mean tonnes carbon per km2,,
BEL,COCO,agri_potential_carbon,,,mean tonnes carbon per km2,,
BLZ,COCO,agri_potential_carbon,6927.38001929478,695.9694244458606,mean tonnes carbon per km2,34.0,1.1980000074207784
BTN,COCO,agri_potential_carbon,,,mean tonnes carbon per km2,,
BOL,COCO,agri_potential_carbon,2453.039318292701,190.95307408445964,mean tonnes carbon per km2,1944.0,81.78299952492118
BIH,COCO,agri_potential_carbon,,,mean tonnes carbon per km2,,
BWA,COCO,agri_potential_carbon,,,mean tonnes carbon per km2,,
NOR,COCO,agri_potential_carbon,,,mean tonnes carbon per km2,,
COL,COCO,agri_potential_carbon,9860.507536115128,338.84300888934155,mean tonnes carbon per km2,2411.0,846.6099977711588
COM,COCO,agri_potential_carbon,,,mean tonnes carbon per km2,,
BRA,COCO,agri_potential_carbon,9508.67673201598,329.4209318757242,mean tonnes carbon per km2,6425.0,5292.47600698255
FRA,COCO,agri_potential_carbon,8229.980518499682,810.3875912940915,mean tonnes carbon per km2,16.0,0.01600000023841858
COD,COCO,agri_potential_carbon,12698.182183981138,70.94394495639254,mean tonnes carbon per km2,4919.0,175.41500004656615
COG,COCO,agri_potential_carbon,12071.372345406873,404.9842499919956,mean tonnes carbon per km2,409.0,16.097000030055643
NZL,COCO,agri_potential_carbon,,,mean tonnes carbon per km2,,
BRN,COCO,agri_potential_carbon,10597.418007964778,0.0,mean tonnes carbon per km2,1.0,0.04699999809265137
BGR,COCO,agri_potential_carbon,,,mean tonnes carbon per km2,,
BFA,COCO,agri_potential_carbon,,,mean tonnes carbon per km2,,
BDI,COCO,agri_potential_carbon,,,mean tonnes carbon per km2,,
CPV,COCO,agri_potential_carbon,,,mean tonnes carbon per km2,,
KHM,COCO,agri_potential_carbon,,,mean tonnes carbon per km2,,
CMR,COCO,agri_potential_carbon,13990.010218278116,299.5990595752586,mean tonnes carbon per km2,845.0,3541.4019968604293
CAN,COCO,agri_potential_carbon,,,mean tonnes carbon per km2,,
CRI,COCO,agri_potential_carbon,9720.243759693225,672.4182027686966,mean tonnes carbon per km2,112.0,38.913999631032354
CIV,COCO,agri_potential_carbon,15964.580306726031,121.83235530684844,mean tonnes carbon per km2,2172.0,22974.04300611235
HRV,COCO,agri_potential_carbon,,,mean tonnes carbon per km2,,
CUB,COCO,agri_potential_carbon,12622.864618386157,137.89588136586173,mean tonnes carbon per km2,1044.0,50.94799999684095
CAF,COCO,agri_potential_carbon,10798.622116763043,395.54649700107734,mean tonnes carbon per km2,377.0,8.334999995678663
TCD,COCO,agri_potential_carbon,,,mean tonnes carbon per km2,,
CHL,COCO,agri_potential_carbon,,,mean tonnes carbon per km2,,
CHN,COCO,agri_potential_carbon,,,mean tonnes carbon per km2,,
CYP,COCO,agri_potential_carbon,,,mean tonnes carbon per km2,,
CZE,COCO,agri_potential_carbon,,,mean tonnes carbon per km2,,
DNK,COCO,agri_potential_carbon,,,mean tonnes carbon per km2,,
DJI,COCO,agri_potential_carbon,,,mean tonnes carbon per km2,,
DMA,COCO,agri_potential_carbon,7411.195253793945,597.2990151424187,mean tonnes carbon per km2,9.0,30.44600006103516
DOM,COCO,agri_potential_carbon,11389.562781350702,439.75111550389846,mean tonnes carbon per km2,428.0,1523.2379977695646
ECU,COCO,agri_potential_carbon,8887.302441099493,222.0847009618536,mean tonnes carbon per km2,739.0,3649.7890047451856
EGY,COCO,agri_potential_carbon,,,mean tonnes carbon per km2,,
SLV,COCO,agri_potential_carbon,9889.413043762728,134.07489629824659,mean tonnes carbon per km2,228.0,7.453999979346991
GNQ,COCO,agri_potential_carbon,13301.37089378544,2593.3234113913513,mean tonnes carbon per km2,22.0,19.133999955654144
ERI,COCO,agri_potential_carbon,,,mean tonnes carbon per km2,,
EST,COCO,agri_potential_carbon,,,mean tonnes carbon per km2,,
ETH,COCO,agri_potential_carbon,,,mean tonnes carbon per km2,,
FJI,COCO,agri_potential_carbon,12714.102887025732,845.1207162103808,mean tonnes carbon per km2,33.0,0.615000005364418
FIN,COCO,agri_potential_carbon,,,mean tonnes carbon per km2,,
GAB,COCO,agri_potential_carbon,12260.917574839761,2032.737174092844,mean tonnes carbon per km2,56.0,8.60599996626377
GMB,COCO,agri_potential_carbon,,,mean tonnes carbon per km2,,
MAR,COCO,agri_potential_carbon,,,mean tonnes carbon per km2,,
MOZ,COCO,agri_potential_carbon,,,mean tonnes carbon per km2,,
NAM,COCO,agri_potential_carbon,,,mean tonnes carbon per km2,,
GEO,COCO,agri_potential_carbon,,,mean tonnes carbon per km2,,
DEU,COCO,agri_potential_carbon,,,mean tonnes carbon per km2,,
GHA,COCO,agri_potential_carbon,16621.74118541919,209.71596173122543,mean tonnes carbon per km2,685.0,8065.266000516415
GRC,COCO,agri_potential_carbon,,,mean tonnes carbon per km2,,
GRL,COCO,agri_potential_carbon,,,mean tonnes carbon per km2,,
GRD,COCO,agri_potential_carbon,14361.244128360837,570.6296916469792,mean tonnes carbon per km2,5.0,11.027000045776367
NRU,COCO,agri_potential_carbon,,,mean tonnes carbon per km2,,
GTM,COCO,agri_potential_carbon,10925.75698744858,264.1940911579524,mean tonnes carbon per km2,189.0,39.994999971091744
NPL,COCO,agri_potential_carbon,,,mean tonnes carbon per km2,,
GIN,COCO,agri_potential_carbon,13113.34232023196,178.8286601780316,mean tonnes carbon per km2,376.0,125.5689997367561
GNB,COCO,agri_potential_carbon,,,mean tonnes carbon per km2,,
GUY,COCO,agri_potential_carbon,8689.203136491524,553.6071578642327,mean tonnes carbon per km2,260.0,6.998000032007694
HTI,COCO,agri_potential_carbon,12188.993221145736,599.9161904892771,mean tonnes carbon per km2,113.0,175.0259995794296
JOR,COCO,agri_potential_carbon,,,mean tonnes carbon per km2,,
HND,COCO,agri_potential_carbon,11395.57165557535,162.7638378406014,mean tonnes carbon per km2,523.0,27.89700002066791
HUN,COCO,agri_potential_carbon,,,mean tonnes carbon per km2,,
ISL,COCO,agri_potential_carbon,,,mean tonnes carbon per km2,,
IDN,COCO,agri_potential_carbon,13067.912943581552,144.33263321388506,mean tonnes carbon per km2,10974.0,15350.294997216311
IRN,COCO,agri_potential_carbon,,,mean tonnes carbon per km2,,
IRQ,COCO,agri_potential_carbon,,,mean tonnes carbon per km2,,
IRL,COCO,agri_potential_carbon,,,mean tonnes carbon per km2,,
KAZ,COCO,agri_potential_carbon,,,mean tonnes carbon per km2,,
KEN,COCO,agri_potential_carbon,,,mean tonnes carbon per km2,,
KIR,COCO,agri_potential_carbon,,,mean tonnes carbon per km2,,
PRK,COCO,agri_potential_carbon,,,mean tonnes carbon per km2,,
KOR,COCO,agri_potential_carbon,,,mean tonnes carbon per km2,,
XKX,COCO,agri_potential_carbon,,,mean tonnes carbon per km2,,
SRB,COCO,agri_potential_carbon,,,mean tonnes carbon per km2,,
SYC,COCO,agri_potential_carbon,,,mean tonnes carbon per km2,,
SLE,COCO,agri_potential_carbon,15811.35504409096,334.4328886780839,mean tonnes carbon per km2,303.0,184.65099971450863
SGP,COCO,agri_potential_carbon,,,mean tonnes carbon per km2,,
ITA,COCO,agri_potential_carbon,,,mean tonnes carbon per km2,,
JAM,COCO,agri_potential_carbon,11019.094254014084,484.9564971438701,mean tonnes carbon per km2,108.0,30.937000010013584
JPN,COCO,agri_potential_carbon,,,mean tonnes carbon per km2,,
KGZ,COCO,agri_potential_carbon,,,mean tonnes carbon per km2,,
LAO,COCO,agri_potential_carbon,,,mean tonnes carbon per km2,,
LVA,COCO,agri_potential_carbon,,,mean tonnes carbon per km2,,
LBN,COCO,agri_potential_carbon,,,mean tonnes carbon per km2,,
LSO,COCO,agri_potential_carbon,,,mean tonnes carbon per km2,,
LBR,COCO,agri_potential_carbon,17125.22652364364,656.0191015870506,mean tonnes carbon per km2,103.0,101.41500050425529
LBY,COCO,agri_potential_carbon,,,mean tonnes carbon per km2,,
LIE,COCO,agri_potential_carbon,,,mean tonnes carbon per km2,,
LTU,COCO,agri_potential_carbon,,,mean tonnes carbon per km2,,
LUX,COCO,agri_potential_carbon,,,mean tonnes carbon per km2,,
MCO,COCO,agri_potential_carbon,,,mean tonnes carbon per km2,,
MNG,COCO,agri_potential_carbon,,,mean tonnes carbon per km2,,
MNE,COCO,agri_potential_carbon,,,mean tonnes carbon per km2,,
MKD,COCO,agri_potential_carbon,,,mean tonnes carbon per km2,,
MDG,COCO,agri_potential_carbon,5936.489732447528,730.8368345236092,mean tonnes carbon per km2,116.0,57.03000019751488
MWI,COCO,agri_potential_carbon,,,mean tonnes carbon per km2,,
MYS,COCO,agri_potential_carbon,14207.000143752384,108.62499869816982,mean tonnes carbon per km2,2601.0,175.73200008004903
MDV,COCO,agri_potential_carbon,,,mean tonnes carbon per km2,,
MLI,COCO,agri_potential_carbon,,,mean tonnes carbon per km2,,
MLT,COCO,agri_potential_carbon,,,mean tonnes carbon per km2,,
MHL,COCO,agri_potential_carbon,,,mean tonnes carbon per km2,,
MRT,COCO,agri_potential_carbon,,,mean tonnes carbon per km2,,
MUS,COCO,agri_potential_carbon,,,mean tonnes carbon per km2,,
MEX,COCO,agri_potential_carbon,15533.469518799224,509.81044771446517,mean tonnes carbon per km2,365.0,867.3239983487128
FSM,COCO,agri_potential_carbon,0.0,0.0,mean tonnes carbon per km2,3.0,0.07100000143051148
MDA,COCO,agri_potential_carbon,,,mean tonnes carbon per km2,,
NIC,COCO,agri_potential_carbon,11757.493040214234,167.55135414325815,mean tonnes carbon per km2,982.0,60.20900012880564
OMN,COCO,agri_potential_carbon,,,mean tonnes carbon per km2,,
PAK,COCO,agri_potential_carbon,,,mean tonnes carbon per km2,,
PLW,COCO,agri_potential_carbon,,,mean tonnes carbon per km2,,
PAN,COCO,agri_potential_carbon,8812.546886110887,934.6248222275301,mean tonnes carbon per km2,332.0,52.11400029696524
PNG,COCO,agri_potential_carbon,10973.769209367094,918.3397291825256,mean tonnes carbon per km2,379.0,675.5929951214046
PRY,COCO,agri_potential_carbon,,,mean tonnes carbon per km2,,
PER,COCO,agri_potential_carbon,8811.196882805814,410.50878371262246,mean tonnes carbon per km2,1187.0,584.4180005645007
PHL,COCO,agri_potential_carbon,15017.35662581536,248.1250897188779,mean tonnes carbon per km2,2196.0,92.60700007736683
POL,COCO,agri_potential_carbon,,,mean tonnes carbon per km2,,
PRT,COCO,agri_potential_carbon,,,mean tonnes carbon per km2,,
ROU,COCO,agri_potential_carbon,,,mean tonnes carbon per km2,,
RUS,COCO,agri_potential_carbon,,,mean tonnes carbon per km2,,
RWA,COCO,agri_potential_carbon,,,mean tonnes carbon per km2,,
WSM,COCO,agri_potential_carbon,,,mean tonnes carbon per km2,,
SMR,COCO,agri_potential_carbon,,,mean tonnes carbon per km2,,
TON,COCO,agri_potential_carbon,,,mean tonnes carbon per km2,,
TTO,COCO,agri_potential_carbon,12034.801437114744,1201.9854054122652,mean tonnes carbon per km2,34.0,51.029000132083894
TUN,COCO,agri_potential_carbon,,,mean tonnes carbon per km2,,
TKM,COCO,agri_potential_carbon,,,mean tonnes carbon per km2,,
STP,COCO,agri_potential_carbon,2811.7849389387784,1258.496456837349,mean tonnes carbon per km2,11.0,206.98400238037107
SAU,COCO,agri_potential_carbon,,,mean tonnes carbon per km2,,
SEN,COCO,agri_potential_carbon,,,mean tonnes carbon per km2,,
SVK,COCO,agri_potential_carbon,,,mean tonnes carbon per km2,,
SVN,COCO,agri_potential_carbon,,,mean tonnes carbon per km2,,
SLB,COCO,agri_potential_carbon,9293.721016288955,386.98962217795145,mean tonnes carbon per km2,136.0,96.99899985983967
SOM,COCO,agri_potential_carbon,,,mean tonnes carbon per km2,,
ZAF,COCO,agri_potential_carbon,,,mean tonnes carbon per km2,,
SSD,COCO,agri_potential_carbon,11459.095127215607,0.0,mean tonnes carbon per km2,1.0,0.5279999923706055
ESP,COCO,agri_potential_carbon,,,mean tonnes carbon per km2,,
LKA,COCO,agri_potential_carbon,8332.571233601464,688.7139810613222,mean tonnes carbon per km2,149.0,26.72699983596802
KNA,COCO,agri_potential_carbon,,,mean tonnes carbon per km2,,
LCA,COCO,agri_potential_carbon,9356.152580026668,969.9402985550552,mean tonnes carbon per km2,7.0,0.5299999988079072
VCT,COCO,agri_potential_carbon,12591.167932319246,4317.137065619828,mean tonnes carbon per km2,3.0,2.6059999847412105
SDN,COCO,agri_potential_carbon,,,mean tonnes carbon per km2,,
SUR,COCO,agri_potential_carbon,7553.951863967985,1039.9509011357663,mean tonnes carbon per km2,48.0,1.4780000156164168
SWZ,COCO,agri_potential_carbon,,,mean tonnes carbon per km2,,
SWE,COCO,agri_potential_carbon,,,mean tonnes carbon per km2,,
CHE,COCO,agri_potential_carbon,,,mean tonnes carbon per km2,,
SYR,COCO,agri_potential_carbon,,,mean tonnes carbon per km2,,
TWN,COCO,agri_potential_carbon,,,mean tonnes carbon per km2,,
TJK,COCO,agri_potential_carbon,,,mean tonnes carbon per km2,,
TZA,COCO,agri_potential_carbon,11431.788268411632,340.5694110347084,mean tonnes carbon per km2,14.0,105.45200012207032
THA,COCO,agri_potential_carbon,9383.006356928761,58.841918037063316,mean tonnes carbon per km2,1535.0,2.4410000363737345
TLS,COCO,agri_potential_carbon,11606.365740219624,391.36109527322753,mean tonnes carbon per km2,146.0,12.519000037610532
TGO,COCO,agri_potential_carbon,10227.253299353071,158.65880843165547,mean tonnes carbon per km2,308.0,1406.254005699158
TUV,COCO,agri_potential_carbon,,,mean tonnes carbon per km2,,
UGA,COCO,agri_potential_carbon,10466.849980711875,142.09377632113697,mean tonnes carbon per km2,766.0,414.2969998504966
URY,COCO,agri_potential_carbon,,,mean tonnes carbon per km2,,
UZB,COCO,agri_potential_carbon,,,mean tonnes carbon per km2,,
VUT,COCO,agri_potential_carbon,7346.031947842881,1068.890743244668,mean tonnes carbon per km2,24.0,4.379000035524369
VAT,COCO,agri_potential_carbon,,,mean tonnes carbon per km2,,
VEN,COCO,agri_potential_carbon,6926.201132884801,832.3996980523922,mean tonnes carbon per km2,1315.0,322.8040004295856
VNM,COCO,agri_potential_carbon,,,mean tonnes carbon per km2,,
ZMB,COCO,agri_potential_carbon,9863.253436706163,448.6317867409752,mean tonnes carbon per km2,5.0,0.09399999856948853
ZWE,COCO,agri_potential_carbon,,,mean tonnes carbon per km2,,
YEM,COCO,agri_potential_carbon,,,mean tonnes carbon per km2,,
UKR,COCO,agri_potential_carbon,,,mean tonnes carbon per km2,,
BHR,COCO,agri_potential_carbon,,,mean tonnes carbon per km2,,
KWT,COCO,agri_potential_carbon,,,mean tonnes carbon per km2,,
QAT,COCO,agri_potential_carbon,,,mean tonnes carbon per km2,,
ARE,COCO,agri_potential_carbon,,,mean tonnes carbon per km2,,
TUR,COCO,agri_potential_carbon,,,mean tonnes carbon per km2,,
ISR,COCO,agri_potential_carbon,,,mean tonnes carbon per km2,,
BGD,COCO,agri_potential_carbon,,,mean tonnes carbon per km2,,
MMR,COCO,agri_potential_carbon,,,mean tonnes carbon per km2,,
IND,COCO,agri_potential_carbon,6464.3233872842,150.18539208755533,mean tonnes carbon per km2,1373.0,455.1930013487488
BEN,COCO,agri_potential_carbon,8567.109312420796,0.0,mean tonnes carbon per km2,1.0,1.143000030517578
NER,COCO,agri_potential_carbon,,,mean tonnes carbon per km2,,
NGA,COCO,agri_potential_carbon,11399.39623904772,139.2010220167953,mean tonnes carbon per km2,1592.0,9822.20898522757
111,COCO,agri_potential_carbon,,,mean tonnes carbon per km2,,
112,COCO,agri_potential_carbon,,,mean tonnes carbon per km2,,
113,COCO,agri_potential_carbon,,,mean tonnes carbon per km2,,
114,COCO,agri_potential_carbon,,,mean tonnes carbon per km2,,
115,COCO,agri_potential_carbon,,,mean tonnes carbon per km2,,
116,COCO,agri_potential_carbon,,,mean tonnes carbon per km2,,
117,COCO,agri_potential_carbon,,,mean tonnes carbon per km2,,
118,COCO,agri_potential_carbon,,,mean tonnes carbon per km2,,
119,COCO,agri_potential_carbon,,,mean tonnes carbon per km2,,
120,COCO,agri_potential_carbon,,,mean tonnes carbon per km2,,
121,COCO,agri_potential_carbon,,,mean tonnes carbon per km2,,
122,COCO,agri_potential_carbon,,,mean tonnes carbon per km2,,
123,COCO,agri_potential_carbon,,,mean tonnes carbon per km2,,
124,COCO,agri_potential_carbon,,,mean tonnes carbon per km2,,
125,COCO,agri_potential_carbon,,,mean tonnes carbon per km2,,
126,COCO,agri_potential_carbon,,,mean tonnes carbon per km2,,
127,COCO,agri_potential_carbon,,,mean tonnes carbon per km2,,
128,COCO,agri_potential_carbon,,,mean tonnes carbon per km2,,
129,COCO,agri_potential_carbon,,,mean tonnes carbon per km2,,
ESH,COCO,agri_potential_carbon,,,mean tonnes carbon per km2,,
AFG,COTT,agri_potential_carbon,861.128538568708,72.35696684130734,mean tonnes carbon per km2,1257.0,378.0300001524388
GBR,COTT,agri_potential_carbon,11200.0,0.0,mean tonnes carbon per km2,1.0,0.08
ALB,COTT,agri_potential_carbon,6062.006799319245,188.39299389964825,mean tonnes carbon per km2,100.0,7.353999991640449
DZA,COTT,agri_potential_carbon,4110.337825725021,78.18843572977545,mean tonnes carbon per km2,1360.0,1.873000031039119
USA,COTT,agri_potential_carbon,5461.223234154785,69.46996806085508,mean tonnes carbon per km2,12134.0,36925.35001220062
ATA,COTT,agri_potential_carbon,,,mean tonnes carbon per km2,,
ATG,COTT,agri_potential_carbon,10718.653909916626,646.3178055950285,mean tonnes carbon per km2,6.0,5.04
ARG,COTT,agri_potential_carbon,5900.842807419131,67.99665314850921,mean tonnes carbon per km2,3599.0,4493.164997765348
AND,COTT,agri_potential_carbon,,,mean tonnes carbon per km2,,
AGO,COTT,agri_potential_carbon,6777.087681170577,118.97868338470407,mean tonnes carbon per km2,882.0,21.977000020742416
ARM,COTT,agri_potential_carbon,,,mean tonnes carbon per km2,,
NLD,COTT,agri_potential_carbon,,,mean tonnes carbon per km2,,
AUS,COTT,agri_potential_carbon,6014.347801424951,72.9342928453689,mean tonnes carbon per km2,2604.0,2704.8080003376303
AUT,COTT,agri_potential_carbon,,,mean tonnes carbon per km2,,
AZE,COTT,agri_potential_carbon,1952.8608115222096,60.082960337656665,mean tonnes carbon per km2,351.0,305.9390000402183
BHS,COTT,agri_potential_carbon,,,mean tonnes carbon per km2,,
BRB,COTT,agri_potential_carbon,,,mean tonnes carbon per km2,,
BLR,COTT,agri_potential_carbon,,,mean tonnes carbon per km2,,
BEL,COTT,agri_potential_carbon,,,mean tonnes carbon per km2,,
BLZ,COTT,agri_potential_carbon,,,mean tonnes carbon per km2,,
BTN,COTT,agri_potential_carbon,,,mean tonnes carbon per km2,,
BOL,COTT,agri_potential_carbon,6348.9357304846635,125.04563421212882,mean tonnes carbon per km2,1691.0,1182.0809992527963
BIH,COTT,agri_potential_carbon,,,mean tonnes carbon per km2,,
BWA,COTT,agri_potential_carbon,3314.130511224101,71.12614496104092,mean tonnes carbon per km2,410.0,3.944999997094274
NOR,COTT,agri_potential_carbon,,,mean tonnes carbon per km2,,
COL,COTT,agri_potential_carbon,9341.108700343972,428.83391043786656,mean tonnes carbon per km2,692.0,427.48200087040664
COM,COTT,agri_potential_carbon,,,mean tonnes carbon per km2,,
BRA,COTT,agri_potential_carbon,4853.241246898728,45.01800575053878,mean tonnes carbon per km2,11711.0,10137.120998878629
FRA,COTT,agri_potential_carbon,,,mean tonnes carbon per km2,,
COD,COTT,agri_potential_carbon,12440.79255885749,80.02792074859121,mean tonnes carbon per km2,5339.0,607.4939998333157
COG,COTT,agri_potential_carbon,14076.037099413246,3604.7221009492146,mean tonnes carbon per km2,7.0,0.10800000272691249
NZL,COTT,agri_potential_carbon,,,mean tonnes carbon per km2,,
BRN,COTT,agri_potential_carbon,,,mean tonnes carbon per km2,,
BGR,COTT,agri_potential_carbon,3835.2409213391356,323.30190210300213,mean tonnes carbon per km2,12.0,4.890000006705522
BFA,COTT,agri_potential_carbon,5008.375488959686,65.67584328357341,mean tonnes carbon per km2,1885.0,4194.83100708589
BDI,COTT,agri_potential_carbon,10049.253005213619,224.24281625397435,mean tonnes carbon per km2,119.0,31.33300003148615
CPV,COTT,agri_potential_carbon,,,mean tonnes carbon per km2,,
KHM,COTT,agri_potential_carbon,12037.830483649344,404.0428087703625,mean tonnes carbon per km2,39.0,2.172999991253018
CMR,COTT,agri_potential_carbon,6487.94770984314,159.49519673833356,mean tonnes carbon per km2,2111.0,1246.8280013824256
CAN,COTT,agri_potential_carbon,,,mean tonnes carbon per km2,,
CRI,COTT,agri_potential_carbon,9547.225434290585,1117.7196984282687,mean tonnes carbon per km2,27.0,7.629000095501543
CIV,COTT,agri_potential_carbon,14679.036025969426,121.93089409624316,mean tonnes carbon per km2,2560.0,1766.8179987633973
HRV,COTT,agri_potential_carbon,,,mean tonnes carbon per km2,,
CUB,COTT,agri_potential_carbon,,,mean tonnes carbon per km2,,
CAF,COTT,agri_potential_carbon,8231.895329900539,306.50911121767376,mean tonnes carbon per km2,737.0,93.18500001676381
TCD,COTT,agri_potential_carbon,2276.0370521542754,44.795116216641176,mean tonnes carbon per km2,3468.0,1129.9049998493492
CHL,COTT,agri_potential_carbon,,,mean tonnes carbon per km2,,
CHN,COTT,agri_potential_carbon,6516.0604028710695,57.41413638993857,mean tonnes carbon per km2,17295.0,45950.758935606034
CYP,COTT,agri_potential_carbon,,,mean tonnes carbon per km2,,
CZE,COTT,agri_potential_carbon,,,mean tonnes carbon per km2,,
DNK,COTT,agri_potential_carbon,,,mean tonnes carbon per km2,,
DJI,COTT,agri_potential_carbon,,,mean tonnes carbon per km2,,
DMA,COTT,agri_potential_carbon,,,mean tonnes carbon per km2,,
DOM,COTT,agri_potential_carbon,15950.041321366876,0.0,mean tonnes carbon per km2,1.0,0.02799999952316284
ECU,COTT,agri_potential_carbon,8236.452289763505,511.8195238111066,mean tonnes carbon per km2,451.0,28.160999871194363
EGY,COTT,agri_potential_carbon,2214.4515406375276,204.507491985755,mean tonnes carbon per km2,480.0,1636.8640002846719
SLV,COTT,agri_potential_carbon,9996.44446238033,213.35266330575334,mean tonnes carbon per km2,55.0,1.1629999938607216
GNQ,COTT,agri_potential_carbon,,,mean tonnes carbon per km2,,
ERI,COTT,agri_potential_carbon,1423.2497697492954,63.46861420389418,mean tonnes carbon per km2,2.0,0.7939999961853027
EST,COTT,agri_potential_carbon,,,mean tonnes carbon per km2,,
ETH,COTT,agri_potential_carbon,6980.157073823247,269.1885304897958,mean tonnes carbon per km2,1697.0,772.994001288414
FJI,COTT,agri_potential_carbon,,,mean tonnes carbon per km2,,
FIN,COTT,agri_potential_carbon,,,mean tonnes carbon per km2,,
GAB,COTT,agri_potential_carbon,0.0,0.0,mean tonnes carbon per km2,1.0,0.00699999988079071
GMB,COTT,agri_potential_carbon,7526.530285975345,279.4191624526958,mean tonnes carbon per km2,124.0,16.432000066041944
MAR,COTT,agri_potential_carbon,1718.716249296896,290.4910427949168,mean tonnes carbon per km2,98.0,1.023000003322959
MOZ,COTT,agri_potential_carbon,7648.729452660249,47.15051421778552,mean tonnes carbon per km2,5673.0,2212.4990006515386
NAM,COTT,agri_potential_carbon,2551.2066094061415,0.0,mean tonnes carbon per km2,1.0,0.00699999988079071
GEO,COTT,agri_potential_carbon,,,mean tonnes carbon per km2,,
DEU,COTT,agri_potential_carbon,,,mean tonnes carbon per km2,,
GHA,COTT,agri_potential_carbon,8794.72660773826,210.41802154664566,mean tonnes carbon per km2,1144.0,132.54799993306398
GRC,COTT,agri_potential_carbon,4156.3528205307575,101.86830142190297,mean tonnes carbon per km2,650.0,2580.0179934149237
GRL,COTT,agri_potential_carbon,,,mean tonnes carbon per km2,,
GRD,COTT,agri_potential_carbon,14432.473349763668,657.4642017627056,mean tonnes carbon per km2,4.0,1.5179999923706058
NRU,COTT,agri_potential_carbon,,,mean tonnes carbon per km2,,
GTM,COTT,agri_potential_carbon,7656.762591124213,748.6164066792804,mean tonnes carbon per km2,70.0,11.501999943181875
NPL,COTT,agri_potential_carbon,9789.331068258085,620.7291379538573,mean tonnes carbon per km2,81.0,1.1690000077337028
GIN,COTT,agri_potential_carbon,9428.719845120033,141.66056574455231,mean tonnes carbon per km2,1302.0,260.7530000329763
GNB,COTT,agri_potential_carbon,10906.202661266067,342.9508812062848,mean tonnes carbon per km2,289.0,35.00999998390675
GUY,COTT,agri_potential_carbon,,,mean tonnes carbon per km2,,
HTI,COTT,agri_potential_carbon,9522.152785798931,222.83144500267062,mean tonnes carbon per km2,307.0,21.513000031411647
JOR,COTT,agri_potential_carbon,,,mean tonnes carbon per km2,,
HND,COTT,agri_potential_carbon,9010.103220469015,510.21780853719133,mean tonnes carbon per km2,77.0,15.578000072762368
HUN,COTT,agri_potential_carbon,,,mean tonnes carbon per km2,,
ISL,COTT,agri_potential_carbon,,,mean tonnes carbon per km2,,
IDN,COTT,agri_potential_carbon,10063.361731973493,232.27830125315623,mean tonnes carbon per km2,670.0,108.10300009220839
IRN,COTT,agri_potential_carbon,478.8273538627192,41.20702822012765,mean tonnes carbon per km2,2426.0,1050.4659997710587
IRQ,COTT,agri_potential_carbon,541.3224994018561,30.29837102743134,mean tonnes carbon per km2,1975.0,162.42399986676872
IRL,COTT,agri_potential_carbon,,,mean tonnes carbon per km2,,
KAZ,COTT,agri_potential_carbon,1261.293779961408,39.101334946666256,mean tonnes carbon per km2,583.0,1439.8630017223954
KEN,COTT,agri_potential_carbon,6057.114334988297,225.39829893831114,mean tonnes carbon per km2,548.0,321.51999905355274
KIR,COTT,agri_potential_carbon,,,mean tonnes carbon per km2,,
PRK,COTT,agri_potential_carbon,8552.84304893087,73.77195088975861,mean tonnes carbon per km2,216.0,189.5899997091293
KOR,COTT,agri_potential_carbon,8281.293527730697,136.55610027156305,mean tonnes carbon per km2,119.0,0.12300000190734864
XKX,COTT,agri_potential_carbon,,,mean tonnes carbon per km2,,
SRB,COTT,agri_potential_carbon,,,mean tonnes carbon per km2,,
SYC,COTT,agri_potential_carbon,,,mean tonnes carbon per km2,,
SLE,COTT,agri_potential_carbon,15806.774808293356,1285.4224759915312,mean tonnes carbon per km2,2.0,0.25599999621510505
SGP,COTT,agri_potential_carbon,,,mean tonnes carbon per km2,,
ITA,COTT,agri_potential_carbon,,,mean tonnes carbon per km2,,
JAM,COTT,agri_potential_carbon,,,mean tonnes carbon per km2,,
JPN,COTT,agri_potential_carbon,,,mean tonnes carbon per km2,,
KGZ,COTT,agri_potential_carbon,1967.9643278322537,106.0886635222955,mean tonnes carbon per km2,115.0,284.33399954251945
LAO,COTT,agri_potential_carbon,13362.753149035805,253.60987869855967,mean tonnes carbon per km2,613.0,22.319000014141203
LVA,COTT,agri_potential_carbon,,,mean tonnes carbon per km2,,
LBN,COTT,agri_potential_carbon,3671.0744782382485,0.0,mean tonnes carbon per km2,1.0,0.2720000076293945
LSO,COTT,agri_potential_carbon,,,mean tonnes carbon per km2,,
LBR,COTT,agri_potential_carbon,,,mean tonnes carbon per km2,,
LBY,COTT,agri_potential_carbon,,,mean tonnes carbon per km2,,
LIE,COTT,agri_potential_carbon,,,mean tonnes carbon per km2,,
LTU,COTT,agri_potential_carbon,,,mean tonnes carbon per km2,,
LUX,COTT,agri_potential_carbon,,,mean tonnes carbon per km2,,
MCO,COTT,agri_potential_carbon,,,mean tonnes carbon per km2,,
MNG,COTT,agri_potential_carbon,,,mean tonnes carbon per km2,,
MNE,COTT,agri_potential_carbon,,,mean tonnes carbon per km2,,
MKD,COTT,agri_potential_carbon,3198.0829666607983,518.6499503964687,mean tonnes carbon per km2,8.0,0.026000000089406967
MDG,COTT,agri_potential_carbon,7842.828467966829,259.66467968660305,mean tonnes carbon per km2,3194.0,125.57599965773522
MWI,COTT,agri_potential_carbon,5942.580228867324,131.408792345209,mean tonnes carbon per km2,660.0,638.2099995452166
MYS,COTT,agri_potential_carbon,10538.768633047948,462.1100946139153,mean tonnes carbon per km2,2.0,0.05
MDV,COTT,agri_potential_carbon,,,mean tonnes carbon per km2,,
MLI,COTT,agri_potential_carbon,4062.251690623869,64.55959094742904,mean tonnes carbon per km2,2401.0,3059.234001108781
MLT,COTT,agri_potential_carbon,,,mean tonnes carbon per km2,,
MHL,COTT,agri_potential_carbon,,,mean tonnes carbon per km2,,
MRT,COTT,agri_potential_carbon,,,mean tonnes carbon per km2,,
MUS,COTT,agri_potential_carbon,,,mean tonnes carbon per km2,,
MEX,COTT,agri_potential_carbon,541.4046996817261,236.96908503571518,mean tonnes carbon per km2,954.0,1243.0770037385078
FSM,COTT,agri_potential_carbon,,,mean tonnes carbon per km2,,
MDA,COTT,agri_potential_carbon,,,mean tonnes carbon per km2,,
NIC,COTT,agri_potential_carbon,8426.77825028814,311.33611546066413,mean tonnes carbon per km2,142.0,20.40199991300702
OMN,COTT,agri_potential_carbon,,,mean tonnes carbon per km2,,
PAK,COTT,agri_potential_carbon,870.9265554595113,22.142910187729992,mean tonnes carbon per km2,3148.0,28741.13801902957
PLW,COTT,agri_potential_carbon,,,mean tonnes carbon per km2,,
PAN,COTT,agri_potential_carbon,,,mean tonnes carbon per km2,,
PNG,COTT,agri_potential_carbon,,,mean tonnes carbon per km2,,
PRY,COTT,agri_potential_carbon,8360.767049145541,116.26663733668285,mean tonnes carbon per km2,2139.0,229.84800015598535
PER,COTT,agri_potential_carbon,1203.0164298269895,454.46434886560036,mean tonnes carbon per km2,525.0,371.73500198751685
PHL,COTT,agri_potential_carbon,15624.424141935837,247.5421489978917,mean tonnes carbon per km2,358.0,1.7670000077039005
POL,COTT,agri_potential_carbon,,,mean tonnes carbon per km2,,
PRT,COTT,agri_potential_carbon,,,mean tonnes carbon per km2,,
ROU,COTT,agri_potential_carbon,2967.5457143973517,57.13174133767308,mean tonnes carbon per km2,50.0,0.058000000864267355
RUS,COTT,agri_potential_carbon,,,mean tonnes carbon per km2,,
RWA,COTT,agri_potential_carbon,6214.990199548726,1249.4510489062122,mean tonnes carbon per km2,2.0,0.10299999810755253
WSM,COTT,agri_potential_carbon,,,mean tonnes carbon per km2,,
SMR,COTT,agri_potential_carbon,,,mean tonnes carbon per km2,,
TON,COTT,agri_potential_carbon,,,mean tonnes carbon per km2,,
TTO,COTT,agri_potential_carbon,,,mean tonnes carbon per km2,,
TUN,COTT,agri_potential_carbon,942.6059776693353,415.3184640176108,mean tonnes carbon per km2,919.0,20.644000078812244
TKM,COTT,agri_potential_carbon,887.0878074798774,31.15742372262351,mean tonnes carbon per km2,409.0,5696.054005025476
STP,COTT,agri_potential_carbon,,,mean tonnes carbon per km2,,
SAU,COTT,agri_potential_carbon,,,mean tonnes carbon per km2,,
SEN,COTT,agri_potential_carbon,5736.436527181082,252.38850288014265,mean tonnes carbon per km2,758.0,254.67900021731853
SVK,COTT,agri_potential_carbon,,,mean tonnes carbon per km2,,
SVN,COTT,agri_potential_carbon,,,mean tonnes carbon per km2,,
SLB,COTT,agri_potential_carbon,,,mean tonnes carbon per km2,,
SOM,COTT,agri_potential_carbon,1157.7047385108956,132.82172137429552,mean tonnes carbon per km2,730.0,169.3969999845326
ZAF,COTT,agri_potential_carbon,3862.91981931166,110.9757746723397,mean tonnes carbon per km2,3268.0,85.17500012919307
SSD,COTT,agri_potential_carbon,11459.095127215607,0.0,mean tonnes carbon per km2,1.0,0.5609999847412109
ESP,COTT,agri_potential_carbon,5017.546134015671,120.8143896381794,mean tonnes carbon per km2,1011.0,629.9469994537532
LKA,COTT,agri_potential_carbon,,,mean tonnes carbon per km2,,
KNA,COTT,agri_potential_carbon,13728.467788923677,507.22828388795335,mean tonnes carbon per km2,3.0,0.03400000035762787
LCA,COTT,agri_potential_carbon,,,mean tonnes carbon per km2,,
VCT,COTT,agri_potential_carbon,,,mean tonnes carbon per km2,,
SDN,COTT,agri_potential_carbon,739.4958209564295,56.17801620737195,mean tonnes carbon per km2,623.0,701.7979993958025
SUR,COTT,agri_potential_carbon,,,mean tonnes carbon per km2,,
SWZ,COTT,agri_potential_carbon,8141.521899045641,214.12215360726182,mean tonnes carbon per km2,164.0,25.6729998896271
SWE,COTT,agri_potential_carbon,,,mean tonnes carbon per km2,,
CHE,COTT,agri_potential_carbon,,,mean tonnes carbon per km2,,
SYR,COTT,agri_potential_carbon,1004.5089721226509,57.39224323496691,mean tonnes carbon per km2,677.0,1703.11100268811
TWN,COTT,agri_potential_carbon,,,mean tonnes carbon per km2,,
TJK,COTT,agri_potential_carbon,1024.4404248577887,61.72071129161466,mean tonnes carbon per km2,385.0,1840.593995944336
TZA,COTT,agri_potential_carbon,5442.2940489518105,126.481772884387,mean tonnes carbon per km2,2430.0,3049.9299986397473
THA,COTT,agri_potential_carbon,9477.126812254157,45.911992356429025,mean tonnes carbon per km2,4182.0,79.16300003372132
TLS,COTT,agri_potential_carbon,,,mean tonnes carbon per km2,,
TGO,COTT,agri_potential_carbon,8519.249472578173,136.69619211395153,mean tonnes carbon per km2,565.0,653.6970011639595
TUV,COTT,agri_potential_carbon,,,mean tonnes carbon per km2,,
UGA,COTT,agri_potential_carbon,9356.42793347539,104.21193883941508,mean tonnes carbon per km2,1519.0,993.5999997353554
URY,COTT,agri_potential_carbon,,,mean tonnes carbon per km2,,
UZB,COTT,agri_potential_carbon,1241.8249408879285,18.39337465143302,mean tonnes carbon per km2,1593.0,13250.980995595231
VUT,COTT,agri_potential_carbon,,,mean tonnes carbon per km2,,
VAT,COTT,agri_potential_carbon,,,mean tonnes carbon per km2,,
VEN,COTT,agri_potential_carbon,6496.583351125735,349.1369483866749,mean tonnes carbon per km2,580.0,132.58099984601142
VNM,COTT,agri_potential_carbon,13198.848594205136,174.4760979691699,mean tonnes carbon per km2,1098.0,94.93900007508697
ZMB,COTT,agri_potential_carbon,7004.6426006060565,77.09127738744047,mean tonnes carbon per km2,1979.0,996.8449993786961
ZWE,COTT,agri_potential_carbon,5758.8200268849005,57.61142537013364,mean tonnes carbon per km2,2863.0,2545.116997640878
YEM,COTT,agri_potential_carbon,105.87589553822346,92.64125430754505,mean tonnes carbon per km2,284.0,194.8099990893155
UKR,COTT,agri_potential_carbon,,,mean tonnes carbon per km2,,
BHR,COTT,agri_potential_carbon,,,mean tonnes carbon per km2,,
KWT,COTT,agri_potential_carbon,,,mean tonnes carbon per km2,,
QAT,COTT,agri_potential_carbon,,,mean tonnes carbon per km2,,
ARE,COTT,agri_potential_carbon,,,mean tonnes carbon per km2,,
TUR,COTT,agri_potential_carbon,2704.022712716406,61.57019343578502,mean tonnes carbon per km2,2291.0,4810.292005190029
ISR,COTT,agri_potential_carbon,3125.2703374205626,285.3004724666907,mean tonnes carbon per km2,108.0,54.86100037783383
BGD,COTT,agri_potential_carbon,10723.181232555497,346.23135499290015,mean tonnes carbon per km2,363.0,132.4599996957183
MMR,COTT,agri_potential_carbon,3652.8846674403567,169.89872223051114,mean tonnes carbon per km2,2305.0,3248.68699621208
IND,COTT,agri_potential_carbon,4075.6681132088142,46.80268827505299,mean tonnes carbon per km2,19062.0,105028.9660238369
BEN,COTT,agri_potential_carbon,5850.772141182388,115.46755624023767,mean tonnes carbon per km2,897.0,1643.8659994366767
NER,COTT,agri_potential_carbon,2187.607993467109,79.8285185366923,mean tonnes carbon per km2,1506.0,93.2340000499785
NGA,COTT,agri_potential_carbon,4332.394581583707,81.32892166475204,mean tonnes carbon per km2,5613.0,3397.1640014294535
111,COTT,agri_potential_carbon,,,mean tonnes carbon per km2,,
112,COTT,agri_potential_carbon,,,mean tonnes carbon per km2,,
113,COTT,agri_potential_carbon,0.0,0.0,mean tonnes carbon per km2,1.0,0.0010000000149011613
114,COTT,agri_potential_carbon,,,mean tonnes carbon per km2,,
115,COTT,agri_potential_carbon,,,mean tonnes carbon per km2,,
116,COTT,agri_potential_carbon,,,mean tonnes carbon per km2,,
117,COTT,agri_potential_carbon,,,mean tonnes carbon per km2,,
118,COTT,agri_potential_carbon,,,mean tonnes carbon per km2,,
119,COTT,agri_potential_carbon,,,mean tonnes carbon per km2,,
120,COTT,agri_potential_carbon,,,mean tonnes carbon per km2,,
121,COTT,agri_potential_carbon,,,mean tonnes carbon per km2,,
122,COTT,agri_potential_carbon,,,mean tonnes carbon per km2,,
123,COTT,agri_potential_carbon,,,mean tonnes carbon per km2,,
124,COTT,agri_potential_carbon,,,mean tonnes carbon per km2,,
125,COTT,agri_potential_carbon,,,mean tonnes carbon per km2,,
126,COTT,agri_potential_carbon,,,mean tonnes carbon per km2,,
127,COTT,agri_potential_carbon,,,mean tonnes carbon per km2,,
128,COTT,agri_potential_carbon,,,mean tonnes carbon per km2,,
129,COTT,agri_potential_carbon,,,mean tonnes carbon per km2,,
ESH,COTT,agri_potential_carbon,,,mean tonnes carbon per km2,,
AFG,COWP,agri_potential_carbon,,,mean tonnes carbon per km2,,
GBR,COWP,agri_potential_carbon,,,mean tonnes carbon per km2,,
ALB,COWP,agri_potential_carbon,3751.69168672838,578.0831116694842,mean tonnes carbon per km2,2.0,0.11099999785423278
DZA,COWP,agri_potential_carbon,,,mean tonnes carbon per km2,,
USA,COWP,agri_potential_carbon,3603.313232102794,71.53957645284275,mean tonnes carbon per km2,7063.0,125.92599956460299
ATA,COWP,agri_potential_carbon,,,mean tonnes carbon per km2,,
ATG,COWP,agri_potential_carbon,,,mean tonnes carbon per km2,,
ARG,COWP,agri_potential_carbon,,,mean tonnes carbon per km2,,
AND,COWP,agri_potential_carbon,,,mean tonnes carbon per km2,,
AGO,COWP,agri_potential_carbon,11264.7040979954,1019.3204166381483,mean tonnes carbon per km2,15.0,7.765000058412552
ARM,COWP,agri_potential_carbon,,,mean tonnes carbon per km2,,
NLD,COWP,agri_potential_carbon,,,mean tonnes carbon per km2,,
AUS,COWP,agri_potential_carbon,,,mean tonnes carbon per km2,,
AUT,COWP,agri_potential_carbon,,,mean tonnes carbon per km2,,
AZE,COWP,agri_potential_carbon,,,mean tonnes carbon per km2,,
BHS,COWP,agri_potential_carbon,,,mean tonnes carbon per km2,,
BRB,COWP,agri_potential_carbon,,,mean tonnes carbon per km2,,
BLR,COWP,agri_potential_carbon,,,mean tonnes carbon per km2,,
BEL,COWP,agri_potential_carbon,,,mean tonnes carbon per km2,,
BLZ,COWP,agri_potential_carbon,,,mean tonnes carbon per km2,,
BTN,COWP,agri_potential_carbon,,,mean tonnes carbon per km2,,
BOL,COWP,agri_potential_carbon,,,mean tonnes carbon per km2,,
BIH,COWP,agri_potential_carbon,7216.202786276171,344.5330189666813,mean tonnes carbon per km2,21.0,5.043999988138675
BWA,COWP,agri_potential_carbon,,,mean tonnes carbon per km2,,
NOR,COWP,agri_potential_carbon,,,mean tonnes carbon per km2,,
COL,COWP,agri_potential_carbon,,,mean tonnes carbon per km2,,
COM,COWP,agri_potential_carbon,,,mean tonnes carbon per km2,,
BRA,COWP,agri_potential_carbon,8564.480948280036,3746.226221927739,mean tonnes carbon per km2,3.0,0.003000000044703484
FRA,COWP,agri_potential_carbon,,,mean tonnes carbon per km2,,
COD,COWP,agri_potential_carbon,12064.288040352843,97.51041512735381,mean tonnes carbon per km2,6930.0,1344.670000897944
COG,COWP,agri_potential_carbon,12896.08801825351,2564.9727783189,mean tonnes carbon per km2,11.0,0.31299999468028544
NZL,COWP,agri_potential_carbon,,,mean tonnes carbon per km2,,
BRN,COWP,agri_potential_carbon,,,mean tonnes carbon per km2,,
BGR,COWP,agri_potential_carbon,8710.699700166906,0.0,mean tonnes carbon per km2,1.0,0.03700000047683716
BFA,COWP,agri_potential_carbon,3990.9801750136153,54.30650477432229,mean tonnes carbon per km2,2658.0,10231.818992575852
BDI,COWP,agri_potential_carbon,,,mean tonnes carbon per km2,,
CPV,COWP,agri_potential_carbon,,,mean tonnes carbon per km2,,
KHM,COWP,agri_potential_carbon,,,mean tonnes carbon per km2,,
CMR,COWP,agri_potential_carbon,4344.55388076494,156.5795029291838,mean tonnes carbon per km2,1226.0,2148.862989617884
CAN,COWP,agri_potential_carbon,,,mean tonnes carbon per km2,,
CRI,COWP,agri_potential_carbon,,,mean tonnes carbon per km2,,
CIV,COWP,agri_potential_carbon,6001.744212241591,890.4476999215058,mean tonnes carbon per km2,4.0,8.021999893188477
HRV,COWP,agri_potential_carbon,7397.846239430882,178.1025606704258,mean tonnes carbon per km2,110.0,0.7760000014305115
CUB,COWP,agri_potential_carbon,,,mean tonnes carbon per km2,,
CAF,COWP,agri_potential_carbon,10700.0,0.0,mean tonnes carbon per km2,1.0,0.01
TCD,COWP,agri_potential_carbon,4061.7222691831876,650.8592182490099,mean tonnes carbon per km2,7.0,13.733000349998475
CHL,COWP,agri_potential_carbon,,,mean tonnes carbon per km2,,
CHN,COWP,agri_potential_carbon,0.0,0.0,mean tonnes carbon per km2,2.0,0.0020000000298023225
CYP,COWP,agri_potential_carbon,2432.7772916791814,293.1006239983209,mean tonnes carbon per km2,97.0,1.4570000015944242
CZE,COWP,agri_potential_carbon,,,mean tonnes carbon per km2,,
DNK,COWP,agri_potential_carbon,,,mean tonnes carbon per km2,,
DJI,COWP,agri_potential_carbon,,,mean tonnes carbon per km2,,
DMA,COWP,agri_potential_carbon,,,mean tonnes carbon per km2,,
DOM,COWP,agri_potential_carbon,15950.041321366876,0.0,mean tonnes carbon per km2,1.0,0.06300000190734863
ECU,COWP,agri_potential_carbon,,,mean tonnes carbon per km2,,
EGY,COWP,agri_potential_carbon,940.7423186561754,213.35106500770456,mean tonnes carbon per km2,307.0,22.91000015690923
SLV,COWP,agri_potential_carbon,,,mean tonnes carbon per km2,,
GNQ,COWP,agri_potential_carbon,,,mean tonnes carbon per km2,,
ERI,COWP,agri_potential_carbon,,,mean tonnes carbon per km2,,
EST,COWP,agri_potential_carbon,,,mean tonnes carbon per km2,,
ETH,COWP,agri_potential_carbon,,,mean tonnes carbon per km2,,
FJI,COWP,agri_potential_carbon,,,mean tonnes carbon per km2,,
FIN,COWP,agri_potential_carbon,,,mean tonnes carbon per km2,,
GAB,COWP,agri_potential_carbon,,,mean tonnes carbon per km2,,
GMB,COWP,agri_potential_carbon,10179.527200007014,2783.7739475353055,mean tonnes carbon per km2,2.0,0.6139999961853028
MAR,COWP,agri_potential_carbon,,,mean tonnes carbon per km2,,
MOZ,COWP,agri_potential_carbon,6512.574985589014,38.93969705097988,mean tonnes carbon per km2,5915.0,2107.7370008711514
NAM,COWP,agri_potential_carbon,,,mean tonnes carbon per km2,,
GEO,COWP,agri_potential_carbon,,,mean tonnes carbon per km2,,
DEU,COWP,agri_potential_carbon,,,mean tonnes carbon per km2,,
GHA,COWP,agri_potential_carbon,,,mean tonnes carbon per km2,,
GRC,COWP,agri_potential_carbon,,,mean tonnes carbon per km2,,
GRL,COWP,agri_potential_carbon,,,mean tonnes carbon per km2,,
GRD,COWP,agri_potential_carbon,,,mean tonnes carbon per km2,,
NRU,COWP,agri_potential_carbon,,,mean tonnes carbon per km2,,
GTM,COWP,agri_potential_carbon,,,mean tonnes carbon per km2,,
NPL,COWP,agri_potential_carbon,,,mean tonnes carbon per km2,,
GIN,COWP,agri_potential_carbon,7497.510454201943,548.3010299540614,mean tonnes carbon per km2,9.0,3.033999981880188
GNB,COWP,agri_potential_carbon,10861.768322305808,355.31313805183106,mean tonnes carbon per km2,291.0,32.98700006276369
GUY,COWP,agri_potential_carbon,6432.788530879649,417.61566079462676,mean tonnes carbon per km2,322.0,0.7100000079721213
HTI,COWP,agri_potential_carbon,11145.7828228906,455.18244165985635,mean tonnes carbon per km2,282.0,417.94700031757355
JOR,COWP,agri_potential_carbon,,,mean tonnes carbon per km2,,
HND,COWP,agri_potential_carbon,,,mean tonnes carbon per km2,,
HUN,COWP,agri_potential_carbon,3830.8963251590685,3507.1828230316214,mean tonnes carbon per km2,2.0,0.022000000029802323
ISL,COWP,agri_potential_carbon,,,mean tonnes carbon per km2,,
IDN,COWP,agri_potential_carbon,,,mean tonnes carbon per km2,,
IRN,COWP,agri_potential_carbon,,,mean tonnes carbon per km2,,
IRQ,COWP,agri_potential_carbon,1126.8907619930785,33.471054641222814,mean tonnes carbon per km2,1142.0,3.126000031903387
IRL,COWP,agri_potential_carbon,,,mean tonnes carbon per km2,,
KAZ,COWP,agri_potential_carbon,,,mean tonnes carbon per km2,,
KEN,COWP,agri_potential_carbon,6348.597717214729,196.688264382861,mean tonnes carbon per km2,1169.0,1633.158000132367
KIR,COWP,agri_potential_carbon,,,mean tonnes carbon per km2,,
PRK,COWP,agri_potential_carbon,,,mean tonnes carbon per km2,,
KOR,COWP,agri_potential_carbon,,,mean tonnes carbon per km2,,
XKX,COWP,agri_potential_carbon,11186.915381020906,0.0,mean tonnes carbon per km2,1.0,0.03
SRB,COWP,agri_potential_carbon,5908.319023736451,78.79558856756569,mean tonnes carbon per km2,1095.0,51.01600002579391
SYC,COWP,agri_potential_carbon,,,mean tonnes carbon per km2,,
SLE,COWP,agri_potential_carbon,,,mean tonnes carbon per km2,,
SGP,COWP,agri_potential_carbon,,,mean tonnes carbon per km2,,
ITA,COWP,agri_potential_carbon,,,mean tonnes carbon per km2,,
JAM,COWP,agri_potential_carbon,11357.511383582389,458.84375916672496,mean tonnes carbon per km2,117.0,2.037999998256564
JPN,COWP,agri_potential_carbon,4741.158964437024,892.3199274350648,mean tonnes carbon per km2,67.0,0.14000000163912776
KGZ,COWP,agri_potential_carbon,,,mean tonnes carbon per km2,,
LAO,COWP,agri_potential_carbon,,,mean tonnes carbon per km2,,
LVA,COWP,agri_potential_carbon,,,mean tonnes carbon per km2,,
LBN,COWP,agri_potential_carbon,,,mean tonnes carbon per km2,,
LSO,COWP,agri_potential_carbon,,,mean tonnes carbon per km2,,
LBR,COWP,agri_potential_carbon,,,mean tonnes carbon per km2,,
LBY,COWP,agri_potential_carbon,,,mean tonnes carbon per km2,,
LIE,COWP,agri_potential_carbon,,,mean tonnes carbon per km2,,
LTU,COWP,agri_potential_carbon,,,mean tonnes carbon per km2,,
LUX,COWP,agri_potential_carbon,,,mean tonnes carbon per km2,,
MCO,COWP,agri_potential_carbon,,,mean tonnes carbon per km2,,
MNG,COWP,agri_potential_carbon,,,mean tonnes carbon per km2,,
MNE,COWP,agri_potential_carbon,8981.39805819413,363.82449666412055,mean tonnes carbon per km2,2.0,0.12
MKD,COWP,agri_potential_carbon,6187.810084858823,166.6036958307704,mean tonnes carbon per km2,300.0,20.549999963864686
MDG,COWP,agri_potential_carbon,8660.60228183369,90.13907740734373,mean tonnes carbon per km2,4304.0,47.249000152796505
MWI,COWP,agri_potential_carbon,7048.64702552579,105.28265209595122,mean tonnes carbon per km2,686.0,626.4830008039623
MYS,COWP,agri_potential_carbon,,,mean tonnes carbon per km2,,
MDV,COWP,agri_potential_carbon,,,mean tonnes carbon per km2,,
MLI,COWP,agri_potential_carbon,2943.649129977821,45.97596091401978,mean tonnes carbon per km2,4834.0,2619.437001353353
MLT,COWP,agri_potential_carbon,,,mean tonnes carbon per km2,,
MHL,COWP,agri_potential_carbon,,,mean tonnes carbon per km2,,
MRT,COWP,agri_potential_carbon,2027.1234947388948,51.61781101816629,mean tonnes carbon per km2,1453.0,214.3359996317327
MUS,COWP,agri_potential_carbon,,,mean tonnes carbon per km2,,
MEX,COWP,agri_potential_carbon,2676.497049499708,787.9939425049046,mean tonnes carbon per km2,4.0,0.13700000107288363
FSM,COWP,agri_potential_carbon,,,mean tonnes carbon per km2,,
MDA,COWP,agri_potential_carbon,,,mean tonnes carbon per km2,,
NIC,COWP,agri_potential_carbon,,,mean tonnes carbon per km2,,
OMN,COWP,agri_potential_carbon,,,mean tonnes carbon per km2,,
PAK,COWP,agri_potential_carbon,,,mean tonnes carbon per km2,,
PLW,COWP,agri_potential_carbon,,,mean tonnes carbon per km2,,
PAN,COWP,agri_potential_carbon,,,mean tonnes carbon per km2,,
PNG,COWP,agri_potential_carbon,,,mean tonnes carbon per km2,,
PRY,COWP,agri_potential_carbon,,,mean tonnes carbon per km2,,
PER,COWP,agri_potential_carbon,3883.0818964965774,349.6547673692939,mean tonnes carbon per km2,555.0,159.705000083223
PHL,COWP,agri_potential_carbon,13841.99905755862,91.76337667401157,mean tonnes carbon per km2,1709.0,3.599000063091516
POL,COWP,agri_potential_carbon,,,mean tonnes carbon per km2,,
PRT,COWP,agri_potential_carbon,,,mean tonnes carbon per km2,,
ROU,COWP,agri_potential_carbon,4523.240055890881,0.0,mean tonnes carbon per km2,1.0,0.01
RUS,COWP,agri_potential_carbon,,,mean tonnes carbon per km2,,
RWA,COWP,agri_potential_carbon,11540.39583511605,0.0,mean tonnes carbon per km2,1.0,0.09899999618530274
WSM,COWP,agri_potential_carbon,,,mean tonnes carbon per km2,,
SMR,COWP,agri_potential_carbon,,,mean tonnes carbon per km2,,
TON,COWP,agri_potential_carbon,,,mean tonnes carbon per km2,,
TTO,COWP,agri_potential_carbon,12011.473114700058,1211.0925737859338,mean tonnes carbon per km2,34.0,1.439000001847744
TUN,COWP,agri_potential_carbon,,,mean tonnes carbon per km2,,
TKM,COWP,agri_potential_carbon,,,mean tonnes carbon per km2,,
STP,COWP,agri_potential_carbon,,,mean tonnes carbon per km2,,
SAU,COWP,agri_potential_carbon,,,mean tonnes carbon per km2,,
SEN,COWP,agri_potential_carbon,4851.956645055315,131.47080651984285,mean tonnes carbon per km2,1390.0,1423.0530005238952
SVK,COWP,agri_potential_carbon,,,mean tonnes carbon per km2,,
SVN,COWP,agri_potential_carbon,7661.503422717321,0.0,mean tonnes carbon per km2,1.0,0.005
SLB,COWP,agri_potential_carbon,,,mean tonnes carbon per km2,,
SOM,COWP,agri_potential_carbon,,,mean tonnes carbon per km2,,
ZAF,COWP,agri_potential_carbon,5582.693125692737,57.58857733765291,mean tonnes carbon per km2,3452.0,104.63700002916158
SSD,COWP,agri_potential_carbon,3935.527031402594,72.1738132384601,mean tonnes carbon per km2,4243.0,1513.2899997667969
ESP,COWP,agri_potential_carbon,,,mean tonnes carbon per km2,,
LKA,COWP,agri_potential_carbon,8480.176983860472,267.1405999168801,mean tonnes carbon per km2,650.0,103.77899972178041
KNA,COWP,agri_potential_carbon,,,mean tonnes carbon per km2,,
LCA,COWP,agri_potential_carbon,,,mean tonnes carbon per km2,,
VCT,COWP,agri_potential_carbon,,,mean tonnes carbon per km2,,
SDN,COWP,agri_potential_carbon,1963.627418044716,899.8347912498048,mean tonnes carbon per km2,3.0,2.047999954223633
SUR,COWP,agri_potential_carbon,,,mean tonnes carbon per km2,,
SWZ,COWP,agri_potential_carbon,8047.759656375758,186.397128698469,mean tonnes carbon per km2,206.0,18.925999997854234
SWE,COWP,agri_potential_carbon,,,mean tonnes carbon per km2,,
CHE,COWP,agri_potential_carbon,,,mean tonnes carbon per km2,,
SYR,COWP,agri_potential_carbon,,,mean tonnes carbon per km2,,
TWN,COWP,agri_potential_carbon,,,mean tonnes carbon per km2,,
TJK,COWP,agri_potential_carbon,,,mean tonnes carbon per km2,,
TZA,COWP,agri_potential_carbon,7701.503403693361,66.36775296185422,mean tonnes carbon per km2,4290.0,1328.37900021106
THA,COWP,agri_potential_carbon,13002.873126961284,2151.8914497500355,mean tonnes carbon per km2,2.0,0.2850000047683716
TLS,COWP,agri_potential_carbon,,,mean tonnes carbon per km2,,
TGO,COWP,agri_potential_carbon,,,mean tonnes carbon per km2,,
TUV,COWP,agri_potential_carbon,,,mean tonnes carbon per km2,,
UGA,COWP,agri_potential_carbon,8538.460742727451,215.42022026730598,mean tonnes carbon per km2,1268.0,466.5929994417727
URY,COWP,agri_potential_carbon,,,mean tonnes carbon per km2,,
UZB,COWP,agri_potential_carbon,,,mean tonnes carbon per km2,,
VUT,COWP,agri_potential_carbon,,,mean tonnes carbon per km2,,
VAT,COWP,agri_potential_carbon,,,mean tonnes carbon per km2,,
VEN,COWP,agri_potential_carbon,,,mean tonnes carbon per km2,,
VNM,COWP,agri_potential_carbon,,,mean tonnes carbon per km2,,
ZMB,COWP,agri_potential_carbon,8247.172239410236,1246.3091306542867,mean tonnes carbon per km2,13.0,11.449000117331742
ZWE,COWP,agri_potential_carbon,5843.183143677577,1055.019712794319,mean tonnes carbon per km2,9.0,2.82300000667572
YEM,COWP,agri_potential_carbon,,,mean tonnes carbon per km2,,
UKR,COWP,agri_potential_carbon,,,mean tonnes carbon per km2,,
BHR,COWP,agri_potential_carbon,,,mean tonnes carbon per km2,,
KWT,COWP,agri_potential_carbon,,,mean tonnes carbon per km2,,
QAT,COWP,agri_potential_carbon,,,mean tonnes carbon per km2,,
ARE,COWP,agri_potential_carbon,,,mean tonnes carbon per km2,,
TUR,COWP,agri_potential_carbon,,,mean tonnes carbon per km2,,
ISR,COWP,agri_potential_carbon,,,mean tonnes carbon per km2,,
BGD,COWP,agri_potential_carbon,9827.36269363001,0.0,mean tonnes carbon per km2,1.0,1.495
MMR,COWP,agri_potential_carbon,9595.474902101305,146.19876128162312,mean tonnes carbon per km2,3112.0,1642.3960013367237
IND,COWP,agri_potential_carbon,10053.773353544608,3334.965731991707,mean tonnes carbon per km2,2.0,0.017000000476837158
BEN,COWP,agri_potential_carbon,7149.158345712647,530.1554445128975,mean tonnes carbon per km2,6.0,2.607000010013581
NER,COWP,agri_potential_carbon,2030.6059313620185,32.128902509667384,mean tonnes carbon per km2,3166.0,30849.835003891436
NGA,COWP,agri_potential_carbon,4232.631860708387,55.451562892084844,mean tonnes carbon per km2,8833.0,26942.460984200385
111,COWP,agri_potential_carbon,,,mean tonnes carbon per km2,,
112,COWP,agri_potential_carbon,,,mean tonnes carbon per km2,,
113,COWP,agri_potential_carbon,,,mean tonnes carbon per km2,,
114,COWP,agri_potential_carbon,,,mean tonnes carbon per km2,,
115,COWP,agri_potential_carbon,,,mean tonnes carbon per km2,,
116,COWP,agri_potential_carbon,,,mean tonnes carbon per km2,,
117,COWP,agri_potential_carbon,,,mean tonnes carbon per km2,,
118,COWP,agri_potential_carbon,,,mean tonnes carbon per km2,,
119,COWP,agri_potential_carbon,,,mean tonnes carbon per km2,,
120,COWP,agri_potential_carbon,,,mean tonnes carbon per km2,,
121,COWP,agri_potential_carbon,,,mean tonnes carbon per km2,,
122,COWP,agri_potential_carbon,,,mean tonnes carbon per km2,,
123,COWP,agri_potential_carbon,,,mean tonnes carbon per km2,,
124,COWP,agri_potential_carbon,,,mean tonnes carbon per km2,,
125,COWP,agri_potential_carbon,,,mean tonnes carbon per km2,,
126,COWP,agri_potential_carbon,,,mean tonnes carbon per km2,,
127,COWP,agri_potential_carbon,,,mean tonnes carbon per km2,,
128,COWP,agri_potential_carbon,,,mean tonnes carbon per km2,,
129,COWP,agri_potential_carbon,,,mean tonnes carbon per km2,,
ESH,COWP,agri_potential_carbon,,,mean tonnes carbon per km2,,
AFG,ACOF,agri_potential_carbon,,,mean tonnes carbon per km2,,
GBR,ACOF,agri_potential_carbon,,,mean tonnes carbon per km2,,
ALB,ACOF,agri_potential_carbon,,,mean tonnes carbon per km2,,
DZA,ACOF,agri_potential_carbon,,,mean tonnes carbon per km2,,
USA,ACOF,agri_potential_carbon,10983.108106378952,1044.140136533937,mean tonnes carbon per km2,107.0,227.60199982285496
ATA,ACOF,agri_potential_carbon,,,mean tonnes carbon per km2,,
ATG,ACOF,agri_potential_carbon,,,mean tonnes carbon per km2,,
ARG,ACOF,agri_potential_carbon,9762.552867150114,3718.2155184226685,mean tonnes carbon per km2,3.0,0.006000000089406967
AND,ACOF,agri_potential_carbon,,,mean tonnes carbon per km2,,
AGO,ACOF,agri_potential_carbon,10887.839030494757,872.3654914763753,mean tonnes carbon per km2,12.0,0.1799999998509884
ARM,ACOF,agri_potential_carbon,,,mean tonnes carbon per km2,,
NLD,ACOF,agri_potential_carbon,,,mean tonnes carbon per km2,,
AUS,ACOF,agri_potential_carbon,,,mean tonnes carbon per km2,,
AUT,ACOF,agri_potential_carbon,,,mean tonnes carbon per km2,,
AZE,ACOF,agri_potential_carbon,,,mean tonnes carbon per km2,,
BHS,ACOF,agri_potential_carbon,,,mean tonnes carbon per km2,,
BRB,ACOF,agri_potential_carbon,,,mean tonnes carbon per km2,,
BLR,ACOF,agri_potential_carbon,,,mean tonnes carbon per km2,,
BEL,ACOF,agri_potential_carbon,,,mean tonnes carbon per km2,,
BLZ,ACOF,agri_potential_carbon,6818.036126780715,713.3723520884996,mean tonnes carbon per km2,32.0,0.4370000019669533
BTN,ACOF,agri_potential_carbon,,,mean tonnes carbon per km2,,
BOL,ACOF,agri_potential_carbon,665.7916187405642,327.73443906622805,mean tonnes carbon per km2,1901.0,280.1930001050234
BIH,ACOF,agri_potential_carbon,,,mean tonnes carbon per km2,,
BWA,ACOF,agri_potential_carbon,,,mean tonnes carbon per km2,,
NOR,ACOF,agri_potential_carbon,,,mean tonnes carbon per km2,,
COL,ACOF,agri_potential_carbon,9585.334220908571,202.9549547608207,mean tonnes carbon per km2,1999.0,6852.034988301992
COM,ACOF,agri_potential_carbon,,,mean tonnes carbon per km2,,
BRA,ACOF,agri_potential_carbon,7528.490779229421,121.26089589711506,mean tonnes carbon per km2,18089.0,12886.199010275306
FRA,ACOF,agri_potential_carbon,10746.293743543063,972.4453522618876,mean tonnes carbon per km2,19.0,0.4759999962896108
COD,ACOF,agri_potential_carbon,12685.441949542601,87.53531061671832,mean tonnes carbon per km2,5284.0,114.91599994786084
COG,ACOF,agri_potential_carbon,13945.494511012985,1641.2834580315257,mean tonnes carbon per km2,5.0,0.01800000064074993
NZL,ACOF,agri_potential_carbon,,,mean tonnes carbon per km2,,
BRN,ACOF,agri_potential_carbon,10597.418007964778,0.0,mean tonnes carbon per km2,1.0,0.0010000000149011613
BGR,ACOF,agri_potential_carbon,,,mean tonnes carbon per km2,,
BFA,ACOF,agri_potential_carbon,,,mean tonnes carbon per km2,,
BDI,ACOF,agri_potential_carbon,10469.079662910834,243.3041333183548,mean tonnes carbon per km2,235.0,606.6720015883445
CPV,ACOF,agri_potential_carbon,,,mean tonnes carbon per km2,,
KHM,ACOF,agri_potential_carbon,,,mean tonnes carbon per km2,,
CMR,ACOF,agri_potential_carbon,10807.86221107506,195.56894393676168,mean tonnes carbon per km2,1475.0,123.54699987508357
CAN,ACOF,agri_potential_carbon,,,mean tonnes carbon per km2,,
CRI,ACOF,agri_potential_carbon,10225.017107679374,574.6563453257689,mean tonnes carbon per km2,214.0,983.3739976441113
CIV,ACOF,agri_potential_carbon,,,mean tonnes carbon per km2,,
HRV,ACOF,agri_potential_carbon,,,mean tonnes carbon per km2,,
CUB,ACOF,agri_potential_carbon,12696.710435409383,143.36096056928383,mean tonnes carbon per km2,1048.0,268.8939995187521
CAF,ACOF,agri_potential_carbon,10700.0,0.0,mean tonnes carbon per km2,1.0,0.0020000000298023225
TCD,ACOF,agri_potential_carbon,,,mean tonnes carbon per km2,,
CHL,ACOF,agri_potential_carbon,,,mean tonnes carbon per km2,,
CHN,ACOF,agri_potential_carbon,9803.461304702709,418.57234788974955,mean tonnes carbon per km2,174.0,236.08899971485135
CYP,ACOF,agri_potential_carbon,,,mean tonnes carbon per km2,,
CZE,ACOF,agri_potential_carbon,,,mean tonnes carbon per km2,,
DNK,ACOF,agri_potential_carbon,,,mean tonnes carbon per km2,,
DJI,ACOF,agri_potential_carbon,,,mean tonnes carbon per km2,,
DMA,ACOF,agri_potential_carbon,7714.476364624079,618.8759871852473,mean tonnes carbon per km2,9.0,4.133000020980835
DOM,ACOF,agri_potential_carbon,9679.911756070489,243.9729833654932,mean tonnes carbon per km2,502.0,1315.9470001365244
ECU,ACOF,agri_potential_carbon,8668.02645740112,354.53599394497604,mean tonnes carbon per km2,745.0,397.1370006527007
EGY,ACOF,agri_potential_carbon,,,mean tonnes carbon per km2,,
SLV,ACOF,agri_potential_carbon,9823.6680475699,197.63085990936415,mean tonnes carbon per km2,214.0,1493.4490028047562
GNQ,ACOF,agri_potential_carbon,,,mean tonnes carbon per km2,,
ERI,ACOF,agri_potential_carbon,,,mean tonnes carbon per km2,,
EST,ACOF,agri_potential_carbon,,,mean tonnes carbon per km2,,
ETH,ACOF,agri_potential_carbon,10113.709172298293,126.41994871072492,mean tonnes carbon per km2,3726.0,4541.944999338389
FJI,ACOF,agri_potential_carbon,,,mean tonnes carbon per km2,,
FIN,ACOF,agri_potential_carbon,,,mean tonnes carbon per km2,,
GAB,ACOF,agri_potential_carbon,0.0,0.0,mean tonnes carbon per km2,1.0,0.0030000001192092896
GMB,ACOF,agri_potential_carbon,,,mean tonnes carbon per km2,,
MAR,ACOF,agri_potential_carbon,,,mean tonnes carbon per km2,,
MOZ,ACOF,agri_potential_carbon,7632.275904804516,37.25428551821867,mean tonnes carbon per km2,3462.0,8.175000144243242
NAM,ACOF,agri_potential_carbon,,,mean tonnes carbon per km2,,
GEO,ACOF,agri_potential_carbon,,,mean tonnes carbon per km2,,
DEU,ACOF,agri_potential_carbon,,,mean tonnes carbon per km2,,
GHA,ACOF,agri_potential_carbon,,,mean tonnes carbon per km2,,
GRC,ACOF,agri_potential_carbon,,,mean tonnes carbon per km2,,
GRL,ACOF,agri_potential_carbon,,,mean tonnes carbon per km2,,
GRD,ACOF,agri_potential_carbon,13481.812930353624,0.0,mean tonnes carbon per km2,1.0,0.7280000305175781
NRU,ACOF,agri_potential_carbon,,,mean tonnes carbon per km2,,
GTM,ACOF,agri_potential_carbon,9920.896117241758,167.1074863923296,mean tonnes carbon per km2,829.0,2056.704000620097
NPL,ACOF,agri_potential_carbon,7961.975801697676,323.0974231530378,mean tonnes carbon per km2,534.0,15.351000036746264
GIN,ACOF,agri_potential_carbon,,,mean tonnes carbon per km2,,
GNB,ACOF,agri_potential_carbon,,,mean tonnes carbon per km2,,
GUY,ACOF,agri_potential_carbon,,,mean tonnes carbon per km2,,
HTI,ACOF,agri_potential_carbon,11223.135621168061,350.23500743066154,mean tonnes carbon per km2,208.0,723.4359987318516
JOR,ACOF,agri_potential_carbon,,,mean tonnes carbon per km2,,
HND,ACOF,agri_potential_carbon,10217.91463920145,164.43995235201845,mean tonnes carbon per km2,971.0,2938.577000912428
HUN,ACOF,agri_potential_carbon,,,mean tonnes carbon per km2,,
ISL,ACOF,agri_potential_carbon,,,mean tonnes carbon per km2,,
IDN,ACOF,agri_potential_carbon,16041.358981659048,330.89944909641827,mean tonnes carbon per km2,519.0,2248.6569952320306
IRN,ACOF,agri_potential_carbon,,,mean tonnes carbon per km2,,
IRQ,ACOF,agri_potential_carbon,,,mean tonnes carbon per km2,,
IRL,ACOF,agri_potential_carbon,,,mean tonnes carbon per km2,,
KAZ,ACOF,agri_potential_carbon,,,mean tonnes carbon per km2,,
KEN,ACOF,agri_potential_carbon,9020.713829766539,208.60539087293026,mean tonnes carbon per km2,483.0,1453.3769930022954
KIR,ACOF,agri_potential_carbon,,,mean tonnes carbon per km2,,
PRK,ACOF,agri_potential_carbon,,,mean tonnes carbon per km2,,
KOR,ACOF,agri_potential_carbon,,,mean tonnes carbon per km2,,
XKX,ACOF,agri_potential_carbon,,,mean tonnes carbon per km2,,
SRB,ACOF,agri_potential_carbon,,,mean tonnes carbon per km2,,
SYC,ACOF,agri_potential_carbon,,,mean tonnes carbon per km2,,
SLE,ACOF,agri_potential_carbon,,,mean tonnes carbon per km2,,
SGP,ACOF,agri_potential_carbon,,,mean tonnes carbon per km2,,
ITA,ACOF,agri_potential_carbon,,,mean tonnes carbon per km2,,
JAM,ACOF,agri_potential_carbon,11009.780772541912,498.3379696835798,mean tonnes carbon per km2,108.0,104.60799998283385
JPN,ACOF,agri_potential_carbon,,,mean tonnes carbon per km2,,
KGZ,ACOF,agri_potential_carbon,,,mean tonnes carbon per km2,,
LAO,ACOF,agri_potential_carbon,10521.304375188294,2402.7172332578953,mean tonnes carbon per km2,4.0,0.40800000041723256
LVA,ACOF,agri_potential_carbon,,,mean tonnes carbon per km2,,
LBN,ACOF,agri_potential_carbon,,,mean tonnes carbon per km2,,
LSO,ACOF,agri_potential_carbon,,,mean tonnes carbon per km2,,
LBR,ACOF,agri_potential_carbon,,,mean tonnes carbon per km2,,
LBY,ACOF,agri_potential_carbon,,,mean tonnes carbon per km2,,
LIE,ACOF,agri_potential_carbon,,,mean tonnes carbon per km2,,
LTU,ACOF,agri_potential_carbon,,,mean tonnes carbon per km2,,
LUX,ACOF,agri_potential_carbon,,,mean tonnes carbon per km2,,
MCO,ACOF,agri_potential_carbon,,,mean tonnes carbon per km2,,
MNG,ACOF,agri_potential_carbon,,,mean tonnes carbon per km2,,
MNE,ACOF,agri_potential_carbon,,,mean tonnes carbon per km2,,
MKD,ACOF,agri_potential_carbon,,,mean tonnes carbon per km2,,
MDG,ACOF,agri_potential_carbon,,,mean tonnes carbon per km2,,
MWI,ACOF,agri_potential_carbon,6487.765366006729,193.40387811731114,mean tonnes carbon per km2,105.0,30.051999852731825
MYS,ACOF,agri_potential_carbon,14256.896012734785,89.25564750397174,mean tonnes carbon per km2,2056.0,6.315000118166209
MDV,ACOF,agri_potential_carbon,,,mean tonnes carbon per km2,,
MLI,ACOF,agri_potential_carbon,,,mean tonnes carbon per km2,,
MLT,ACOF,agri_potential_carbon,,,mean tonnes carbon per km2,,
MHL,ACOF,agri_potential_carbon,,,mean tonnes carbon per km2,,
MRT,ACOF,agri_potential_carbon,,,mean tonnes carbon per km2,,
MUS,ACOF,agri_potential_carbon,,,mean tonnes carbon per km2,,
MEX,ACOF,agri_potential_carbon,9332.423420728235,164.5280418216778,mean tonnes carbon per km2,2059.0,5740.750008639172
FSM,ACOF,agri_potential_carbon,,,mean tonnes carbon per km2,,
MDA,ACOF,agri_potential_carbon,,,mean tonnes carbon per km2,,
NIC,ACOF,agri_potential_carbon,10756.110115405321,197.84993928134918,mean tonnes carbon per km2,1068.0,1175.3390012958646
OMN,ACOF,agri_potential_carbon,,,mean tonnes carbon per km2,,
PAK,ACOF,agri_potential_carbon,,,mean tonnes carbon per km2,,
PLW,ACOF,agri_potential_carbon,,,mean tonnes carbon per km2,,
PAN,ACOF,agri_potential_carbon,11862.817340422473,531.6531227509084,mean tonnes carbon per km2,415.0,262.2240002506226
PNG,ACOF,agri_potential_carbon,12412.798111592907,771.5188699422179,mean tonnes carbon per km2,540.0,387.7160004621744
PRY,ACOF,agri_potential_carbon,4848.048519639709,101.48239187344358,mean tonnes carbon per km2,1016.0,2.6080000436306
PER,ACOF,agri_potential_carbon,8501.374162605836,297.2482101253592,mean tonnes carbon per km2,1885.0,2772.3310086318106
PHL,ACOF,agri_potential_carbon,,,mean tonnes carbon per km2,,
POL,ACOF,agri_potential_carbon,,,mean tonnes carbon per km2,,
PRT,ACOF,agri_potential_carbon,,,mean tonnes carbon per km2,,
ROU,ACOF,agri_potential_carbon,,,mean tonnes carbon per km2,,
RUS,ACOF,agri_potential_carbon,,,mean tonnes carbon per km2,,
RWA,ACOF,agri_potential_carbon,8126.850109798108,554.9129427194611,mean tonnes carbon per km2,153.0,326.90599921852345
WSM,ACOF,agri_potential_carbon,,,mean tonnes carbon per km2,,
SMR,ACOF,agri_potential_carbon,,,mean tonnes carbon per km2,,
TON,ACOF,agri_potential_carbon,3290.532240427784,1539.8903509726622,mean tonnes carbon per km2,3.0,0.00900000035762787
TTO,ACOF,agri_potential_carbon,,,mean tonnes carbon per km2,,
TUN,ACOF,agri_potential_carbon,,,mean tonnes carbon per km2,,
TKM,ACOF,agri_potential_carbon,,,mean tonnes carbon per km2,,
STP,ACOF,agri_potential_carbon,2225.5686990104655,1069.4444353458894,mean tonnes carbon per km2,11.0,1.5550000000000002
SAU,ACOF,agri_potential_carbon,0.0,0.0,mean tonnes carbon per km2,1.0,0.12600000381469725
SEN,ACOF,agri_potential_carbon,,,mean tonnes carbon per km2,,
SVK,ACOF,agri_potential_carbon,,,mean tonnes carbon per km2,,
SVN,ACOF,agri_potential_carbon,,,mean tonnes carbon per km2,,
SLB,ACOF,agri_potential_carbon,,,mean tonnes carbon per km2,,
SOM,ACOF,agri_potential_carbon,,,mean tonnes carbon per km2,,
ZAF,ACOF,agri_potential_carbon,,,mean tonnes carbon per km2,,
SSD,ACOF,agri_potential_carbon,,,mean tonnes carbon per km2,,
ESP,ACOF,agri_potential_carbon,,,mean tonnes carbon per km2,,
LKA,ACOF,agri_potential_carbon,,,mean tonnes carbon per km2,,
KNA,ACOF,agri_potential_carbon,,,mean tonnes carbon per km2,,
LCA,ACOF,agri_potential_carbon,,,mean tonnes carbon per km2,,
VCT,ACOF,agri_potential_carbon,12591.07883599369,4317.099523012881,mean tonnes carbon per km2,3.0,1.860999984741211
SDN,ACOF,agri_potential_carbon,,,mean tonnes carbon per km2,,
SUR,ACOF,agri_potential_carbon,7647.817862359965,1045.6549950426613,mean tonnes carbon per km2,54.0,3.3429999640583996
SWZ,ACOF,agri_potential_carbon,,,mean tonnes carbon per km2,,
SWE,ACOF,agri_potential_carbon,,,mean tonnes carbon per km2,,
CHE,ACOF,agri_potential_carbon,,,mean tonnes carbon per km2,,
SYR,ACOF,agri_potential_carbon,,,mean tonnes carbon per km2,,
TWN,ACOF,agri_potential_carbon,,,mean tonnes carbon per km2,,
TJK,ACOF,agri_potential_carbon,,,mean tonnes carbon per km2,,
TZA,ACOF,agri_potential_carbon,7970.5833783915,184.74801417202644,mean tonnes carbon per km2,1448.0,1075.4209999161958
THA,ACOF,agri_potential_carbon,8872.34184319123,0.0,mean tonnes carbon per km2,1.0,0.4490000152587891
TLS,ACOF,agri_potential_carbon,11222.5511271632,671.1431740326882,mean tonnes carbon per km2,52.0,478.96800043135875
TGO,ACOF,agri_potential_carbon,,,mean tonnes carbon per km2,,
TUV,ACOF,agri_potential_carbon,,,mean tonnes carbon per km2,,
UGA,ACOF,agri_potential_carbon,10069.4014148098,246.9342048859633,mean tonnes carbon per km2,271.0,374.13800116419793
URY,ACOF,agri_potential_carbon,,,mean tonnes carbon per km2,,
UZB,ACOF,agri_potential_carbon,,,mean tonnes carbon per km2,,
VUT,ACOF,agri_potential_carbon,,,mean tonnes carbon per km2,,
VAT,ACOF,agri_potential_carbon,,,mean tonnes carbon per km2,,
VEN,ACOF,agri_potential_carbon,6626.754464333824,310.1033232375655,mean tonnes carbon per km2,1209.0,1451.593997530937
VNM,ACOF,agri_potential_carbon,11249.70060581775,287.9810493050503,mean tonnes carbon per km2,658.0,204.94399987056852
ZMB,ACOF,agri_potential_carbon,6014.820018995935,369.6879502461472,mean tonnes carbon per km2,105.0,62.98799955844879
ZWE,ACOF,agri_potential_carbon,7823.549363588689,220.8647196747201,mean tonnes carbon per km2,57.0,20.562000116035343
YEM,ACOF,agri_potential_carbon,2074.844229229723,154.21916561960458,mean tonnes carbon per km2,1073.0,345.95400258816784
UKR,ACOF,agri_potential_carbon,,,mean tonnes carbon per km2,,
BHR,ACOF,agri_potential_carbon,,,mean tonnes carbon per km2,,
KWT,ACOF,agri_potential_carbon,,,mean tonnes carbon per km2,,
QAT,ACOF,agri_potential_carbon,,,mean tonnes carbon per km2,,
ARE,ACOF,agri_potential_carbon,,,mean tonnes carbon per km2,,
TUR,ACOF,agri_potential_carbon,,,mean tonnes carbon per km2,,
ISR,ACOF,agri_potential_carbon,,,mean tonnes carbon per km2,,
BGD,ACOF,agri_potential_carbon,12963.379937460206,0.0,mean tonnes carbon per km2,1.0,0.23
MMR,ACOF,agri_potential_carbon,10130.577879818242,563.8618133350761,mean tonnes carbon per km2,1505.0,90.29499968215823
IND,ACOF,agri_potential_carbon,6487.95377259578,127.27541930435403,mean tonnes carbon per km2,1662.0,1521.2869988571108
BEN,ACOF,agri_potential_carbon,,,mean tonnes carbon per km2,,
NER,ACOF,agri_potential_carbon,,,mean tonnes carbon per km2,,
NGA,ACOF,agri_potential_carbon,13652.87653419907,1223.964207838761,mean tonnes carbon per km2,3.0,0.08900000214576721
111,ACOF,agri_potential_carbon,,,mean tonnes carbon per km2,,
112,ACOF,agri_potential_carbon,,,mean tonnes carbon per km2,,
113,ACOF,agri_potential_carbon,,,mean tonnes carbon per km2,,
114,ACOF,agri_potential_carbon,,,mean tonnes carbon per km2,,
115,ACOF,agri_potential_carbon,,,mean tonnes carbon per km2,,
116,ACOF,agri_potential_carbon,,,mean tonnes carbon per km2,,
117,ACOF,agri_potential_carbon,,,mean tonnes carbon per km2,,
118,ACOF,agri_potential_carbon,,,mean tonnes carbon per km2,,
119,ACOF,agri_potential_carbon,,,mean tonnes carbon per km2,,
120,ACOF,agri_potential_carbon,,,mean tonnes carbon per km2,,
121,ACOF,agri_potential_carbon,,,mean tonnes carbon per km2,,
122,ACOF,agri_potential_carbon,,,mean tonnes carbon per km2,,
123,ACOF,agri_potential_carbon,,,mean tonnes carbon per km2,,
124,ACOF,agri_potential_carbon,,,mean tonnes carbon per km2,,
125,ACOF,agri_potential_carbon,,,mean tonnes carbon per km2,,
126,ACOF,agri_potential_carbon,,,mean tonnes carbon per km2,,
127,ACOF,agri_potential_carbon,,,mean tonnes carbon per km2,,
128,ACOF,agri_potential_carbon,,,mean tonnes carbon per km2,,
129,ACOF,agri_potential_carbon,,,mean tonnes carbon per km2,,
ESH,ACOF,agri_potential_carbon,,,mean tonnes carbon per km2,,
AFG,LENT,agri_potential_carbon,509.0156577847513,1298.7261387450048,mean tonnes carbon per km2,6.0,0.1290000043809414
GBR,LENT,agri_potential_carbon,,,mean tonnes carbon per km2,,
ALB,LENT,agri_potential_carbon,4062.481114713347,0.0,mean tonnes carbon per km2,1.0,0.0010000000149011613
DZA,LENT,agri_potential_carbon,5155.029657068182,229.05007763344565,mean tonnes carbon per km2,1129.0,59.56099985584616
USA,LENT,agri_potential_carbon,1833.3299309731096,91.04601870222207,mean tonnes carbon per km2,2462.0,1957.046002612263
ATA,LENT,agri_potential_carbon,,,mean tonnes carbon per km2,,
ATG,LENT,agri_potential_carbon,,,mean tonnes carbon per km2,,
ARG,LENT,agri_potential_carbon,4653.778669768872,89.77860999051549,mean tonnes carbon per km2,300.0,15.336000013276934
AND,LENT,agri_potential_carbon,,,mean tonnes carbon per km2,,
AGO,LENT,agri_potential_carbon,,,mean tonnes carbon per km2,,
ARM,LENT,agri_potential_carbon,2937.534836749551,667.4352557420954,mean tonnes carbon per km2,63.0,0.22300000578165055
NLD,LENT,agri_potential_carbon,,,mean tonnes carbon per km2,,
AUS,LENT,agri_potential_carbon,5456.405800385608,61.187639667902765,mean tonnes carbon per km2,7420.0,1548.199000914842
AUT,LENT,agri_potential_carbon,6998.006452407309,0.0,mean tonnes carbon per km2,1.0,0.0010000000149011613
AZE,LENT,agri_potential_carbon,3726.2156942883503,249.77977301458697,mean tonnes carbon per km2,407.0,11.113000018894674
BHS,LENT,agri_potential_carbon,,,mean tonnes carbon per km2,,
BRB,LENT,agri_potential_carbon,,,mean tonnes carbon per km2,,
BLR,LENT,agri_potential_carbon,15422.709753144829,0.0,mean tonnes carbon per km2,1.0,0.0020000000298023225
BEL,LENT,agri_potential_carbon,,,mean tonnes carbon per km2,,
BLZ,LENT,agri_potential_carbon,,,mean tonnes carbon per km2,,
BTN,LENT,agri_potential_carbon,9131.988255871069,1129.7990722360644,mean tonnes carbon per km2,2.0,0.5969999933242798
BOL,LENT,agri_potential_carbon,,,mean tonnes carbon per km2,,
BIH,LENT,agri_potential_carbon,7512.887220307099,2138.9296225213266,mean tonnes carbon per km2,2.0,0.0020000000298023225
BWA,LENT,agri_potential_carbon,,,mean tonnes carbon per km2,,
NOR,LENT,agri_potential_carbon,,,mean tonnes carbon per km2,,
COL,LENT,agri_potential_carbon,8030.13129252011,1193.574113830574,mean tonnes carbon per km2,27.0,33.89100028038025
COM,LENT,agri_potential_carbon,,,mean tonnes carbon per km2,,
BRA,LENT,agri_potential_carbon,,,mean tonnes carbon per km2,,
FRA,LENT,agri_potential_carbon,9961.894802704068,92.61532919455082,mean tonnes carbon per km2,1992.0,128.59899990417063
COD,LENT,agri_potential_carbon,,,mean tonnes carbon per km2,,
COG,LENT,agri_potential_carbon,,,mean tonnes carbon per km2,,
NZL,LENT,agri_potential_carbon,6670.481456756237,118.99497939475815,mean tonnes carbon per km2,375.0,11.240999981760979
BRN,LENT,agri_potential_carbon,,,mean tonnes carbon per km2,,
BGR,LENT,agri_potential_carbon,5774.568018449245,62.94739322333962,mean tonnes carbon per km2,1304.0,21.8260000295192
BFA,LENT,agri_potential_carbon,,,mean tonnes carbon per km2,,
BDI,LENT,agri_potential_carbon,,,mean tonnes carbon per km2,,
CPV,LENT,agri_potential_carbon,,,mean tonnes carbon per km2,,
KHM,LENT,agri_potential_carbon,,,mean tonnes carbon per km2,,
CMR,LENT,agri_potential_carbon,,,mean tonnes carbon per km2,,
CAN,LENT,agri_potential_carbon,1643.8257999532104,63.3351372164804,mean tonnes carbon per km2,3984.0,11001.355068138317
CRI,LENT,agri_potential_carbon,,,mean tonnes carbon per km2,,
CIV,LENT,agri_potential_carbon,,,mean tonnes carbon per km2,,
HRV,LENT,agri_potential_carbon,9586.57080601908,171.00224616728366,mean tonnes carbon per km2,303.0,0.3380000050365925
CUB,LENT,agri_potential_carbon,,,mean tonnes carbon per km2,,
CAF,LENT,agri_potential_carbon,,,mean tonnes carbon per km2,,
TCD,LENT,agri_potential_carbon,,,mean tonnes carbon per km2,,
CHL,LENT,agri_potential_carbon,4590.752802775396,144.68802899774514,mean tonnes carbon per km2,528.0,11.397000059559941
CHN,LENT,agri_potential_carbon,6787.305625021268,44.534916421808354,mean tonnes carbon per km2,36920.0,607.805000853613
CYP,LENT,agri_potential_carbon,2358.9127660520526,272.13119682685215,mean tonnes carbon per km2,56.0,0.11500000126659869
CZE,LENT,agri_potential_carbon,,,mean tonnes carbon per km2,,
DNK,LENT,agri_potential_carbon,,,mean tonnes carbon per km2,,
DJI,LENT,agri_potential_carbon,,,mean tonnes carbon per km2,,
DMA,LENT,agri_potential_carbon,,,mean tonnes carbon per km2,,
DOM,LENT,agri_potential_carbon,,,mean tonnes carbon per km2,,
ECU,LENT,agri_potential_carbon,8879.88790361463,1917.1854031685707,mean tonnes carbon per km2,285.0,33.998000049442055
EGY,LENT,agri_potential_carbon,1399.2581416511023,330.29808222839387,mean tonnes carbon per km2,74.0,8.303999992161987
SLV,LENT,agri_potential_carbon,,,mean tonnes carbon per km2,,
GNQ,LENT,agri_potential_carbon,,,mean tonnes carbon per km2,,
ERI,LENT,agri_potential_carbon,2091.6585610614225,206.09452661247258,mean tonnes carbon per km2,64.0,10.93900000810623
EST,LENT,agri_potential_carbon,,,mean tonnes carbon per km2,,
ETH,LENT,agri_potential_carbon,5878.697820156504,137.75555482844328,mean tonnes carbon per km2,2069.0,782.154001648724
FJI,LENT,agri_potential_carbon,,,mean tonnes carbon per km2,,
FIN,LENT,agri_potential_carbon,,,mean tonnes carbon per km2,,
GAB,LENT,agri_potential_carbon,,,mean tonnes carbon per km2,,
GMB,LENT,agri_potential_carbon,,,mean tonnes carbon per km2,,
MAR,LENT,agri_potential_carbon,3645.2614027522714,130.78098570932903,mean tonnes carbon per km2,1336.0,441.44100106120106
MOZ,LENT,agri_potential_carbon,6034.774455361006,699.0578479115738,mean tonnes carbon per km2,3.0,0.2729999933391809
NAM,LENT,agri_potential_carbon,,,mean tonnes carbon per km2,,
GEO,LENT,agri_potential_carbon,3493.3458100374633,1395.265811974737,mean tonnes carbon per km2,4.0,0.04499999858438969
DEU,LENT,agri_potential_carbon,,,mean tonnes carbon per km2,,
GHA,LENT,agri_potential_carbon,,,mean tonnes carbon per km2,,
GRC,LENT,agri_potential_carbon,4719.592399079005,103.26596900421107,mean tonnes carbon per km2,1488.0,32.71699999339879
GRL,LENT,agri_potential_carbon,,,mean tonnes carbon per km2,,
GRD,LENT,agri_potential_carbon,,,mean tonnes carbon per km2,,
NRU,LENT,agri_potential_carbon,,,mean tonnes carbon per km2,,
GTM,LENT,agri_potential_carbon,,,mean tonnes carbon per km2,,
NPL,LENT,agri_potential_carbon,8092.157100534681,188.34291259385884,mean tonnes carbon per km2,805.0,1869.4919962623717
GIN,LENT,agri_potential_carbon,,,mean tonnes carbon per km2,,
GNB,LENT,agri_potential_carbon,,,mean tonnes carbon per km2,,
GUY,LENT,agri_potential_carbon,,,mean tonnes carbon per km2,,
HTI,LENT,agri_potential_carbon,,,mean tonnes carbon per km2,,
JOR,LENT,agri_potential_carbon,1729.7226075772685,184.67668084723584,mean tonnes carbon per km2,117.0,2.224000025168061
HND,LENT,agri_potential_carbon,,,mean tonnes carbon per km2,,
HUN,LENT,agri_potential_carbon,5884.682807734233,451.93838599026583,mean tonnes carbon per km2,92.0,0.12200000196695332
ISL,LENT,agri_potential_carbon,,,mean tonnes carbon per km2,,
IDN,LENT,agri_potential_carbon,,,mean tonnes carbon per km2,,
IRN,LENT,agri_potential_carbon,951.486786928636,31.167529308715732,mean tonnes carbon per km2,8892.0,1512.8070001655817
IRQ,LENT,agri_potential_carbon,1136.6630937871817,306.48328650584335,mean tonnes carbon per km2,582.0,2.837000012472272
IRL,LENT,agri_potential_carbon,,,mean tonnes carbon per km2,,
KAZ,LENT,agri_potential_carbon,5021.5253067388485,476.5630378844838,mean tonnes carbon per km2,35.0,0.15200000144541265
KEN,LENT,agri_potential_carbon,8659.760180755247,348.9150628285091,mean tonnes carbon per km2,106.0,31.90199977844954
KIR,LENT,agri_potential_carbon,,,mean tonnes carbon per km2,,
PRK,LENT,agri_potential_carbon,,,mean tonnes carbon per km2,,
KOR,LENT,agri_potential_carbon,,,mean tonnes carbon per km2,,
XKX,LENT,agri_potential_carbon,,,mean tonnes carbon per km2,,
SRB,LENT,agri_potential_carbon,6550.673545868636,1528.76320742364,mean tonnes carbon per km2,3.0,0.013000000268220901
SYC,LENT,agri_potential_carbon,,,mean tonnes carbon per km2,,
SLE,LENT,agri_potential_carbon,,,mean tonnes carbon per km2,,
SGP,LENT,agri_potential_carbon,,,mean tonnes carbon per km2,,
ITA,LENT,agri_potential_carbon,6762.1624288496,65.57364195478104,mean tonnes carbon per km2,2964.0,20.745000064447524
JAM,LENT,agri_potential_carbon,,,mean tonnes carbon per km2,,
JPN,LENT,agri_potential_carbon,,,mean tonnes carbon per km2,,
KGZ,LENT,agri_potential_carbon,1649.8049525096972,332.4500783390925,mean tonnes carbon per km2,7.0,0.03500000022351742
LAO,LENT,agri_potential_carbon,,,mean tonnes carbon per km2,,
LVA,LENT,agri_potential_carbon,,,mean tonnes carbon per km2,,
LBN,LENT,agri_potential_carbon,4099.6758963655,409.10338510275716,mean tonnes carbon per km2,63.0,11.166000072956086
LSO,LENT,agri_potential_carbon,,,mean tonnes carbon per km2,,
LBR,LENT,agri_potential_carbon,,,mean tonnes carbon per km2,,
LBY,LENT,agri_potential_carbon,,,mean tonnes carbon per km2,,
LIE,LENT,agri_potential_carbon,,,mean tonnes carbon per km2,,
LTU,LENT,agri_potential_carbon,14092.195461497897,0.0,mean tonnes carbon per km2,1.0,0.0010000000149011613
LUX,LENT,agri_potential_carbon,,,mean tonnes carbon per km2,,
MCO,LENT,agri_potential_carbon,,,mean tonnes carbon per km2,,
MNG,LENT,agri_potential_carbon,,,mean tonnes carbon per km2,,
MNE,LENT,agri_potential_carbon,,,mean tonnes carbon per km2,,
MKD,LENT,agri_potential_carbon,4975.746690689613,710.4485835758356,mean tonnes carbon per km2,35.0,0.7050000122934581
MDG,LENT,agri_potential_carbon,8994.44049172897,152.6535076789877,mean tonnes carbon per km2,1735.0,7.602000046670437
MWI,LENT,agri_potential_carbon,7275.9937471055855,118.02363774849204,mean tonnes carbon per km2,595.0,18.393000055402517
MYS,LENT,agri_potential_carbon,,,mean tonnes carbon per km2,,
MDV,LENT,agri_potential_carbon,,,mean tonnes carbon per km2,,
MLI,LENT,agri_potential_carbon,,,mean tonnes carbon per km2,,
MLT,LENT,agri_potential_carbon,,,mean tonnes carbon per km2,,
MHL,LENT,agri_potential_carbon,,,mean tonnes carbon per km2,,
MRT,LENT,agri_potential_carbon,,,mean tonnes carbon per km2,,
MUS,LENT,agri_potential_carbon,,,mean tonnes carbon per km2,,
MEX,LENT,agri_potential_carbon,5958.797406604578,1409.8311626887378,mean tonnes carbon per km2,85.0,32.29799996390939
FSM,LENT,agri_potential_carbon,,,mean tonnes carbon per km2,,
MDA,LENT,agri_potential_carbon,,,mean tonnes carbon per km2,,
NIC,LENT,agri_potential_carbon,,,mean tonnes carbon per km2,,
OMN,LENT,agri_potential_carbon,,,mean tonnes carbon per km2,,
PAK,LENT,agri_potential_carbon,2455.9855581939355,130.46365538390182,mean tonnes carbon per km2,2809.0,269.0469997060299
PLW,LENT,agri_potential_carbon,,,mean tonnes carbon per km2,,
PAN,LENT,agri_potential_carbon,,,mean tonnes carbon per km2,,
PNG,LENT,agri_potential_carbon,,,mean tonnes carbon per km2,,
PRY,LENT,agri_potential_carbon,,,mean tonnes carbon per km2,,
PER,LENT,agri_potential_carbon,1746.6867697920584,163.2466678242488,mean tonnes carbon per km2,362.0,33.63399994879961
PHL,LENT,agri_potential_carbon,,,mean tonnes carbon per km2,,
POL,LENT,agri_potential_carbon,9024.519665917265,0.0,mean tonnes carbon per km2,1.0,0.0010000000149011613
PRT,LENT,agri_potential_carbon,7408.890971415168,1027.2824871765151,mean tonnes carbon per km2,4.0,0.09
ROU,LENT,agri_potential_carbon,2940.7051786386032,189.76889453239147,mean tonnes carbon per km2,10.0,0.18100000023841858
RUS,LENT,agri_potential_carbon,6711.401020237981,50.98356679770082,mean tonnes carbon per km2,24782.0,162.51500071123246
RWA,LENT,agri_potential_carbon,,,mean tonnes carbon per km2,,
WSM,LENT,agri_potential_carbon,,,mean tonnes carbon per km2,,
SMR,LENT,agri_potential_carbon,,,mean tonnes carbon per km2,,
TON,LENT,agri_potential_carbon,,,mean tonnes carbon per km2,,
TTO,LENT,agri_potential_carbon,,,mean tonnes carbon per km2,,
TUN,LENT,agri_potential_carbon,5936.70988531979,183.22944272622388,mean tonnes carbon per km2,629.0,22.08499999269843
TKM,LENT,agri_potential_carbon,96.69467687988589,48.38534779832649,mean tonnes carbon per km2,2.0,0.5159999847412109
STP,LENT,agri_potential_carbon,,,mean tonnes carbon per km2,,
SAU,LENT,agri_potential_carbon,,,mean tonnes carbon per km2,,
SEN,LENT,agri_potential_carbon,,,mean tonnes carbon per km2,,
SVK,LENT,agri_potential_carbon,7679.083869342178,154.86782539115424,mean tonnes carbon per km2,128.0,5.746000014543533
SVN,LENT,agri_potential_carbon,,,mean tonnes carbon per km2,,
SLB,LENT,agri_potential_carbon,,,mean tonnes carbon per km2,,
SOM,LENT,agri_potential_carbon,,,mean tonnes carbon per km2,,
ZAF,LENT,agri_potential_carbon,,,mean tonnes carbon per km2,,
SSD,LENT,agri_potential_carbon,,,mean tonnes carbon per km2,,
ESP,LENT,agri_potential_carbon,6977.795997956685,42.160145877404915,mean tonnes carbon per km2,5563.0,303.4390001065284
LKA,LENT,agri_potential_carbon,,,mean tonnes carbon per km2,,
KNA,LENT,agri_potential_carbon,,,mean tonnes carbon per km2,,
LCA,LENT,agri_potential_carbon,,,mean tonnes carbon per km2,,
VCT,LENT,agri_potential_carbon,,,mean tonnes carbon per km2,,
SDN,LENT,agri_potential_carbon,,,mean tonnes carbon per km2,,
SUR,LENT,agri_potential_carbon,,,mean tonnes carbon per km2,,
SWZ,LENT,agri_potential_carbon,,,mean tonnes carbon per km2,,
SWE,LENT,agri_potential_carbon,,,mean tonnes carbon per km2,,
CHE,LENT,agri_potential_carbon,0.0,0.0,mean tonnes carbon per km2,1.0,0.005
SYR,LENT,agri_potential_carbon,836.4260331227131,55.080966606211284,mean tonnes carbon per km2,1036.0,1235.4179986832291
TWN,LENT,agri_potential_carbon,,,mean tonnes carbon per km2,,
TJK,LENT,agri_potential_carbon,2128.4469708136294,93.7242065416591,mean tonnes carbon per km2,537.0,5.664000031352043
TZA,LENT,agri_potential_carbon,,,mean tonnes carbon per km2,,
THA,LENT,agri_potential_carbon,8872.34184319123,0.0,mean tonnes carbon per km2,1.0,0.0010000000149011613
TLS,LENT,agri_potential_carbon,,,mean tonnes carbon per km2,,
TGO,LENT,agri_potential_carbon,,,mean tonnes carbon per km2,,
TUV,LENT,agri_potential_carbon,,,mean tonnes carbon per km2,,
UGA,LENT,agri_potential_carbon,,,mean tonnes carbon per km2,,
URY,LENT,agri_potential_carbon,,,mean tonnes carbon per km2,,
UZB,LENT,agri_potential_carbon,1356.3601491220334,29.070785511053504,mean tonnes carbon per km2,1108.0,8.800000009089707
VUT,LENT,agri_potential_carbon,,,mean tonnes carbon per km2,,
VAT,LENT,agri_potential_carbon,,,mean tonnes carbon per km2,,
VEN,LENT,agri_potential_carbon,,,mean tonnes carbon per km2,,
VNM,LENT,agri_potential_carbon,13744.943011482139,0.0,mean tonnes carbon per km2,1.0,0.0010000000149011613
ZMB,LENT,agri_potential_carbon,8220.66372339217,364.1651871553069,mean tonnes carbon per km2,4.0,0.350000008046627
ZWE,LENT,agri_potential_carbon,,,mean tonnes carbon per km2,,
YEM,LENT,agri_potential_carbon,2263.10547949901,159.00272747134716,mean tonnes carbon per km2,710.0,106.25000018075107
UKR,LENT,agri_potential_carbon,9186.864658339706,221.5406755659619,mean tonnes carbon per km2,431.0,0.5940000071376562
BHR,LENT,agri_potential_carbon,,,mean tonnes carbon per km2,,
KWT,LENT,agri_potential_carbon,,,mean tonnes carbon per km2,,
QAT,LENT,agri_potential_carbon,,,mean tonnes carbon per km2,,
ARE,LENT,agri_potential_carbon,,,mean tonnes carbon per km2,,
TUR,LENT,agri_potential_carbon,2995.05737381346,38.066304718486755,mean tonnes carbon per km2,8903.0,2197.500998251364
ISR,LENT,agri_potential_carbon,3016.5479091033203,272.59333101378616,mean tonnes carbon per km2,112.0,1.1469999978691339
BGD,LENT,agri_potential_carbon,9469.42490135297,281.9696706132621,mean tonnes carbon per km2,350.0,772.309000832513
MMR,LENT,agri_potential_carbon,7751.5003434118335,249.230555188867,mean tonnes carbon per km2,771.0,19.413000000715254
IND,LENT,agri_potential_carbon,5002.510515427908,52.839872460441185,mean tonnes carbon per km2,13702.0,13980.420999005957
BEN,LENT,agri_potential_carbon,,,mean tonnes carbon per km2,,
NER,LENT,agri_potential_carbon,,,mean tonnes carbon per km2,,
NGA,LENT,agri_potential_carbon,,,mean tonnes carbon per km2,,
111,LENT,agri_potential_carbon,,,mean tonnes carbon per km2,,
112,LENT,agri_potential_carbon,,,mean tonnes carbon per km2,,
113,LENT,agri_potential_carbon,,,mean tonnes carbon per km2,,
114,LENT,agri_potential_carbon,,,mean tonnes carbon per km2,,
115,LENT,agri_potential_carbon,,,mean tonnes carbon per km2,,
116,LENT,agri_potential_carbon,,,mean tonnes carbon per km2,,
117,LENT,agri_potential_carbon,,,mean tonnes carbon per km2,,
118,LENT,agri_potential_carbon,,,mean tonnes carbon per km2,,
119,LENT,agri_potential_carbon,,,mean tonnes carbon per km2,,
120,LENT,agri_potential_carbon,,,mean tonnes carbon per km2,,
121,LENT,agri_potential_carbon,,,mean tonnes carbon per km2,,
122,LENT,agri_potential_carbon,,,mean tonnes carbon per km2,,
123,LENT,agri_potential_carbon,,,mean tonnes carbon per km2,,
124,LENT,agri_potential_carbon,,,mean tonnes carbon per km2,,
125,LENT,agri_potential_carbon,,,mean tonnes carbon per km2,,
126,LENT,agri_potential_carbon,,,mean tonnes carbon per km2,,
127,LENT,agri_potential_carbon,,,mean tonnes carbon per km2,,
128,LENT,agri_potential_carbon,,,mean tonnes carbon per km2,,
129,LENT,agri_potential_carbon,,,mean tonnes carbon per km2,,
ESH,LENT,agri_potential_carbon,,,mean tonnes carbon per km2,,
AFG,CNUT,agri_potential_carbon,,,mean tonnes carbon per km2,,
GBR,CNUT,agri_potential_carbon,,,mean tonnes carbon per km2,,
ALB,CNUT,agri_potential_carbon,,,mean tonnes carbon per km2,,
DZA,CNUT,agri_potential_carbon,,,mean tonnes carbon per km2,,
USA,CNUT,agri_potential_carbon,14456.837552226394,1294.2089473619023,mean tonnes carbon per km2,73.0,67.39599964395167
ATA,CNUT,agri_potential_carbon,,,mean tonnes carbon per km2,,
ATG,CNUT,agri_potential_carbon,,,mean tonnes carbon per km2,,
ARG,CNUT,agri_potential_carbon,,,mean tonnes carbon per km2,,
AND,CNUT,agri_potential_carbon,,,mean tonnes carbon per km2,,
AGO,CNUT,agri_potential_carbon,,,mean tonnes carbon per km2,,
ARM,CNUT,agri_potential_carbon,,,mean tonnes carbon per km2,,
NLD,CNUT,agri_potential_carbon,,,mean tonnes carbon per km2,,
AUS,CNUT,agri_potential_carbon,,,mean tonnes carbon per km2,,
AUT,CNUT,agri_potential_carbon,,,mean tonnes carbon per km2,,
AZE,CNUT,agri_potential_carbon,,,mean tonnes carbon per km2,,
BHS,CNUT,agri_potential_carbon,3893.3861924479056,518.4647579464628,mean tonnes carbon per km2,2.0,1.92
BRB,CNUT,agri_potential_carbon,12410.760041256879,883.9086680585926,mean tonnes carbon per km2,6.0,5.007999992370605
BLR,CNUT,agri_potential_carbon,,,mean tonnes carbon per km2,,
BEL,CNUT,agri_potential_carbon,,,mean tonnes carbon per km2,,
BLZ,CNUT,agri_potential_carbon,7551.958328872688,1124.0665930410523,mean tonnes carbon per km2,35.0,3.0709999801218513
BTN,CNUT,agri_potential_carbon,,,mean tonnes carbon per km2,,
BOL,CNUT,agri_potential_carbon,10535.074506655294,1215.789471626221,mean tonnes carbon per km2,4.0,0.029999999925494195
BIH,CNUT,agri_potential_carbon,,,mean tonnes carbon per km2,,
BWA,CNUT,agri_potential_carbon,,,mean tonnes carbon per km2,,
NOR,CNUT,agri_potential_carbon,,,mean tonnes carbon per km2,,
COL,CNUT,agri_potential_carbon,7878.019845757473,775.5017289579578,mean tonnes carbon per km2,296.0,82.11900009974838
COM,CNUT,agri_potential_carbon,,,mean tonnes carbon per km2,,
BRA,CNUT,agri_potential_carbon,7910.251278753353,244.37461723344555,mean tonnes carbon per km2,20891.0,2605.459993656874
FRA,CNUT,agri_potential_carbon,3308.3431537687115,1113.0894681800053,mean tonnes carbon per km2,55.0,89.109000710845
COD,CNUT,agri_potential_carbon,11453.185287814638,1945.5903183458609,mean tonnes carbon per km2,8.0,0.0230000001937151
COG,CNUT,agri_potential_carbon,11896.428363516425,473.9193569939524,mean tonnes carbon per km2,257.0,3.812000004649162
NZL,CNUT,agri_potential_carbon,0.0,0.0,mean tonnes carbon per km2,2.0,32.78
BRN,CNUT,agri_potential_carbon,14588.97323782063,782.3979322476441,mean tonnes carbon per km2,39.0,2.1299999915063386
BGR,CNUT,agri_potential_carbon,,,mean tonnes carbon per km2,,
BFA,CNUT,agri_potential_carbon,,,mean tonnes carbon per km2,,
BDI,CNUT,agri_potential_carbon,,,mean tonnes carbon per km2,,
CPV,CNUT,agri_potential_carbon,3056.2698444387497,525.4029086946621,mean tonnes carbon per km2,35.0,12.432999982833863
KHM,CNUT,agri_potential_carbon,13638.422409717426,302.85960433381223,mean tonnes carbon per km2,1067.0,135.35100032128395
CMR,CNUT,agri_potential_carbon,14738.908928194967,291.5954662572892,mean tonnes carbon per km2,480.0,10.073999998420478
CAN,CNUT,agri_potential_carbon,,,mean tonnes carbon per km2,,
CRI,CNUT,agri_potential_carbon,11129.882353312549,808.9865905637502,mean tonnes carbon per km2,45.0,37.203000015318395
CIV,CNUT,agri_potential_carbon,17145.09470204227,136.0133732906944,mean tonnes carbon per km2,1300.0,491.62100023664533
HRV,CNUT,agri_potential_carbon,,,mean tonnes carbon per km2,,
CUB,CNUT,agri_potential_carbon,12540.46496872799,146.75533347619225,mean tonnes carbon per km2,1043.0,204.42800029046833
CAF,CNUT,agri_potential_carbon,,,mean tonnes carbon per km2,,
TCD,CNUT,agri_potential_carbon,,,mean tonnes carbon per km2,,
CHL,CNUT,agri_potential_carbon,,,mean tonnes carbon per km2,,
CHN,CNUT,agri_potential_carbon,7964.537445448029,54.72710281292465,mean tonnes carbon per km2,2611.0,278.4270001266152
CYP,CNUT,agri_potential_carbon,,,mean tonnes carbon per km2,,
CZE,CNUT,agri_potential_carbon,,,mean tonnes carbon per km2,,
DNK,CNUT,agri_potential_carbon,,,mean tonnes carbon per km2,,
DJI,CNUT,agri_potential_carbon,,,mean tonnes carbon per km2,,
DMA,CNUT,agri_potential_carbon,7648.680000219687,759.5249688355347,mean tonnes carbon per km2,6.0,19.412000274658205
DOM,CNUT,agri_potential_carbon,10455.693980037304,333.50619526910344,mean tonnes carbon per km2,314.0,317.7920001555234
ECU,CNUT,agri_potential_carbon,8961.924417752542,282.0754967624657,mean tonnes carbon per km2,355.0,24.73399993099272
EGY,CNUT,agri_potential_carbon,,,mean tonnes carbon per km2,,
SLV,CNUT,agri_potential_carbon,9123.951195994174,392.9002859480217,mean tonnes carbon per km2,14.0,51.84999984741211
GNQ,CNUT,agri_potential_carbon,19216.24509588212,3950.899953130942,mean tonnes carbon per km2,7.0,9.230999927520752
ERI,CNUT,agri_potential_carbon,,,mean tonnes carbon per km2,,
EST,CNUT,agri_potential_carbon,,,mean tonnes carbon per km2,,
ETH,CNUT,agri_potential_carbon,,,mean tonnes carbon per km2,,
FJI,CNUT,agri_potential_carbon,10701.847242274918,1059.5046801180679,mean tonnes carbon per km2,42.0,363.11499586522575
FIN,CNUT,agri_potential_carbon,,,mean tonnes carbon per km2,,
GAB,CNUT,agri_potential_carbon,,,mean tonnes carbon per km2,,
GMB,CNUT,agri_potential_carbon,7609.578146367579,2675.4827800964276,mean tonnes carbon per km2,2.0,0.03100000023841858
MAR,CNUT,agri_potential_carbon,,,mean tonnes carbon per km2,,
MOZ,CNUT,agri_potential_carbon,6871.438169267616,128.75180947207681,mean tonnes carbon per km2,3116.0,758.7669991318882
NAM,CNUT,agri_potential_carbon,,,mean tonnes carbon per km2,,
GEO,CNUT,agri_potential_carbon,,,mean tonnes carbon per km2,,
DEU,CNUT,agri_potential_carbon,,,mean tonnes carbon per km2,,
GHA,CNUT,agri_potential_carbon,15075.912713088204,941.8104380826289,mean tonnes carbon per km2,214.0,157.35800048545002
GRC,CNUT,agri_potential_carbon,,,mean tonnes carbon per km2,,
GRL,CNUT,agri_potential_carbon,,,mean tonnes carbon per km2,,
GRD,CNUT,agri_potential_carbon,14326.474186765408,578.8564439387471,mean tonnes carbon per km2,5.0,16.744000015258788
NRU,CNUT,agri_potential_carbon,,,mean tonnes carbon per km2,,
GTM,CNUT,agri_potential_carbon,10395.621830681892,124.97290646193841,mean tonnes carbon per km2,541.0,40.20899994961918
NPL,CNUT,agri_potential_carbon,4588.401452226271,664.5863368828238,mean tonnes carbon per km2,135.0,1.5390000005811453
GIN,CNUT,agri_potential_carbon,13779.401043353286,709.1143561361167,mean tonnes carbon per km2,46.0,40.92499985694886
GNB,CNUT,agri_potential_carbon,11677.444791142001,700.2368208394042,mean tonnes carbon per km2,141.0,72.52500002816318
GUY,CNUT,agri_potential_carbon,9089.979592202575,555.3575036720242,mean tonnes carbon per km2,249.0,124.95800015591085
HTI,CNUT,agri_potential_carbon,10593.49173816028,319.689831803249,mean tonnes carbon per km2,173.0,92.01699987411499
JOR,CNUT,agri_potential_carbon,,,mean tonnes carbon per km2,,
HND,CNUT,agri_potential_carbon,11081.511713275848,512.8634647929356,mean tonnes carbon per km2,146.0,16.962000043541195
HUN,CNUT,agri_potential_carbon,,,mean tonnes carbon per km2,,
ISL,CNUT,agri_potential_carbon,,,mean tonnes carbon per km2,,
IDN,CNUT,agri_potential_carbon,11160.938451025202,123.64851681741126,mean tonnes carbon per km2,12295.0,27241.85500860751
IRN,CNUT,agri_potential_carbon,,,mean tonnes carbon per km2,,
IRQ,CNUT,agri_potential_carbon,,,mean tonnes carbon per km2,,
IRL,CNUT,agri_potential_carbon,,,mean tonnes carbon per km2,,
KAZ,CNUT,agri_potential_carbon,,,mean tonnes carbon per km2,,
KEN,CNUT,agri_potential_carbon,7070.144518253821,428.1371851283369,mean tonnes carbon per km2,270.0,492.5529993247985
KIR,CNUT,agri_potential_carbon,0.0,0.0,mean tonnes carbon per km2,2.0,9.355
PRK,CNUT,agri_potential_carbon,,,mean tonnes carbon per km2,,
KOR,CNUT,agri_potential_carbon,,,mean tonnes carbon per km2,,
XKX,CNUT,agri_potential_carbon,,,mean tonnes carbon per km2,,
SRB,CNUT,agri_potential_carbon,,,mean tonnes carbon per km2,,
SYC,CNUT,agri_potential_carbon,0.0,0.0,mean tonnes carbon per km2,2.0,1.0429999685287474
SLE,CNUT,agri_potential_carbon,15964.421707075206,353.277833724489,mean tonnes carbon per km2,188.0,20.00900005571544
SGP,CNUT,agri_potential_carbon,16148.17594990226,687.0452288222335,mean tonnes carbon per km2,9.0,0.13400000154972078
ITA,CNUT,agri_potential_carbon,,,mean tonnes carbon per km2,,
JAM,CNUT,agri_potential_carbon,11474.856200992439,540.6352836702118,mean tonnes carbon per km2,89.0,498.24399912834167
JPN,CNUT,agri_potential_carbon,,,mean tonnes carbon per km2,,
KGZ,CNUT,agri_potential_carbon,,,mean tonnes carbon per km2,,
LAO,CNUT,agri_potential_carbon,11646.64781498127,2092.7597065892187,mean tonnes carbon per km2,4.0,0.029000000655651094
LVA,CNUT,agri_potential_carbon,,,mean tonnes carbon per km2,,
LBN,CNUT,agri_potential_carbon,,,mean tonnes carbon per km2,,
LSO,CNUT,agri_potential_carbon,,,mean tonnes carbon per km2,,
LBR,CNUT,agri_potential_carbon,17581.831539227936,875.3572332452761,mean tonnes carbon per km2,79.0,4.975999993309379
LBY,CNUT,agri_potential_carbon,,,mean tonnes carbon per km2,,
LIE,CNUT,agri_potential_carbon,,,mean tonnes carbon per km2,,
LTU,CNUT,agri_potential_carbon,,,mean tonnes carbon per km2,,
LUX,CNUT,agri_potential_carbon,,,mean tonnes carbon per km2,,
MCO,CNUT,agri_potential_carbon,,,mean tonnes carbon per km2,,
MNG,CNUT,agri_potential_carbon,,,mean tonnes carbon per km2,,
MNE,CNUT,agri_potential_carbon,,,mean tonnes carbon per km2,,
MKD,CNUT,agri_potential_carbon,,,mean tonnes carbon per km2,,
MDG,CNUT,agri_potential_carbon,8704.450585859542,142.05048844151554,mean tonnes carbon per km2,1096.0,232.42399967484175
MWI,CNUT,agri_potential_carbon,5991.177512180334,783.6712042494021,mean tonnes carbon per km2,3.0,0.15600000381469725
MYS,CNUT,agri_potential_carbon,13343.705823470693,119.21816139920227,mean tonnes carbon per km2,2501.0,1021.8169992051273
MDV,CNUT,agri_potential_carbon,,,mean tonnes carbon per km2,,
MLI,CNUT,agri_potential_carbon,2267.1221307150718,618.3431667528199,mean tonnes carbon per km2,2.0,0.01199999988079071
MLT,CNUT,agri_potential_carbon,,,mean tonnes carbon per km2,,
MHL,CNUT,agri_potential_carbon,,,mean tonnes carbon per km2,,
MRT,CNUT,agri_potential_carbon,3306.7836277305255,620.0542078715847,mean tonnes carbon per km2,3.0,0.02100000023841858
MUS,CNUT,agri_potential_carbon,10072.21498528564,1220.7920012085794,mean tonnes carbon per km2,23.0,3.216000013798475
MEX,CNUT,agri_potential_carbon,8829.26459228067,528.4491423680774,mean tonnes carbon per km2,764.0,1462.0719995521008
FSM,CNUT,agri_potential_carbon,0.0,0.0,mean tonnes carbon per km2,3.0,14.518999938964845
MDA,CNUT,agri_potential_carbon,,,mean tonnes carbon per km2,,
NIC,CNUT,agri_potential_carbon,11384.387335763646,146.42531279453172,mean tonnes carbon per km2,809.0,12.117000028416516
OMN,CNUT,agri_potential_carbon,,,mean tonnes carbon per km2,,
PAK,CNUT,agri_potential_carbon,354.95413128031686,51.304170449597294,mean tonnes carbon per km2,1571.0,13.366000006273389
PLW,CNUT,agri_potential_carbon,,,mean tonnes carbon per km2,,
PAN,CNUT,agri_potential_carbon,10082.709984528756,664.7218334155706,mean tonnes carbon per km2,359.0,35.80800057128072
PNG,CNUT,agri_potential_carbon,10147.288151320936,682.5897421728433,mean tonnes carbon per km2,494.0,1363.3140040701628
PRY,CNUT,agri_potential_carbon,,,mean tonnes carbon per km2,,
PER,CNUT,agri_potential_carbon,4359.282687906799,320.9994817918525,mean tonnes carbon per km2,391.0,17.39400002926588
PHL,CNUT,agri_potential_carbon,14220.83471624453,100.63062584884959,mean tonnes carbon per km2,2576.0,33617.15300292149
POL,CNUT,agri_potential_carbon,,,mean tonnes carbon per km2,,
PRT,CNUT,agri_potential_carbon,,,mean tonnes carbon per km2,,
ROU,CNUT,agri_potential_carbon,,,mean tonnes carbon per km2,,
RUS,CNUT,agri_potential_carbon,,,mean tonnes carbon per km2,,
RWA,CNUT,agri_potential_carbon,,,mean tonnes carbon per km2,,
WSM,CNUT,agri_potential_carbon,,,mean tonnes carbon per km2,,
SMR,CNUT,agri_potential_carbon,,,mean tonnes carbon per km2,,
TON,CNUT,agri_potential_carbon,3273.9196998903008,1540.097470783979,mean tonnes carbon per km2,3.0,7.696999969482421
TTO,CNUT,agri_potential_carbon,11874.837543613245,1191.7470807764923,mean tonnes carbon per km2,34.0,24.761999782919883
TUN,CNUT,agri_potential_carbon,,,mean tonnes carbon per km2,,
TKM,CNUT,agri_potential_carbon,,,mean tonnes carbon per km2,,
STP,CNUT,agri_potential_carbon,2640.1011872596405,1160.2496454682143,mean tonnes carbon per km2,11.0,110.74799896240235
SAU,CNUT,agri_potential_carbon,,,mean tonnes carbon per km2,,
SEN,CNUT,agri_potential_carbon,4879.7151321254605,107.95503287162394,mean tonnes carbon per km2,1312.0,11.151000071465969
SVK,CNUT,agri_potential_carbon,,,mean tonnes carbon per km2,,
SVN,CNUT,agri_potential_carbon,,,mean tonnes carbon per km2,,
SLB,CNUT,agri_potential_carbon,9471.890195197187,371.7783073039928,mean tonnes carbon per km2,131.0,449.0030002593994
SOM,CNUT,agri_potential_carbon,5646.949799796494,529.8327430106191,mean tonnes carbon per km2,6.0,19.599999771118163
ZAF,CNUT,agri_potential_carbon,,,mean tonnes carbon per km2,,
SSD,CNUT,agri_potential_carbon,,,mean tonnes carbon per km2,,
ESP,CNUT,agri_potential_carbon,,,mean tonnes carbon per km2,,
LKA,CNUT,agri_potential_carbon,9935.036053459455,215.06453857254104,mean tonnes carbon per km2,505.0,3934.1289969923346
KNA,CNUT,agri_potential_carbon,13476.39416210341,485.844294140505,mean tonnes carbon per km2,3.0,1.56
LCA,CNUT,agri_potential_carbon,9495.753781434689,916.3334028141606,mean tonnes carbon per km2,7.0,26.50000020980835
VCT,CNUT,agri_potential_carbon,12589.484674989706,4316.9168035462635,mean tonnes carbon per km2,3.0,2.924000000953674
SDN,CNUT,agri_potential_carbon,,,mean tonnes carbon per km2,,
SUR,CNUT,agri_potential_carbon,7345.159774320764,2737.3952983805125,mean tonnes carbon per km2,7.0,4.7059999809414155
SWZ,CNUT,agri_potential_carbon,,,mean tonnes carbon per km2,,
SWE,CNUT,agri_potential_carbon,,,mean tonnes carbon per km2,,
CHE,CNUT,agri_potential_carbon,,,mean tonnes carbon per km2,,
SYR,CNUT,agri_potential_carbon,,,mean tonnes carbon per km2,,
TWN,CNUT,agri_potential_carbon,15147.543426531334,493.5106106847836,mean tonnes carbon per km2,142.0,28.16799985744059
TJK,CNUT,agri_potential_carbon,,,mean tonnes carbon per km2,,
TZA,CNUT,agri_potential_carbon,8598.509997871957,197.64466143466856,mean tonnes carbon per km2,758.0,5851.337988549173
THA,CNUT,agri_potential_carbon,9898.125259068893,158.01610557682824,mean tonnes carbon per km2,3470.0,2275.791997557804
TLS,CNUT,agri_potential_carbon,12106.717574224393,474.40802126582366,mean tonnes carbon per km2,146.0,129.6829998408258
TGO,CNUT,agri_potential_carbon,10292.81278299273,210.53977398185424,mean tonnes carbon per km2,200.0,37.310000030994416
TUV,CNUT,agri_potential_carbon,,,mean tonnes carbon per km2,,
UGA,CNUT,agri_potential_carbon,10396.985683885361,0.0,mean tonnes carbon per km2,1.0,0.02799999952316284
URY,CNUT,agri_potential_carbon,,,mean tonnes carbon per km2,,
UZB,CNUT,agri_potential_carbon,,,mean tonnes carbon per km2,,
VUT,CNUT,agri_potential_carbon,8927.229420162546,939.063610482208,mean tonnes carbon per km2,23.0,398.7100028991699
VAT,CNUT,agri_potential_carbon,,,mean tonnes carbon per km2,,
VEN,CNUT,agri_potential_carbon,8840.530153776397,1373.6914363271526,mean tonnes carbon per km2,506.0,114.68199925325811
VNM,CNUT,agri_potential_carbon,10111.762366322448,306.2217116131568,mean tonnes carbon per km2,1037.0,1240.955996193588
ZMB,CNUT,agri_potential_carbon,,,mean tonnes carbon per km2,,
ZWE,CNUT,agri_potential_carbon,3326.0013138717077,1421.0318099363847,mean tonnes carbon per km2,2.0,0.05699999809265137
YEM,CNUT,agri_potential_carbon,,,mean tonnes carbon per km2,,
UKR,CNUT,agri_potential_carbon,,,mean tonnes carbon per km2,,
BHR,CNUT,agri_potential_carbon,,,mean tonnes carbon per km2,,
KWT,CNUT,agri_potential_carbon,,,mean tonnes carbon per km2,,
QAT,CNUT,agri_potential_carbon,,,mean tonnes carbon per km2,,
ARE,CNUT,agri_potential_carbon,,,mean tonnes carbon per km2,,
TUR,CNUT,agri_potential_carbon,,,mean tonnes carbon per km2,,
ISR,CNUT,agri_potential_carbon,,,mean tonnes carbon per km2,,
BGD,CNUT,agri_potential_carbon,10545.601407363112,307.15089560599165,mean tonnes carbon per km2,431.0,426.37499981403346
MMR,CNUT,agri_potential_carbon,10467.182957834935,773.8776484576176,mean tonnes carbon per km2,2706.0,442.3780043847859
IND,CNUT,agri_potential_carbon,7917.101956653262,114.80442289467783,mean tonnes carbon per km2,8785.0,19234.375005054848
BEN,CNUT,agri_potential_carbon,7194.458980527349,130.01851928139646,mean tonnes carbon per km2,873.0,123.88100003093481
NER,CNUT,agri_potential_carbon,,,mean tonnes carbon per km2,,
NGA,CNUT,agri_potential_carbon,12852.505824691678,176.45952095165572,mean tonnes carbon per km2,591.0,290.879000063017
111,CNUT,agri_potential_carbon,,,mean tonnes carbon per km2,,
112,CNUT,agri_potential_carbon,,,mean tonnes carbon per km2,,
113,CNUT,agri_potential_carbon,,,mean tonnes carbon per km2,,
114,CNUT,agri_potential_carbon,,,mean tonnes carbon per km2,,
115,CNUT,agri_potential_carbon,,,mean tonnes carbon per km2,,
116,CNUT,agri_potential_carbon,,,mean tonnes carbon per km2,,
117,CNUT,agri_potential_carbon,,,mean tonnes carbon per km2,,
118,CNUT,agri_potential_carbon,,,mean tonnes carbon per km2,,
119,CNUT,agri_potential_carbon,,,mean tonnes carbon per km2,,
120,CNUT,agri_potential_carbon,,,mean tonnes carbon per km2,,
121,CNUT,agri_potential_carbon,,,mean tonnes carbon per km2,,
122,CNUT,agri_potential_carbon,,,mean tonnes carbon per km2,,
123,CNUT,agri_potential_carbon,,,mean tonnes carbon per km2,,
124,CNUT,agri_potential_carbon,,,mean tonnes carbon per km2,,
125,CNUT,agri_potential_carbon,,,mean tonnes carbon per km2,,
126,CNUT,agri_potential_carbon,,,mean tonnes carbon per km2,,
127,CNUT,agri_potential_carbon,,,mean tonnes carbon per km2,,
128,CNUT,agri_potential_carbon,,,mean tonnes carbon per km2,,
129,CNUT,agri_potential_carbon,,,mean tonnes carbon per km2,,
ESH,CNUT,agri_potential_carbon,,,mean tonnes carbon per km2,,
AFG,ORTS,agri_potential_carbon,,,mean tonnes carbon per km2,,
GBR,ORTS,agri_potential_carbon,,,mean tonnes carbon per km2,,
ALB,ORTS,agri_potential_carbon,,,mean tonnes carbon per km2,,
DZA,ORTS,agri_potential_carbon,,,mean tonnes carbon per km2,,
USA,ORTS,agri_potential_carbon,11514.81174593086,682.7570146824892,mean tonnes carbon per km2,168.0,9.504999984726311
ATA,ORTS,agri_potential_carbon,,,mean tonnes carbon per km2,,
ATG,ORTS,agri_potential_carbon,11705.370754643849,814.0497629170443,mean tonnes carbon per km2,6.0,0.10300000086426736
ARG,ORTS,agri_potential_carbon,13475.0,0.0,mean tonnes carbon per km2,1.0,0.00800000011920929
AND,ORTS,agri_potential_carbon,,,mean tonnes carbon per km2,,
AGO,ORTS,agri_potential_carbon,7612.150910192922,1356.0714534609008,mean tonnes carbon per km2,16.0,1.5130000030994415
ARM,ORTS,agri_potential_carbon,,,mean tonnes carbon per km2,,
NLD,ORTS,agri_potential_carbon,,,mean tonnes carbon per km2,,
AUS,ORTS,agri_potential_carbon,,,mean tonnes carbon per km2,,
AUT,ORTS,agri_potential_carbon,,,mean tonnes carbon per km2,,
AZE,ORTS,agri_potential_carbon,,,mean tonnes carbon per km2,,
BHS,ORTS,agri_potential_carbon,,,mean tonnes carbon per km2,,
BRB,ORTS,agri_potential_carbon,12596.016040062286,919.9945915086477,mean tonnes carbon per km2,6.0,0.24199999958276747
BLR,ORTS,agri_potential_carbon,,,mean tonnes carbon per km2,,
BEL,ORTS,agri_potential_carbon,,,mean tonnes carbon per km2,,
BLZ,ORTS,agri_potential_carbon,6737.604567574048,710.5225018054541,mean tonnes carbon per km2,32.0,0.45200000077486036
BTN,ORTS,agri_potential_carbon,12116.461803113965,1453.4642062661073,mean tonnes carbon per km2,31.0,17.94999981701374
BOL,ORTS,agri_potential_carbon,6358.165536611326,185.00370503196467,mean tonnes carbon per km2,3730.0,142.1629997970164
BIH,ORTS,agri_potential_carbon,,,mean tonnes carbon per km2,,
BWA,ORTS,agri_potential_carbon,3368.019642952732,65.32452982924487,mean tonnes carbon per km2,485.0,81.2200001823157
NOR,ORTS,agri_potential_carbon,,,mean tonnes carbon per km2,,
COL,ORTS,agri_potential_carbon,7570.424802571998,479.41924145869626,mean tonnes carbon per km2,1289.0,56.07599971860647
COM,ORTS,agri_potential_carbon,,,mean tonnes carbon per km2,,
BRA,ORTS,agri_potential_carbon,14712.66711604268,2534.1630254372158,mean tonnes carbon per km2,11.0,0.8309999966621401
FRA,ORTS,agri_potential_carbon,7451.7860352492335,1148.541848922518,mean tonnes carbon per km2,67.0,14.863000081256033
COD,ORTS,agri_potential_carbon,11949.931904019146,63.645401606194596,mean tonnes carbon per km2,10381.0,1188.6979998680204
COG,ORTS,agri_potential_carbon,11164.882412362182,310.50355264880915,mean tonnes carbon per km2,598.0,25.290000018551943
NZL,ORTS,agri_potential_carbon,0.0,0.0,mean tonnes carbon per km2,2.0,4.51
BRN,ORTS,agri_potential_carbon,15749.317125877227,872.6727106770837,mean tonnes carbon per km2,37.0,3.7439999864995475
BGR,ORTS,agri_potential_carbon,,,mean tonnes carbon per km2,,
BFA,ORTS,agri_potential_carbon,,,mean tonnes carbon per km2,,
BDI,ORTS,agri_potential_carbon,9619.055539236835,254.76467721483806,mean tonnes carbon per km2,151.0,105.45800028324126
CPV,ORTS,agri_potential_carbon,,,mean tonnes carbon per km2,,
KHM,ORTS,agri_potential_carbon,13988.577542664161,92.23759221439238,mean tonnes carbon per km2,1366.0,28.383999831303953
CMR,ORTS,agri_potential_carbon,6655.204833243717,154.19141904797652,mean tonnes carbon per km2,2397.0,1490.3859993690253
CAN,ORTS,agri_potential_carbon,,,mean tonnes carbon per km2,,
CRI,ORTS,agri_potential_carbon,10903.84379368099,385.86767779824356,mean tonnes carbon per km2,246.0,43.575999934226274
CIV,ORTS,agri_potential_carbon,14511.281262563476,108.72960032993652,mean tonnes carbon per km2,3182.0,568.540999598503
HRV,ORTS,agri_potential_carbon,7743.405287091252,1801.7888163235218,mean tonnes carbon per km2,3.0,0.1590000009536743
CUB,ORTS,agri_potential_carbon,12594.335369899716,215.56934572242375,mean tonnes carbon per km2,1179.0,207.75999971084298
CAF,ORTS,agri_potential_carbon,8269.184344697764,185.09306104381162,mean tonnes carbon per km2,1103.0,167.63399989128112
TCD,ORTS,agri_potential_carbon,4104.276900788644,79.34662992801876,mean tonnes carbon per km2,801.0,74.34800010614097
CHL,ORTS,agri_potential_carbon,,,mean tonnes carbon per km2,,
CHN,ORTS,agri_potential_carbon,8612.84077181276,54.32160538492603,mean tonnes carbon per km2,30133.0,923.167000785023
CYP,ORTS,agri_potential_carbon,3577.889498300135,415.2264299286377,mean tonnes carbon per km2,70.0,0.7750000005960466
CZE,ORTS,agri_potential_carbon,,,mean tonnes carbon per km2,,
DNK,ORTS,agri_potential_carbon,,,mean tonnes carbon per km2,,
DJI,ORTS,agri_potential_carbon,,,mean tonnes carbon per km2,,
DMA,ORTS,agri_potential_carbon,7752.716086369888,626.2284374992157,mean tonnes carbon per km2,9.0,17.506000022888184
DOM,ORTS,agri_potential_carbon,9386.557991332204,175.44396859113354,mean tonnes carbon per km2,510.0,46.443000076562164
ECU,ORTS,agri_potential_carbon,8294.794065241242,301.593265957754,mean tonnes carbon per km2,604.0,71.61600020967424
EGY,ORTS,agri_potential_carbon,977.1213182851286,109.70856493556803,mean tonnes carbon per km2,720.0,45.595000021234156
SLV,ORTS,agri_potential_carbon,9949.686524523564,117.27996047833729,mean tonnes carbon per km2,235.0,41.94300014138222
GNQ,ORTS,agri_potential_carbon,11132.456912139962,1790.7915073812492,mean tonnes carbon per km2,37.0,9.714000047445296
ERI,ORTS,agri_potential_carbon,1422.1964436353614,86.90867548487219,mean tonnes carbon per km2,318.0,209.7270012897253
EST,ORTS,agri_potential_carbon,14482.099224421667,297.0815984765699,mean tonnes carbon per km2,214.0,0.2400000036507845
ETH,ORTS,agri_potential_carbon,8468.902891010275,177.14528761892728,mean tonnes carbon per km2,1984.0,4697.727998409495
FJI,ORTS,agri_potential_carbon,12057.842684252844,807.9553745277559,mean tonnes carbon per km2,36.0,42.83099976778031
FIN,ORTS,agri_potential_carbon,,,mean tonnes carbon per km2,,
GAB,ORTS,agri_potential_carbon,11800.784480455513,688.0580554440359,mean tonnes carbon per km2,276.0,23.59899989016354
GMB,ORTS,agri_potential_carbon,,,mean tonnes carbon per km2,,
MAR,ORTS,agri_potential_carbon,4388.44750801211,207.30443099745594,mean tonnes carbon per km2,7.0,0.17799999892711638
MOZ,ORTS,agri_potential_carbon,7644.223396944786,35.269866989794195,mean tonnes carbon per km2,4605.0,10.60100016027689
NAM,ORTS,agri_potential_carbon,2595.5327033879885,54.44223783529333,mean tonnes carbon per km2,1357.0,332.8319999244809
GEO,ORTS,agri_potential_carbon,,,mean tonnes carbon per km2,,
DEU,ORTS,agri_potential_carbon,,,mean tonnes carbon per km2,,
GHA,ORTS,agri_potential_carbon,16207.115172235985,226.82300404871265,mean tonnes carbon per km2,846.0,1303.0769997863472
GRC,ORTS,agri_potential_carbon,,,mean tonnes carbon per km2,,
GRL,ORTS,agri_potential_carbon,,,mean tonnes carbon per km2,,
GRD,ORTS,agri_potential_carbon,14162.485178193292,553.9752075789958,mean tonnes carbon per km2,5.0,3.463000030517578
NRU,ORTS,agri_potential_carbon,,,mean tonnes carbon per km2,,
GTM,ORTS,agri_potential_carbon,,,mean tonnes carbon per km2,,
NPL,ORTS,agri_potential_carbon,9644.390111133278,225.48734389013148,mean tonnes carbon per km2,473.0,294.90900008156893
GIN,ORTS,agri_potential_carbon,10005.909762555237,84.35966785626931,mean tonnes carbon per km2,1746.0,98.27599995970726
GNB,ORTS,agri_potential_carbon,12724.97058202276,399.68331418549974,mean tonnes carbon per km2,236.0,72.78599997624755
GUY,ORTS,agri_potential_carbon,5986.45687868682,325.8505526356983,mean tonnes carbon per km2,322.0,13.764999968409539
HTI,ORTS,agri_potential_carbon,11953.041042900028,418.78897954196975,mean tonnes carbon per km2,312.0,181.8789995242655
JOR,ORTS,agri_potential_carbon,,,mean tonnes carbon per km2,,
HND,ORTS,agri_potential_carbon,10478.10048058473,85.59330569587047,mean tonnes carbon per km2,994.0,7.475000062286854
HUN,ORTS,agri_potential_carbon,,,mean tonnes carbon per km2,,
ISL,ORTS,agri_potential_carbon,,,mean tonnes carbon per km2,,
IDN,ORTS,agri_potential_carbon,10402.51167892526,120.57963691817451,mean tonnes carbon per km2,13267.0,564.0960003218055
IRN,ORTS,agri_potential_carbon,,,mean tonnes carbon per km2,,
IRQ,ORTS,agri_potential_carbon,,,mean tonnes carbon per km2,,
IRL,ORTS,agri_potential_carbon,,,mean tonnes carbon per km2,,
KAZ,ORTS,agri_potential_carbon,1386.0169005069547,454.8099232803303,mean tonnes carbon per km2,2.0,0.0020000000298023225
KEN,ORTS,agri_potential_carbon,7763.609632288244,657.7592302700809,mean tonnes carbon per km2,174.0,30.027000306248667
KIR,ORTS,agri_potential_carbon,0.0,0.0,mean tonnes carbon per km2,2.0,0.6179999923706054
PRK,ORTS,agri_potential_carbon,,,mean tonnes carbon per km2,,
KOR,ORTS,agri_potential_carbon,,,mean tonnes carbon per km2,,
XKX,ORTS,agri_potential_carbon,,,mean tonnes carbon per km2,,
SRB,ORTS,agri_potential_carbon,,,mean tonnes carbon per km2,,
SYC,ORTS,agri_potential_carbon,,,mean tonnes carbon per km2,,
SLE,ORTS,agri_potential_carbon,15106.581881778024,225.61743458095006,mean tonnes carbon per km2,369.0,6.210999994874
SGP,ORTS,agri_potential_carbon,16394.28462967434,484.31385764116857,mean tonnes carbon per km2,6.0,0.00800000011920929
ITA,ORTS,agri_potential_carbon,,,mean tonnes carbon per km2,,
JAM,ORTS,agri_potential_carbon,11227.609768124597,451.91958554115934,mean tonnes carbon per km2,118.0,13.102000012248757
JPN,ORTS,agri_potential_carbon,6330.812273196938,256.36138705059574,mean tonnes carbon per km2,2239.0,162.06899958789347
KGZ,ORTS,agri_potential_carbon,,,mean tonnes carbon per km2,,
LAO,ORTS,agri_potential_carbon,10916.073972697328,1535.1099474941234,mean tonnes carbon per km2,7.0,0.08700000062584877
LVA,ORTS,agri_potential_carbon,,,mean tonnes carbon per km2,,
LBN,ORTS,agri_potential_carbon,5343.9444901717125,581.4250643952488,mean tonnes carbon per km2,28.0,0.41900000050663944
LSO,ORTS,agri_potential_carbon,,,mean tonnes carbon per km2,,
LBR,ORTS,agri_potential_carbon,16917.586473282874,755.5312623083865,mean tonnes carbon per km2,113.0,7.681999993920326
LBY,ORTS,agri_potential_carbon,,,mean tonnes carbon per km2,,
LIE,ORTS,agri_potential_carbon,,,mean tonnes carbon per km2,,
LTU,ORTS,agri_potential_carbon,,,mean tonnes carbon per km2,,
LUX,ORTS,agri_potential_carbon,,,mean tonnes carbon per km2,,
MCO,ORTS,agri_potential_carbon,,,mean tonnes carbon per km2,,
MNG,ORTS,agri_potential_carbon,,,mean tonnes carbon per km2,,
MNE,ORTS,agri_potential_carbon,,,mean tonnes carbon per km2,,
MKD,ORTS,agri_potential_carbon,,,mean tonnes carbon per km2,,
MDG,ORTS,agri_potential_carbon,8887.321305315547,79.9234900519278,mean tonnes carbon per km2,4011.0,273.47399997219446
MWI,ORTS,agri_potential_carbon,7477.994535724012,1011.0336314734096,mean tonnes carbon per km2,5.0,0.01900000013411045
MYS,ORTS,agri_potential_carbon,14092.502725731065,436.57562631208884,mean tonnes carbon per km2,423.0,4.264000024050475
MDV,ORTS,agri_potential_carbon,,,mean tonnes carbon per km2,,
MLI,ORTS,agri_potential_carbon,6142.988590947604,296.4233940637895,mean tonnes carbon per km2,4.0,0.3609999942779541
MLT,ORTS,agri_potential_carbon,,,mean tonnes carbon per km2,,
MHL,ORTS,agri_potential_carbon,,,mean tonnes carbon per km2,,
MRT,ORTS,agri_potential_carbon,,,mean tonnes carbon per km2,,
MUS,ORTS,agri_potential_carbon,10128.26213466078,831.9937432933237,mean tonnes carbon per km2,20.0,0.22800000466406345
MEX,ORTS,agri_potential_carbon,7286.2063463444865,675.3598386526894,mean tonnes carbon per km2,741.0,63.50399989813566
FSM,ORTS,agri_potential_carbon,,,mean tonnes carbon per km2,,
MDA,ORTS,agri_potential_carbon,,,mean tonnes carbon per km2,,
NIC,ORTS,agri_potential_carbon,10729.038504076962,101.81257806543552,mean tonnes carbon per km2,1124.0,95.5240000692755
OMN,ORTS,agri_potential_carbon,,,mean tonnes carbon per km2,,
PAK,ORTS,agri_potential_carbon,6416.810043273192,292.4492152052964,mean tonnes carbon per km2,170.0,253.84499990969897
PLW,ORTS,agri_potential_carbon,,,mean tonnes carbon per km2,,
PAN,ORTS,agri_potential_carbon,10194.265793119423,286.126417344986,mean tonnes carbon per km2,511.0,9.458000004962088
PNG,ORTS,agri_potential_carbon,9817.554215898437,393.6608431180192,mean tonnes carbon per km2,678.0,312.4789986859262
PRY,ORTS,agri_potential_carbon,0.0,0.0,mean tonnes carbon per km2,1.0,0.020999999046325685
PER,ORTS,agri_potential_carbon,1660.8086869618573,274.0657448482826,mean tonnes carbon per km2,402.0,440.85300060696903
PHL,ORTS,agri_potential_carbon,14220.722581355849,312.7140245643972,mean tonnes carbon per km2,2485.0,218.5229996731877
POL,ORTS,agri_potential_carbon,,,mean tonnes carbon per km2,,
PRT,ORTS,agri_potential_carbon,,,mean tonnes carbon per km2,,
ROU,ORTS,agri_potential_carbon,,,mean tonnes carbon per km2,,
RUS,ORTS,agri_potential_carbon,,,mean tonnes carbon per km2,,
RWA,ORTS,agri_potential_carbon,7772.292471541619,735.4195164086653,mean tonnes carbon per km2,90.0,135.57900034099816
WSM,ORTS,agri_potential_carbon,,,mean tonnes carbon per km2,,
SMR,ORTS,agri_potential_carbon,,,mean tonnes carbon per km2,,
TON,ORTS,agri_potential_carbon,3277.053531105027,1540.0608856327406,mean tonnes carbon per km2,3.0,0.5779999923706054
TTO,ORTS,agri_potential_carbon,11786.543703456793,1173.0587773322375,mean tonnes carbon per km2,34.0,7.024999981820584
TUN,ORTS,agri_potential_carbon,,,mean tonnes carbon per km2,,
TKM,ORTS,agri_potential_carbon,,,mean tonnes carbon per km2,,
STP,ORTS,agri_potential_carbon,2283.4343796673356,1071.7517401730017,mean tonnes carbon per km2,11.0,17.65800018310547
SAU,ORTS,agri_potential_carbon,,,mean tonnes carbon per km2,,
SEN,ORTS,agri_potential_carbon,7247.967904503267,0.0,mean tonnes carbon per km2,1.0,0.03
SVK,ORTS,agri_potential_carbon,,,mean tonnes carbon per km2,,
SVN,ORTS,agri_potential_carbon,9065.32394851395,185.95960938930153,mean tonnes carbon per km2,259.0,15.065999997854234
SLB,ORTS,agri_potential_carbon,9126.943148177217,397.8997005545603,mean tonnes carbon per km2,136.0,17.918999981880187
SOM,ORTS,agri_potential_carbon,,,mean tonnes carbon per km2,,
ZAF,ORTS,agri_potential_carbon,2632.68254242437,0.0,mean tonnes carbon per km2,1.0,0.625999984741211
SSD,ORTS,agri_potential_carbon,0.0,0.0,mean tonnes carbon per km2,1.0,0.008999999761581421
ESP,ORTS,agri_potential_carbon,4323.406120971914,133.98850247853525,mean tonnes carbon per km2,203.0,3.529999999478459
LKA,ORTS,agri_potential_carbon,,,mean tonnes carbon per km2,,
KNA,ORTS,agri_potential_carbon,13476.39416210341,485.844294140505,mean tonnes carbon per km2,3.0,0.78
LCA,ORTS,agri_potential_carbon,9379.644517830615,962.6548946148283,mean tonnes carbon per km2,7.0,4.479000005722046
VCT,ORTS,agri_potential_carbon,12592.752686555668,4317.733498022021,mean tonnes carbon per km2,3.0,2.206000046730041
SDN,ORTS,agri_potential_carbon,,,mean tonnes carbon per km2,,
SUR,ORTS,agri_potential_carbon,7157.073564452948,1030.2373116176295,mean tonnes carbon per km2,37.0,0.4209999990463256
SWZ,ORTS,agri_potential_carbon,8323.091948667137,355.21270928971694,mean tonnes carbon per km2,79.0,80.221999669075
SWE,ORTS,agri_potential_carbon,,,mean tonnes carbon per km2,,
CHE,ORTS,agri_potential_carbon,,,mean tonnes carbon per km2,,
SYR,ORTS,agri_potential_carbon,1103.9185237817067,0.0,mean tonnes carbon per km2,1.0,0.0020000000298023225
TWN,ORTS,agri_potential_carbon,14279.737847946002,1580.3219609833457,mean tonnes carbon per km2,126.0,3.2310000115633004
TJK,ORTS,agri_potential_carbon,,,mean tonnes carbon per km2,,
TZA,ORTS,agri_potential_carbon,7829.554738642987,1231.8731548361716,mean tonnes carbon per km2,130.0,6.168000024333596
THA,ORTS,agri_potential_carbon,9935.341428307045,47.69934170227578,mean tonnes carbon per km2,5414.0,232.9940003413707
TLS,ORTS,agri_potential_carbon,11755.843825144942,322.64491003815095,mean tonnes carbon per km2,139.0,67.9300001912564
TGO,ORTS,agri_potential_carbon,10259.032982876994,177.6046698845068,mean tonnes carbon per km2,266.0,165.11800067901612
TUV,ORTS,agri_potential_carbon,,,mean tonnes carbon per km2,,
UGA,ORTS,agri_potential_carbon,10396.985683885361,0.0,mean tonnes carbon per km2,1.0,0.06900000095367431
URY,ORTS,agri_potential_carbon,,,mean tonnes carbon per km2,,
UZB,ORTS,agri_potential_carbon,,,mean tonnes carbon per km2,,
VUT,ORTS,agri_potential_carbon,6487.8253762662225,1285.9897519992128,mean tonnes carbon per km2,24.0,7.630000038146973
VAT,ORTS,agri_potential_carbon,,,mean tonnes carbon per km2,,
VEN,ORTS,agri_potential_carbon,6808.947505473901,698.1779832654718,mean tonnes carbon per km2,636.0,85.97900056906045
VNM,ORTS,agri_potential_carbon,14567.261972179722,854.0820667737025,mean tonnes carbon per km2,7.0,0.04499999925494194
ZMB,ORTS,agri_potential_carbon,9493.937835322948,1222.477013236111,mean tonnes carbon per km2,10.0,0.49800000816583634
ZWE,ORTS,agri_potential_carbon,6709.968252790957,98.23000905096465,mean tonnes carbon per km2,372.0,1.0960000298917294
YEM,ORTS,agri_potential_carbon,,,mean tonnes carbon per km2,,
UKR,ORTS,agri_potential_carbon,,,mean tonnes carbon per km2,,
BHR,ORTS,agri_potential_carbon,,,mean tonnes carbon per km2,,
KWT,ORTS,agri_potential_carbon,,,mean tonnes carbon per km2,,
QAT,ORTS,agri_potential_carbon,,,mean tonnes carbon per km2,,
ARE,ORTS,agri_potential_carbon,,,mean tonnes carbon per km2,,
TUR,ORTS,agri_potential_carbon,3713.3726821814507,261.763971796055,mean tonnes carbon per km2,152.0,0.22700000286102295
ISR,ORTS,agri_potential_carbon,,,mean tonnes carbon per km2,,
BGD,ORTS,agri_potential_carbon,,,mean tonnes carbon per km2,,
MMR,ORTS,agri_potential_carbon,12540.191225318458,1863.3605433656571,mean tonnes carbon per km2,6.0,0.02200000010430813
IND,ORTS,agri_potential_carbon,9609.228627608612,1374.8330400030468,mean tonnes carbon per km2,6.0,3.152999975085258
BEN,ORTS,agri_potential_carbon,9479.473247845535,1000.5993134191967,mean tonnes carbon per km2,31.0,4.153000007867813
NER,ORTS,agri_potential_carbon,2198.2412613791503,0.0,mean tonnes carbon per km2,1.0,0.015
NGA,ORTS,agri_potential_carbon,11051.289796115976,118.49029617760702,mean tonnes carbon per km2,4284.0,3844.7229995357993
111,ORTS,agri_potential_carbon,,,mean tonnes carbon per km2,,
112,ORTS,agri_potential_carbon,,,mean tonnes carbon per km2,,
113,ORTS,agri_potential_carbon,,,mean tonnes carbon per km2,,
114,ORTS,agri_potential_carbon,,,mean tonnes carbon per km2,,
115,ORTS,agri_potential_carbon,,,mean tonnes carbon per km2,,
116,ORTS,agri_potential_carbon,,,mean tonnes carbon per km2,,
117,ORTS,agri_potential_carbon,,,mean tonnes carbon per km2,,
118,ORTS,agri_potential_carbon,,,mean tonnes carbon per km2,,
119,ORTS,agri_potential_carbon,,,mean tonnes carbon per km2,,
120,ORTS,agri_potential_carbon,,,mean tonnes carbon per km2,,
121,ORTS,agri_potential_carbon,,,mean tonnes carbon per km2,,
122,ORTS,agri_potential_carbon,,,mean tonnes carbon per km2,,
123,ORTS,agri_potential_carbon,,,mean tonnes carbon per km2,,
124,ORTS,agri_potential_carbon,,,mean tonnes carbon per km2,,
125,ORTS,agri_potential_carbon,,,mean tonnes carbon per km2,,
126,ORTS,agri_potential_carbon,,,mean tonnes carbon per km2,,
127,ORTS,agri_potential_carbon,,,mean tonnes carbon per km2,,
128,ORTS,agri_potential_carbon,,,mean tonnes carbon per km2,,
129,ORTS,agri_potential_carbon,,,mean tonnes carbon per km2,,
ESH,ORTS,agri_potential_carbon,,,mean tonnes carbon per km2,,
AFG,CHIC,agri_potential_carbon,744.1365028208015,475.8221854898018,mean tonnes carbon per km2,2.0,0.02399999976158142
GBR,CHIC,agri_potential_carbon,,,mean tonnes carbon per km2,,
ALB,CHIC,agri_potential_carbon,4062.481114713347,0.0,mean tonnes carbon per km2,1.0,0.0010000000149011613
DZA,CHIC,agri_potential_carbon,4433.2785715627315,156.20458221956386,mean tonnes carbon per km2,1666.0,249.8689997123927
USA,CHIC,agri_potential_carbon,3337.0649518875466,118.3148076274783,mean tonnes carbon per km2,9185.0,501.99600154057146
ATA,CHIC,agri_potential_carbon,,,mean tonnes carbon per km2,,
ATG,CHIC,agri_potential_carbon,,,mean tonnes carbon per km2,,
ARG,CHIC,agri_potential_carbon,5198.426591445902,278.17576096098304,mean tonnes carbon per km2,418.0,282.17600093089044
AND,CHIC,agri_potential_carbon,,,mean tonnes carbon per km2,,
AGO,CHIC,agri_potential_carbon,,,mean tonnes carbon per km2,,
ARM,CHIC,agri_potential_carbon,2391.522470711807,353.0742438410419,mean tonnes carbon per km2,2.0,0.25
NLD,CHIC,agri_potential_carbon,,,mean tonnes carbon per km2,,
AUS,CHIC,agri_potential_carbon,5856.913244599265,40.710847812871,mean tonnes carbon per km2,10870.0,4353.014003217295
AUT,CHIC,agri_potential_carbon,,,mean tonnes carbon per km2,,
AZE,CHIC,agri_potential_carbon,1128.185870858851,795.3630420518442,mean tonnes carbon per km2,3.0,1.0589999866485595
BHS,CHIC,agri_potential_carbon,,,mean tonnes carbon per km2,,
BRB,CHIC,agri_potential_carbon,,,mean tonnes carbon per km2,,
BLR,CHIC,agri_potential_carbon,15141.39079005525,1134.0329949561415,mean tonnes carbon per km2,2.0,0.009000000134110451
BEL,CHIC,agri_potential_carbon,,,mean tonnes carbon per km2,,
BLZ,CHIC,agri_potential_carbon,,,mean tonnes carbon per km2,,
BTN,CHIC,agri_potential_carbon,,,mean tonnes carbon per km2,,
BOL,CHIC,agri_potential_carbon,5068.416501783451,1120.0418938980993,mean tonnes carbon per km2,364.0,7.69099996469915
BIH,CHIC,agri_potential_carbon,8292.070261705301,125.08118538714896,mean tonnes carbon per km2,253.0,15.890999943241477
BWA,CHIC,agri_potential_carbon,,,mean tonnes carbon per km2,,
NOR,CHIC,agri_potential_carbon,,,mean tonnes carbon per km2,,
COL,CHIC,agri_potential_carbon,,,mean tonnes carbon per km2,,
COM,CHIC,agri_potential_carbon,,,mean tonnes carbon per km2,,
BRA,CHIC,agri_potential_carbon,,,mean tonnes carbon per km2,,
FRA,CHIC,agri_potential_carbon,,,mean tonnes carbon per km2,,
COD,CHIC,agri_potential_carbon,11113.51005280916,1848.640614501689,mean tonnes carbon per km2,2.0,0.22700000047683716
COG,CHIC,agri_potential_carbon,,,mean tonnes carbon per km2,,
NZL,CHIC,agri_potential_carbon,,,mean tonnes carbon per km2,,
BRN,CHIC,agri_potential_carbon,,,mean tonnes carbon per km2,,
BGR,CHIC,agri_potential_carbon,5771.064221299341,63.2434923007723,mean tonnes carbon per km2,1304.0,13.865000037625432
BFA,CHIC,agri_potential_carbon,1116.7524995732726,69.01337992720501,mean tonnes carbon per km2,10.0,0.013000000193715097
BDI,CHIC,agri_potential_carbon,,,mean tonnes carbon per km2,,
CPV,CHIC,agri_potential_carbon,,,mean tonnes carbon per km2,,
KHM,CHIC,agri_potential_carbon,,,mean tonnes carbon per km2,,
CMR,CHIC,agri_potential_carbon,,,mean tonnes carbon per km2,,
CAN,CHIC,agri_potential_carbon,1148.6238047517224,121.91829669425532,mean tonnes carbon per km2,567.0,546.2590014813841
CRI,CHIC,agri_potential_carbon,,,mean tonnes carbon per km2,,
CIV,CHIC,agri_potential_carbon,,,mean tonnes carbon per km2,,
HRV,CHIC,agri_potential_carbon,,,mean tonnes carbon per km2,,
CUB,CHIC,agri_potential_carbon,,,mean tonnes carbon per km2,,
CAF,CHIC,agri_potential_carbon,,,mean tonnes carbon per km2,,
TCD,CHIC,agri_potential_carbon,,,mean tonnes carbon per km2,,
CHL,CHIC,agri_potential_carbon,4131.486383915571,164.63944340355502,mean tonnes carbon per km2,509.0,19.140000052675603
CHN,CHIC,agri_potential_carbon,6860.697578492374,54.2692378734808,mean tonnes carbon per km2,10051.0,21.95700030177832
CYP,CHIC,agri_potential_carbon,2365.9256989000673,266.1954251007992,mean tonnes carbon per km2,85.0,0.5860000015050174
CZE,CHIC,agri_potential_carbon,,,mean tonnes carbon per km2,,
DNK,CHIC,agri_potential_carbon,,,mean tonnes carbon per km2,,
DJI,CHIC,agri_potential_carbon,,,mean tonnes carbon per km2,,
DMA,CHIC,agri_potential_carbon,,,mean tonnes carbon per km2,,
DOM,CHIC,agri_potential_carbon,7967.509612698377,1552.7528302348176,mean tonnes carbon per km2,4.0,0.004000000059604645
ECU,CHIC,agri_potential_carbon,,,mean tonnes carbon per km2,,
EGY,CHIC,agri_potential_carbon,1148.9501147158264,224.77803014292394,mean tonnes carbon per km2,153.0,24.931000082790852
SLV,CHIC,agri_potential_carbon,,,mean tonnes carbon per km2,,
GNQ,CHIC,agri_potential_carbon,,,mean tonnes carbon per km2,,
ERI,CHIC,agri_potential_carbon,2096.820446460141,214.81858294408227,mean tonnes carbon per km2,64.0,92.35900015056133
EST,CHIC,agri_potential_carbon,,,mean tonnes carbon per km2,,
ETH,CHIC,agri_potential_carbon,6759.032371876548,146.64217530684311,mean tonnes carbon per km2,2336.0,1740.0160014037788
FJI,CHIC,agri_potential_carbon,,,mean tonnes carbon per km2,,
FIN,CHIC,agri_potential_carbon,,,mean tonnes carbon per km2,,
GAB,CHIC,agri_potential_carbon,,,mean tonnes carbon per km2,,
GMB,CHIC,agri_potential_carbon,,,mean tonnes carbon per km2,,
MAR,CHIC,agri_potential_carbon,4011.6049229666583,138.20211507710928,mean tonnes carbon per km2,1380.0,814.9190001287311
MOZ,CHIC,agri_potential_carbon,5896.09999102476,553.6819626547809,mean tonnes carbon per km2,3.0,2.5030000460147854
NAM,CHIC,agri_potential_carbon,,,mean tonnes carbon per km2,,
GEO,CHIC,agri_potential_carbon,0.0,0.0,mean tonnes carbon per km2,1.0,0.004000000059604645
DEU,CHIC,agri_potential_carbon,,,mean tonnes carbon per km2,,
GHA,CHIC,agri_potential_carbon,5406.102262718722,407.3056834999542,mean tonnes carbon per km2,3.0,0.041000001430511475
GRC,CHIC,agri_potential_carbon,4712.548879780031,110.68761306979547,mean tonnes carbon per km2,1456.0,24.624999993667007
GRL,CHIC,agri_potential_carbon,,,mean tonnes carbon per km2,,
GRD,CHIC,agri_potential_carbon,,,mean tonnes carbon per km2,,
NRU,CHIC,agri_potential_carbon,,,mean tonnes carbon per km2,,
GTM,CHIC,agri_potential_carbon,,,mean tonnes carbon per km2,,
NPL,CHIC,agri_potential_carbon,9133.79762773291,231.2092082153678,mean tonnes carbon per km2,481.0,81.75099980406463
GIN,CHIC,agri_potential_carbon,,,mean tonnes carbon per km2,,
GNB,CHIC,agri_potential_carbon,,,mean tonnes carbon per km2,,
GUY,CHIC,agri_potential_carbon,,,mean tonnes carbon per km2,,
HTI,CHIC,agri_potential_carbon,,,mean tonnes carbon per km2,,
JOR,CHIC,agri_potential_carbon,822.5440298286784,234.63981061354343,mean tonnes carbon per km2,82.0,12.161000072285534
HND,CHIC,agri_potential_carbon,,,mean tonnes carbon per km2,,
HUN,CHIC,agri_potential_carbon,7419.642482276739,901.472655562536,mean tonnes carbon per km2,4.0,0.025999999567866326
ISL,CHIC,agri_potential_carbon,,,mean tonnes carbon per km2,,
IDN,CHIC,agri_potential_carbon,,,mean tonnes carbon per km2,,
IRN,CHIC,agri_potential_carbon,850.9577073129171,23.47653758538464,mean tonnes carbon per km2,8027.0,5434.7179956416785
IRQ,CHIC,agri_potential_carbon,1345.678449640488,114.0202097097223,mean tonnes carbon per km2,1628.0,12.497999971807005
IRL,CHIC,agri_potential_carbon,,,mean tonnes carbon per km2,,
KAZ,CHIC,agri_potential_carbon,4762.89162326369,36.8230893973167,mean tonnes carbon per km2,11481.0,207.4720001489669
KEN,CHIC,agri_potential_carbon,10879.850737994817,687.1266822544821,mean tonnes carbon per km2,3.0,55.16
KIR,CHIC,agri_potential_carbon,,,mean tonnes carbon per km2,,
PRK,CHIC,agri_potential_carbon,,,mean tonnes carbon per km2,,
KOR,CHIC,agri_potential_carbon,,,mean tonnes carbon per km2,,
XKX,CHIC,agri_potential_carbon,,,mean tonnes carbon per km2,,
SRB,CHIC,agri_potential_carbon,6420.085546112776,0.0,mean tonnes carbon per km2,1.0,0.00699999988079071
SYC,CHIC,agri_potential_carbon,,,mean tonnes carbon per km2,,
SLE,CHIC,agri_potential_carbon,,,mean tonnes carbon per km2,,
SGP,CHIC,agri_potential_carbon,,,mean tonnes carbon per km2,,
ITA,CHIC,agri_potential_carbon,6758.978314145365,66.07470501137834,mean tonnes carbon per km2,3268.0,60.96400011107325
JAM,CHIC,agri_potential_carbon,,,mean tonnes carbon per km2,,
JPN,CHIC,agri_potential_carbon,,,mean tonnes carbon per km2,,
KGZ,CHIC,agri_potential_carbon,1938.5166704596052,799.8934665804261,mean tonnes carbon per km2,6.0,0.10399999856948852
LAO,CHIC,agri_potential_carbon,,,mean tonnes carbon per km2,,
LVA,CHIC,agri_potential_carbon,,,mean tonnes carbon per km2,,
LBN,CHIC,agri_potential_carbon,4376.445147639712,294.4007984873418,mean tonnes carbon per km2,88.0,32.65300004720688
LSO,CHIC,agri_potential_carbon,,,mean tonnes carbon per km2,,
LBR,CHIC,agri_potential_carbon,,,mean tonnes carbon per km2,,
LBY,CHIC,agri_potential_carbon,410.6411907027316,85.4954395081736,mean tonnes carbon per km2,609.0,3.148000031411648
LIE,CHIC,agri_potential_carbon,,,mean tonnes carbon per km2,,
LTU,CHIC,agri_potential_carbon,14092.195461497897,0.0,mean tonnes carbon per km2,1.0,0.005
LUX,CHIC,agri_potential_carbon,,,mean tonnes carbon per km2,,
MCO,CHIC,agri_potential_carbon,,,mean tonnes carbon per km2,,
MNG,CHIC,agri_potential_carbon,0.0,0.0,mean tonnes carbon per km2,1.0,0.0020000000298023225
MNE,CHIC,agri_potential_carbon,,,mean tonnes carbon per km2,,
MKD,CHIC,agri_potential_carbon,4912.793355148986,312.56962218607885,mean tonnes carbon per km2,198.0,8.011999990791082
MDG,CHIC,agri_potential_carbon,,,mean tonnes carbon per km2,,
MWI,CHIC,agri_potential_carbon,5953.01197147948,121.88585841362368,mean tonnes carbon per km2,832.0,1280.2999986029417
MYS,CHIC,agri_potential_carbon,,,mean tonnes carbon per km2,,
MDV,CHIC,agri_potential_carbon,,,mean tonnes carbon per km2,,
MLI,CHIC,agri_potential_carbon,,,mean tonnes carbon per km2,,
MLT,CHIC,agri_potential_carbon,,,mean tonnes carbon per km2,,
MHL,CHIC,agri_potential_carbon,,,mean tonnes carbon per km2,,
MRT,CHIC,agri_potential_carbon,,,mean tonnes carbon per km2,,
MUS,CHIC,agri_potential_carbon,,,mean tonnes carbon per km2,,
MEX,CHIC,agri_potential_carbon,4513.637561715472,361.747879237522,mean tonnes carbon per km2,730.0,667.6600006965548
FSM,CHIC,agri_potential_carbon,,,mean tonnes carbon per km2,,
MDA,CHIC,agri_potential_carbon,5768.8645675427815,208.77471481608134,mean tonnes carbon per km2,420.0,3.837000014781952
NIC,CHIC,agri_potential_carbon,,,mean tonnes carbon per km2,,
OMN,CHIC,agri_potential_carbon,,,mean tonnes carbon per km2,,
PAK,CHIC,agri_potential_carbon,1875.2617351829228,63.31405330787809,mean tonnes carbon per km2,2559.0,10670.502012113408
PLW,CHIC,agri_potential_carbon,,,mean tonnes carbon per km2,,
PAN,CHIC,agri_potential_carbon,,,mean tonnes carbon per km2,,
PNG,CHIC,agri_potential_carbon,,,mean tonnes carbon per km2,,
PRY,CHIC,agri_potential_carbon,,,mean tonnes carbon per km2,,
PER,CHIC,agri_potential_carbon,895.3848577553588,329.39534205326163,mean tonnes carbon per km2,245.0,17.49500002682209
PHL,CHIC,agri_potential_carbon,,,mean tonnes carbon per km2,,
POL,CHIC,agri_potential_carbon,9024.519665917265,0.0,mean tonnes carbon per km2,1.0,0.0030000001192092896
PRT,CHIC,agri_potential_carbon,8580.01493347368,64.78715821528266,mean tonnes carbon per km2,1154.0,11.010000021457673
ROU,CHIC,agri_potential_carbon,4049.9644585311084,152.3832733485778,mean tonnes carbon per km2,390.0,0.5420000062137842
RUS,CHIC,agri_potential_carbon,6732.101913657978,50.59398852662896,mean tonnes carbon per km2,30823.0,536.354999698475
RWA,CHIC,agri_potential_carbon,,,mean tonnes carbon per km2,,
WSM,CHIC,agri_potential_carbon,,,mean tonnes carbon per km2,,
SMR,CHIC,agri_potential_carbon,,,mean tonnes carbon per km2,,
TON,CHIC,agri_potential_carbon,,,mean tonnes carbon per km2,,
TTO,CHIC,agri_potential_carbon,,,mean tonnes carbon per km2,,
TUN,CHIC,agri_potential_carbon,5928.040964932477,186.84406586486213,mean tonnes carbon per km2,761.0,82.90300019800664
TKM,CHIC,agri_potential_carbon,103.19953473283175,48.071696047972075,mean tonnes carbon per km2,2.0,0.4859999847412109
STP,CHIC,agri_potential_carbon,,,mean tonnes carbon per km2,,
SAU,CHIC,agri_potential_carbon,3.91635183544045,2.769278940352324,mean tonnes carbon per km2,2.0,0.0020000000298023225
SEN,CHIC,agri_potential_carbon,,,mean tonnes carbon per km2,,
SVK,CHIC,agri_potential_carbon,7678.636613381627,155.00326275879607,mean tonnes carbon per km2,128.0,4.8020000016689295
SVN,CHIC,agri_potential_carbon,,,mean tonnes carbon per km2,,
SLB,CHIC,agri_potential_carbon,,,mean tonnes carbon per km2,,
SOM,CHIC,agri_potential_carbon,,,mean tonnes carbon per km2,,
ZAF,CHIC,agri_potential_carbon,,,mean tonnes carbon per km2,,
SSD,CHIC,agri_potential_carbon,6131.437167324041,109.55844245840784,mean tonnes carbon per km2,1777.0,63.80300004586579
ESP,CHIC,agri_potential_carbon,6973.2579647037355,42.268191409560465,mean tonnes carbon per km2,5563.0,306.9179999492317
LKA,CHIC,agri_potential_carbon,,,mean tonnes carbon per km2,,
KNA,CHIC,agri_potential_carbon,,,mean tonnes carbon per km2,,
LCA,CHIC,agri_potential_carbon,,,mean tonnes carbon per km2,,
VCT,CHIC,agri_potential_carbon,,,mean tonnes carbon per km2,,
SDN,CHIC,agri_potential_carbon,3180.5714830433944,0.0,mean tonnes carbon per km2,1.0,0.00699999988079071
SUR,CHIC,agri_potential_carbon,,,mean tonnes carbon per km2,,
SWZ,CHIC,agri_potential_carbon,,,mean tonnes carbon per km2,,
SWE,CHIC,agri_potential_carbon,,,mean tonnes carbon per km2,,
CHE,CHIC,agri_potential_carbon,0.0,0.0,mean tonnes carbon per km2,1.0,0.00800000011920929
SYR,CHIC,agri_potential_carbon,876.3324065633892,46.63025221808005,mean tonnes carbon per km2,1311.0,722.9880004718154
TWN,CHIC,agri_potential_carbon,,,mean tonnes carbon per km2,,
TJK,CHIC,agri_potential_carbon,757.35685961863,470.16239718385947,mean tonnes carbon per km2,7.0,0.07699999786913396
TZA,CHIC,agri_potential_carbon,5787.325987775252,128.48972773701746,mean tonnes carbon per km2,991.0,474.5719996888936
THA,CHIC,agri_potential_carbon,,,mean tonnes carbon per km2,,
TLS,CHIC,agri_potential_carbon,,,mean tonnes carbon per km2,,
TGO,CHIC,agri_potential_carbon,8534.586294481936,129.73809725583152,mean tonnes carbon per km2,598.0,13.39199998855591
TUV,CHIC,agri_potential_carbon,,,mean tonnes carbon per km2,,
UGA,CHIC,agri_potential_carbon,10259.175217414087,243.81937655134965,mean tonnes carbon per km2,120.0,77.03699854820968
URY,CHIC,agri_potential_carbon,,,mean tonnes carbon per km2,,
UZB,CHIC,agri_potential_carbon,1355.302019833543,30.070856874107562,mean tonnes carbon per km2,1215.0,21.4969999833405
VUT,CHIC,agri_potential_carbon,,,mean tonnes carbon per km2,,
VAT,CHIC,agri_potential_carbon,,,mean tonnes carbon per km2,,
VEN,CHIC,agri_potential_carbon,,,mean tonnes carbon per km2,,
VNM,CHIC,agri_potential_carbon,,,mean tonnes carbon per km2,,
ZMB,CHIC,agri_potential_carbon,7421.649574747966,376.3569548563641,mean tonnes carbon per km2,8.0,6.131999998092652
ZWE,CHIC,agri_potential_carbon,5511.949519575831,107.4727079980046,mean tonnes carbon per km2,741.0,1.5730000273883342
YEM,CHIC,agri_potential_carbon,637.6325382448856,79.41645875795005,mean tonnes carbon per km2,1561.0,187.58300001353024
UKR,CHIC,agri_potential_carbon,7511.476436277384,1692.5089697083592,mean tonnes carbon per km2,10.0,0.07799999997019769
BHR,CHIC,agri_potential_carbon,,,mean tonnes carbon per km2,,
KWT,CHIC,agri_potential_carbon,,,mean tonnes carbon per km2,,
QAT,CHIC,agri_potential_carbon,,,mean tonnes carbon per km2,,
ARE,CHIC,agri_potential_carbon,,,mean tonnes carbon per km2,,
TUR,CHIC,agri_potential_carbon,2985.196599749,38.39677034692231,mean tonnes carbon per km2,8904.0,4483.747997211964
ISR,CHIC,agri_potential_carbon,3053.835300460934,281.0984180596942,mean tonnes carbon per km2,116.0,44.392000211328266
BGD,CHIC,agri_potential_carbon,10608.43193978853,289.823120624813,mean tonnes carbon per km2,250.0,77.00999993361532
MMR,CHIC,agri_potential_carbon,6277.052202374289,186.54555686306128,mean tonnes carbon per km2,1926.0,3187.591997256204
IND,CHIC,agri_potential_carbon,4415.622287699954,37.80301109514472,mean tonnes carbon per km2,25145.0,77339.30795461618
BEN,CHIC,agri_potential_carbon,6243.169648340352,1200.8977539663078,mean tonnes carbon per km2,2.0,0.02400000035762787
NER,CHIC,agri_potential_carbon,1391.7683520265991,74.10455519950281,mean tonnes carbon per km2,2313.0,3.931000049635768
NGA,CHIC,agri_potential_carbon,1695.9807098237113,471.8264230701979,mean tonnes carbon per km2,8.0,0.009000000134110453
111,CHIC,agri_potential_carbon,,,mean tonnes carbon per km2,,
112,CHIC,agri_potential_carbon,,,mean tonnes carbon per km2,,
113,CHIC,agri_potential_carbon,,,mean tonnes carbon per km2,,
114,CHIC,agri_potential_carbon,,,mean tonnes carbon per km2,,
115,CHIC,agri_potential_carbon,,,mean tonnes carbon per km2,,
116,CHIC,agri_potential_carbon,,,mean tonnes carbon per km2,,
117,CHIC,agri_potential_carbon,,,mean tonnes carbon per km2,,
118,CHIC,agri_potential_carbon,,,mean tonnes carbon per km2,,
119,CHIC,agri_potential_carbon,,,mean tonnes carbon per km2,,
120,CHIC,agri_potential_carbon,,,mean tonnes carbon per km2,,
121,CHIC,agri_potential_carbon,,,mean tonnes carbon per km2,,
122,CHIC,agri_potential_carbon,,,mean tonnes carbon per km2,,
123,CHIC,agri_potential_carbon,,,mean tonnes carbon per km2,,
124,CHIC,agri_potential_carbon,,,mean tonnes carbon per km2,,
125,CHIC,agri_potential_carbon,,,mean tonnes carbon per km2,,
126,CHIC,agri_potential_carbon,,,mean tonnes carbon per km2,,
127,CHIC,agri_potential_carbon,,,mean tonnes carbon per km2,,
128,CHIC,agri_potential_carbon,,,mean tonnes carbon per km2,,
129,CHIC,agri_potential_carbon,,,mean tonnes carbon per km2,,
ESH,CHIC,agri_potential_carbon,,,mean tonnes carbon per km2,,
AFG,TOBA,agri_potential_carbon,225.44399082310497,1583.4665471994933,mean tonnes carbon per km2,3.0,0.02200000025331974
GBR,TOBA,agri_potential_carbon,,,mean tonnes carbon per km2,,
ALB,TOBA,agri_potential_carbon,6556.55396210244,392.8672684596544,mean tonnes carbon per km2,143.0,11.604999949410558
DZA,TOBA,agri_potential_carbon,3004.915731003013,229.40163735698192,mean tonnes carbon per km2,712.0,44.16900006614625
USA,TOBA,agri_potential_carbon,9510.721760138036,100.60679903350078,mean tonnes carbon per km2,5523.0,1246.906000406444
ATA,TOBA,agri_potential_carbon,,,mean tonnes carbon per km2,,
ATG,TOBA,agri_potential_carbon,,,mean tonnes carbon per km2,,
ARG,TOBA,agri_potential_carbon,5622.915778285977,260.6610399988888,mean tonnes carbon per km2,1152.0,696.3949980198591
AND,TOBA,agri_potential_carbon,,,mean tonnes carbon per km2,,
AGO,TOBA,agri_potential_carbon,7392.414703571987,200.12924072818592,mean tonnes carbon per km2,3313.0,26.737000211328272
ARM,TOBA,agri_potential_carbon,3470.3849704855365,245.03396365958827,mean tonnes carbon per km2,135.0,4.134000017568469
NLD,TOBA,agri_potential_carbon,10083.436091296197,0.0,mean tonnes carbon per km2,1.0,0.0010000000149011613
AUS,TOBA,agri_potential_carbon,5498.4488470743,99.79041536232982,mean tonnes carbon per km2,2722.0,9.450000124871732
AUT,TOBA,agri_potential_carbon,8581.036834491726,237.60270470070355,mean tonnes carbon per km2,150.0,0.37000000514090065
AZE,TOBA,agri_potential_carbon,1730.7992509922549,652.9363772242763,mean tonnes carbon per km2,29.0,13.45000005953014
BHS,TOBA,agri_potential_carbon,,,mean tonnes carbon per km2,,
BRB,TOBA,agri_potential_carbon,,,mean tonnes carbon per km2,,
BLR,TOBA,agri_potential_carbon,,,mean tonnes carbon per km2,,
BEL,TOBA,agri_potential_carbon,13465.262725981707,168.09771887987392,mean tonnes carbon per km2,253.0,0.6280000109970569
BLZ,TOBA,agri_potential_carbon,,,mean tonnes carbon per km2,,
BTN,TOBA,agri_potential_carbon,6879.935048170204,2145.2065078031183,mean tonnes carbon per km2,18.0,0.9439999882131815
BOL,TOBA,agri_potential_carbon,6731.17054339853,129.10731399877673,mean tonnes carbon per km2,1323.0,9.43100001268089
BIH,TOBA,agri_potential_carbon,8232.140039391743,124.4535655072331,mean tonnes carbon per km2,401.0,15.225000003576277
BWA,TOBA,agri_potential_carbon,,,mean tonnes carbon per km2,,
NOR,TOBA,agri_potential_carbon,,,mean tonnes carbon per km2,,
COL,TOBA,agri_potential_carbon,9595.981967311705,545.8166261321695,mean tonnes carbon per km2,407.0,86.07600034341216
COM,TOBA,agri_potential_carbon,,,mean tonnes carbon per km2,,
BRA,TOBA,agri_potential_carbon,6414.264348311334,114.63713480489079,mean tonnes carbon per km2,5285.0,4491.724000830352
FRA,TOBA,agri_potential_carbon,11039.490786862998,90.19490531302456,mean tonnes carbon per km2,3632.0,65.3859999896586
COD,TOBA,agri_potential_carbon,12619.546893070798,89.69001434925089,mean tonnes carbon per km2,5041.0,73.15000003390014
COG,TOBA,agri_potential_carbon,12087.301487604711,408.45166409053013,mean tonnes carbon per km2,344.0,3.71900001809001
NZL,TOBA,agri_potential_carbon,,,mean tonnes carbon per km2,,
BRN,TOBA,agri_potential_carbon,,,mean tonnes carbon per km2,,
BGR,TOBA,agri_potential_carbon,6223.533385474081,59.44967229244714,mean tonnes carbon per km2,1316.0,247.7860000090301
BFA,TOBA,agri_potential_carbon,4031.7619451606042,46.97836520101885,mean tonnes carbon per km2,1797.0,10.37800009161234
BDI,TOBA,agri_potential_carbon,10800.315175205546,203.41554682195545,mean tonnes carbon per km2,248.0,17.98900008328259
CPV,TOBA,agri_potential_carbon,,,mean tonnes carbon per km2,,
KHM,TOBA,agri_potential_carbon,14751.60497567498,242.4544049630727,mean tonnes carbon per km2,341.0,94.54800016954542
CMR,TOBA,agri_potential_carbon,7047.722493942063,156.00381629588256,mean tonnes carbon per km2,2027.0,36.258000023290506
CAN,TOBA,agri_potential_carbon,12941.331164041232,377.98783222817286,mean tonnes carbon per km2,146.0,125.62499911785125
CRI,TOBA,agri_potential_carbon,9674.57977702873,1529.5308141091564,mean tonnes carbon per km2,9.0,0.45900000050663947
CIV,TOBA,agri_potential_carbon,14604.110742553228,121.40577796860309,mean tonnes carbon per km2,2513.0,176.8779999025166
HRV,TOBA,agri_potential_carbon,8651.248997700048,248.1109689679829,mean tonnes carbon per km2,350.0,53.264000004902485
CUB,TOBA,agri_potential_carbon,12923.697042775282,195.60463785798066,mean tonnes carbon per km2,859.0,193.7110000076145
CAF,TOBA,agri_potential_carbon,8359.378637620237,317.0816261747271,mean tonnes carbon per km2,462.0,2.6380000171065334
TCD,TOBA,agri_potential_carbon,2681.4537780132123,131.7882658332893,mean tonnes carbon per km2,1100.0,1.5440000226348638
CHL,TOBA,agri_potential_carbon,4310.044203688544,117.33628742207308,mean tonnes carbon per km2,716.0,21.56700001373887
CHN,TOBA,agri_potential_carbon,7413.827484934474,53.51813745982095,mean tonnes carbon per km2,25208.0,13935.384983948545
CYP,TOBA,agri_potential_carbon,2925.8886736677605,318.3617722205338,mean tonnes carbon per km2,70.0,0.21900000184774399
CZE,TOBA,agri_potential_carbon,,,mean tonnes carbon per km2,,
DNK,TOBA,agri_potential_carbon,15176.25319443627,0.0,mean tonnes carbon per km2,1.0,0.05
DJI,TOBA,agri_potential_carbon,,,mean tonnes carbon per km2,,
DMA,TOBA,agri_potential_carbon,,,mean tonnes carbon per km2,,
DOM,TOBA,agri_potential_carbon,5751.965418644137,437.8259370832003,mean tonnes carbon per km2,131.0,93.40000006437302
ECU,TOBA,agri_potential_carbon,10500.543363894769,333.40388067043824,mean tonnes carbon per km2,360.0,42.32599999308586
EGY,TOBA,agri_potential_carbon,,,mean tonnes carbon per km2,,
SLV,TOBA,agri_potential_carbon,9950.605130678188,174.0354329084205,mean tonnes carbon per km2,236.0,8.13599999293685
GNQ,TOBA,agri_potential_carbon,,,mean tonnes carbon per km2,,
ERI,TOBA,agri_potential_carbon,,,mean tonnes carbon per km2,,
EST,TOBA,agri_potential_carbon,,,mean tonnes carbon per km2,,
ETH,TOBA,agri_potential_carbon,7224.5725318687,116.96420578420349,mean tonnes carbon per km2,2985.0,37.142000121697784
FJI,TOBA,agri_potential_carbon,12774.903992556741,1018.6211481070234,mean tonnes carbon per km2,33.0,5.34899997524917
FIN,TOBA,agri_potential_carbon,,,mean tonnes carbon per km2,,
GAB,TOBA,agri_potential_carbon,,,mean tonnes carbon per km2,,
GMB,TOBA,agri_potential_carbon,,,mean tonnes carbon per km2,,
MAR,TOBA,agri_potential_carbon,5085.695221800594,130.05666672965785,mean tonnes carbon per km2,127.0,8.067000017464162
MOZ,TOBA,agri_potential_carbon,6908.650204201285,64.66928529897999,mean tonnes carbon per km2,4982.0,513.360999525562
NAM,TOBA,agri_potential_carbon,,,mean tonnes carbon per km2,,
GEO,TOBA,agri_potential_carbon,8564.745976621292,1383.2786170170755,mean tonnes carbon per km2,42.0,5.932999927997589
DEU,TOBA,agri_potential_carbon,12997.179557984222,436.3509623151251,mean tonnes carbon per km2,876.0,26.171000011786823
GHA,TOBA,agri_potential_carbon,6874.960533122559,210.24194776223126,mean tonnes carbon per km2,296.0,52.31400007970631
GRC,TOBA,agri_potential_carbon,4775.211139976618,130.34868811808343,mean tonnes carbon per km2,927.0,151.14199991844595
GRL,TOBA,agri_potential_carbon,,,mean tonnes carbon per km2,,
GRD,TOBA,agri_potential_carbon,13481.812930353624,0.0,mean tonnes carbon per km2,1.0,0.10600000381469726
NRU,TOBA,agri_potential_carbon,,,mean tonnes carbon per km2,,
GTM,TOBA,agri_potential_carbon,9329.196043919088,295.94126586729334,mean tonnes carbon per km2,157.0,117.62000019557772
NPL,TOBA,agri_potential_carbon,8425.945209614338,344.4625322148188,mean tonnes carbon per km2,547.0,19.78000004597008
GIN,TOBA,agri_potential_carbon,10030.1461645637,208.7240284240104,mean tonnes carbon per km2,1279.0,16.736999996155504
GNB,TOBA,agri_potential_carbon,9516.666666666668,0.0,mean tonnes carbon per km2,1.0,0.0020000000298023225
GUY,TOBA,agri_potential_carbon,9121.674388977295,631.8773625316336,mean tonnes carbon per km2,169.0,0.7240000078082086
HTI,TOBA,agri_potential_carbon,10289.178504447624,200.14549794696907,mean tonnes carbon per km2,300.0,4.487999999374152
JOR,TOBA,agri_potential_carbon,1394.9253985934838,181.55422689578177,mean tonnes carbon per km2,9.0,25.540000286102295
HND,TOBA,agri_potential_carbon,10107.090851942177,150.88632570501352,mean tonnes carbon per km2,386.0,37.20499994724989
HUN,TOBA,agri_potential_carbon,5975.628448999865,184.94207554360202,mean tonnes carbon per km2,483.0,60.957000161334875
ISL,TOBA,agri_potential_carbon,,,mean tonnes carbon per km2,,
IDN,TOBA,agri_potential_carbon,9132.505486002428,325.1363952729666,mean tonnes carbon per km2,2450.0,2137.558005256057
IRN,TOBA,agri_potential_carbon,1741.8631162979043,116.61297905356696,mean tonnes carbon per km2,2156.0,99.32399995043875
IRQ,TOBA,agri_potential_carbon,2594.675893258077,139.80510252011982,mean tonnes carbon per km2,156.0,24.095999899506566
IRL,TOBA,agri_potential_carbon,,,mean tonnes carbon per km2,,
KAZ,TOBA,agri_potential_carbon,2756.4986986870226,81.32620055400308,mean tonnes carbon per km2,1152.0,27.954999953955415
KEN,TOBA,agri_potential_carbon,9831.462657970089,361.93690215617454,mean tonnes carbon per km2,465.0,175.4710004159063
KIR,TOBA,agri_potential_carbon,,,mean tonnes carbon per km2,,
PRK,TOBA,agri_potential_carbon,8731.024247069065,54.50452787896327,mean tonnes carbon per km2,1113.0,505.35699967332187
KOR,TOBA,agri_potential_carbon,7716.341751344997,148.88364407178761,mean tonnes carbon per km2,1161.0,134.15700007669628
XKX,TOBA,agri_potential_carbon,7438.705265738485,184.96930880298365,mean tonnes carbon per km2,66.0,0.06800000101327897
SRB,TOBA,agri_potential_carbon,4798.012815416426,83.79613899127654,mean tonnes carbon per km2,904.0,62.08299998208881
SYC,TOBA,agri_potential_carbon,,,mean tonnes carbon per km2,,
SLE,TOBA,agri_potential_carbon,15419.699091755614,185.75102692685866,mean tonnes carbon per km2,206.0,0.36300000563263896
SGP,TOBA,agri_potential_carbon,,,mean tonnes carbon per km2,,
ITA,TOBA,agri_potential_carbon,6633.065916050539,154.9064856736748,mean tonnes carbon per km2,1863.0,260.55500024706123
JAM,TOBA,agri_potential_carbon,10400.272833313193,630.6494855335335,mean tonnes carbon per km2,122.0,9.190999996885656
JPN,TOBA,agri_potential_carbon,7748.629819968404,234.15623749861842,mean tonnes carbon per km2,1880.0,143.56800004370513
KGZ,TOBA,agri_potential_carbon,2074.1884115513276,147.3364631917251,mean tonnes carbon per km2,351.0,42.08600003808736
LAO,TOBA,agri_potential_carbon,13372.569256095467,205.41052431344983,mean tonnes carbon per km2,1374.0,71.32100007534027
LVA,TOBA,agri_potential_carbon,,,mean tonnes carbon per km2,,
LBN,TOBA,agri_potential_carbon,4589.634005127181,415.89190180524093,mean tonnes carbon per km2,59.0,81.57699980258941
LSO,TOBA,agri_potential_carbon,,,mean tonnes carbon per km2,,
LBR,TOBA,agri_potential_carbon,,,mean tonnes carbon per km2,,
LBY,TOBA,agri_potential_carbon,2494.186529272341,174.28351315932758,mean tonnes carbon per km2,541.0,6.792000026032329
LIE,TOBA,agri_potential_carbon,,,mean tonnes carbon per km2,,
LTU,TOBA,agri_potential_carbon,,,mean tonnes carbon per km2,,
LUX,TOBA,agri_potential_carbon,,,mean tonnes carbon per km2,,
MCO,TOBA,agri_potential_carbon,,,mean tonnes carbon per km2,,
MNG,TOBA,agri_potential_carbon,,,mean tonnes carbon per km2,,
MNE,TOBA,agri_potential_carbon,7862.524529419711,517.803901867372,mean tonnes carbon per km2,29.0,1.242000007107854
MKD,TOBA,agri_potential_carbon,5104.230707496108,312.6235829359385,mean tonnes carbon per km2,148.0,192.60299978375434
MDG,TOBA,agri_potential_carbon,8031.676723905266,262.8981246737388,mean tonnes carbon per km2,516.0,19.48900001719594
MWI,TOBA,agri_potential_carbon,6614.294411233772,71.787994503595,mean tonnes carbon per km2,792.0,1675.547005054355
MYS,TOBA,agri_potential_carbon,13280.318831877348,242.87037862686316,mean tonnes carbon per km2,1677.0,45.12999980978668
MDV,TOBA,agri_potential_carbon,,,mean tonnes carbon per km2,,
MLI,TOBA,agri_potential_carbon,2983.46935139063,61.27734344591545,mean tonnes carbon per km2,2125.0,10.350000069960952
MLT,TOBA,agri_potential_carbon,,,mean tonnes carbon per km2,,
MHL,TOBA,agri_potential_carbon,,,mean tonnes carbon per km2,,
MRT,TOBA,agri_potential_carbon,,,mean tonnes carbon per km2,,
MUS,TOBA,agri_potential_carbon,10465.941455703072,1216.6060978849478,mean tonnes carbon per km2,23.0,2.0839999970793723
MEX,TOBA,agri_potential_carbon,15451.507992660157,1242.6145544705294,mean tonnes carbon per km2,239.0,42.41100007727743
FSM,TOBA,agri_potential_carbon,,,mean tonnes carbon per km2,,
MDA,TOBA,agri_potential_carbon,5309.1806917694375,157.17895716795246,mean tonnes carbon per km2,324.0,35.24100021764636
NIC,TOBA,agri_potential_carbon,9057.184705830501,250.72522168330408,mean tonnes carbon per km2,109.0,23.017000034302473
OMN,TOBA,agri_potential_carbon,218.61436787257554,181.49013659741146,mean tonnes carbon per km2,10.0,2.589000072479248
PAK,TOBA,agri_potential_carbon,2267.2903128851,172.51419783466085,mean tonnes carbon per km2,852.0,522.4969960349052
PLW,TOBA,agri_potential_carbon,,,mean tonnes carbon per km2,,
PAN,TOBA,agri_potential_carbon,13112.89746190692,463.5642789610259,mean tonnes carbon per km2,57.0,14.154999954327941
PNG,TOBA,agri_potential_carbon,,,mean tonnes carbon per km2,,
PRY,TOBA,agri_potential_carbon,7435.241768895541,102.3837678062785,mean tonnes carbon per km2,1196.0,30.37300007984042
PER,TOBA,agri_potential_carbon,1024.9466019852541,618.0930987662829,mean tonnes carbon per km2,161.0,5.113999984711409
PHL,TOBA,agri_potential_carbon,12784.54596148176,266.9048254642017,mean tonnes carbon per km2,1140.0,280.1319998569786
POL,TOBA,agri_potential_carbon,15055.835618630825,220.40565399919822,mean tonnes carbon per km2,1123.0,161.70699984677137
PRT,TOBA,agri_potential_carbon,7674.098188963611,452.6826562802291,mean tonnes carbon per km2,737.0,4.128000014647841
ROU,TOBA,agri_potential_carbon,4649.417071751035,159.49566241449574,mean tonnes carbon per km2,2070.0,14.913000061511994
RUS,TOBA,agri_potential_carbon,6158.0229938999855,538.1126688667355,mean tonnes carbon per km2,3.0,0.06699999928474426
RWA,TOBA,agri_potential_carbon,11987.995416096379,400.60067636407234,mean tonnes carbon per km2,164.0,42.0639997728169
WSM,TOBA,agri_potential_carbon,,,mean tonnes carbon per km2,,
SMR,TOBA,agri_potential_carbon,,,mean tonnes carbon per km2,,
TON,TOBA,agri_potential_carbon,,,mean tonnes carbon per km2,,
TTO,TOBA,agri_potential_carbon,11955.734881825014,1198.5736127952534,mean tonnes carbon per km2,34.0,1.3720000059902668
TUN,TOBA,agri_potential_carbon,2066.644669154167,158.59650082858963,mean tonnes carbon per km2,978.0,12.81699998922646
TKM,TOBA,agri_potential_carbon,999.1255687641923,33.794972205301896,mean tonnes carbon per km2,234.0,14.47500000834465
STP,TOBA,agri_potential_carbon,,,mean tonnes carbon per km2,,
SAU,TOBA,agri_potential_carbon,,,mean tonnes carbon per km2,,
SEN,TOBA,agri_potential_carbon,6381.750833706901,2208.4288418564715,mean tonnes carbon per km2,2.0,0.006000000014901161
SVK,TOBA,agri_potential_carbon,8207.306595934991,226.86014461519042,mean tonnes carbon per km2,56.0,0.057000000849366184
SVN,TOBA,agri_potential_carbon,,,mean tonnes carbon per km2,,
SLB,TOBA,agri_potential_carbon,5674.7373137801,776.4236442529575,mean tonnes carbon per km2,92.0,0.3300000056624413
SOM,TOBA,agri_potential_carbon,1740.4898126695653,133.79767543899786,mean tonnes carbon per km2,260.0,3.2579999898374084
ZAF,TOBA,agri_potential_carbon,4748.27147100773,104.60723323311903,mean tonnes carbon per km2,3289.0,42.05199998356402
SSD,TOBA,agri_potential_carbon,11085.428951905213,5545.862454531067,mean tonnes carbon per km2,2.0,0.09199999630451201
ESP,TOBA,agri_potential_carbon,7711.491756868026,182.87731340316728,mean tonnes carbon per km2,2661.0,101.3390000011772
LKA,TOBA,agri_potential_carbon,10421.394359447922,428.8418799856502,mean tonnes carbon per km2,525.0,21.633000125437974
KNA,TOBA,agri_potential_carbon,,,mean tonnes carbon per km2,,
LCA,TOBA,agri_potential_carbon,,,mean tonnes carbon per km2,,
VCT,TOBA,agri_potential_carbon,12604.873720600328,4323.1235409980945,mean tonnes carbon per km2,3.0,0.2700000017881393
SDN,TOBA,agri_potential_carbon,,,mean tonnes carbon per km2,,
SUR,TOBA,agri_potential_carbon,,,mean tonnes carbon per km2,,
SWZ,TOBA,agri_potential_carbon,6248.498697501805,498.164448848414,mean tonnes carbon per km2,50.0,2.5259999668598176
SWE,TOBA,agri_potential_carbon,,,mean tonnes carbon per km2,,
CHE,TOBA,agri_potential_carbon,12124.705471670413,498.594585901974,mean tonnes carbon per km2,68.0,5.57399994045496
SYR,TOBA,agri_potential_carbon,1930.1707908233734,99.47070664063118,mean tonnes carbon per km2,640.0,122.89500013679266
TWN,TOBA,agri_potential_carbon,17404.53508048931,1653.435997673155,mean tonnes carbon per km2,64.0,8.059999958351256
TJK,TOBA,agri_potential_carbon,999.1486167469313,106.58679435666917,mean tonnes carbon per km2,275.0,3.586000007838011
TZA,TOBA,agri_potential_carbon,9801.942715759582,134.18532608378018,mean tonnes carbon per km2,2076.0,934.9360022880137
THA,TOBA,agri_potential_carbon,9348.225047290442,81.1869096333929,mean tonnes carbon per km2,4137.0,311.27700025260447
TLS,TOBA,agri_potential_carbon,,,mean tonnes carbon per km2,,
TGO,TOBA,agri_potential_carbon,9191.472254733171,258.2957924954264,mean tonnes carbon per km2,565.0,41.789999885484576
TUV,TOBA,agri_potential_carbon,,,mean tonnes carbon per km2,,
UGA,TOBA,agri_potential_carbon,9447.202102274,110.30565290132786,mean tonnes carbon per km2,1714.0,178.35200031362473
URY,TOBA,agri_potential_carbon,2482.00116137825,69.55218933980659,mean tonnes carbon per km2,1249.0,8.296000034287573
UZB,TOBA,agri_potential_carbon,1323.1341742159598,18.053817549811754,mean tonnes carbon per km2,1404.0,98.18899987481535
VUT,TOBA,agri_potential_carbon,,,mean tonnes carbon per km2,,
VAT,TOBA,agri_potential_carbon,,,mean tonnes carbon per km2,,
VEN,TOBA,agri_potential_carbon,6881.487856584387,575.977350745543,mean tonnes carbon per km2,268.0,23.60699992068112
VNM,TOBA,agri_potential_carbon,12653.706248428842,142.55383663785048,mean tonnes carbon per km2,3315.0,257.9070002412051
ZMB,TOBA,agri_potential_carbon,6919.981753659785,83.73026423160755,mean tonnes carbon per km2,1915.0,628.7180004641414
ZWE,TOBA,agri_potential_carbon,6499.03432179946,65.15662889435839,mean tonnes carbon per km2,2184.0,1010.2899994062632
YEM,TOBA,agri_potential_carbon,105.64748136752279,65.16042335382328,mean tonnes carbon per km2,291.0,101.87200037375092
UKR,TOBA,agri_potential_carbon,4960.0681860310115,682.958120372157,mean tonnes carbon per km2,418.0,0.6929999989271163
BHR,TOBA,agri_potential_carbon,,,mean tonnes carbon per km2,,
KWT,TOBA,agri_potential_carbon,,,mean tonnes carbon per km2,,
QAT,TOBA,agri_potential_carbon,,,mean tonnes carbon per km2,,
ARE,TOBA,agri_potential_carbon,260.4105676977862,251.8171284073649,mean tonnes carbon per km2,7.0,0.2699999967217446
TUR,TOBA,agri_potential_carbon,3859.6358475061515,65.33458492961626,mean tonnes carbon per km2,2907.0,913.9740007145703
ISR,TOBA,agri_potential_carbon,3571.6699935389374,293.6413399432486,mean tonnes carbon per km2,54.0,0.08500000201165678
BGD,TOBA,agri_potential_carbon,9338.70385398223,317.59093241522277,mean tonnes carbon per km2,332.0,393.18800139822065
MMR,TOBA,agri_potential_carbon,7168.05366174288,204.63846301532809,mean tonnes carbon per km2,2039.0,164.837000099048
IND,TOBA,agri_potential_carbon,5802.726253780002,129.1462796763493,mean tonnes carbon per km2,12994.0,4404.329998372794
BEN,TOBA,agri_potential_carbon,6193.174101685121,109.48899235635312,mean tonnes carbon per km2,192.0,4.673999988064169
NER,TOBA,agri_potential_carbon,2895.554494833458,82.41395407512235,mean tonnes carbon per km2,792.0,9.864999969750643
NGA,TOBA,agri_potential_carbon,7189.904918768488,194.35829399459112,mean tonnes carbon per km2,814.0,146.41499993875624
111,TOBA,agri_potential_carbon,,,mean tonnes carbon per km2,,
112,TOBA,agri_potential_carbon,,,mean tonnes carbon per km2,,
113,TOBA,agri_potential_carbon,,,mean tonnes carbon per km2,,
114,TOBA,agri_potential_carbon,,,mean tonnes carbon per km2,,
115,TOBA,agri_potential_carbon,,,mean tonnes carbon per km2,,
116,TOBA,agri_potential_carbon,,,mean tonnes carbon per km2,,
117,TOBA,agri_potential_carbon,,,mean tonnes carbon per km2,,
118,TOBA,agri_potential_carbon,,,mean tonnes carbon per km2,,
119,TOBA,agri_potential_carbon,,,mean tonnes carbon per km2,,
120,TOBA,agri_potential_carbon,,,mean tonnes carbon per km2,,
121,TOBA,agri_potential_carbon,,,mean tonnes carbon per km2,,
122,TOBA,agri_potential_carbon,,,mean tonnes carbon per km2,,
123,TOBA,agri_potential_carbon,,,mean tonnes carbon per km2,,
124,TOBA,agri_potential_carbon,,,mean tonnes carbon per km2,,
125,TOBA,agri_potential_carbon,,,mean tonnes carbon per km2,,
126,TOBA,agri_potential_carbon,,,mean tonnes carbon per km2,,
127,TOBA,agri_potential_carbon,,,mean tonnes carbon per km2,,
128,TOBA,agri_potential_carbon,,,mean tonnes carbon per km2,,
129,TOBA,agri_potential_carbon,,,mean tonnes carbon per km2,,
ESH,TOBA,agri_potential_carbon,,,mean tonnes carbon per km2,,
AFG,PMIL,agri_potential_carbon,506.13151880878377,1262.1558747247284,mean tonnes carbon per km2,6.0,0.021000000759959222
GBR,PMIL,agri_potential_carbon,,,mean tonnes carbon per km2,,
ALB,PMIL,agri_potential_carbon,3853.3115406479405,0.0,mean tonnes carbon per km2,1.0,0.0020000000298023225
DZA,PMIL,agri_potential_carbon,2007.7125359132783,0.0,mean tonnes carbon per km2,1.0,0.004000000059604645
USA,PMIL,agri_potential_carbon,,,mean tonnes carbon per km2,,
ATA,PMIL,agri_potential_carbon,,,mean tonnes carbon per km2,,
ATG,PMIL,agri_potential_carbon,,,mean tonnes carbon per km2,,
ARG,PMIL,agri_potential_carbon,,,mean tonnes carbon per km2,,
AND,PMIL,agri_potential_carbon,,,mean tonnes carbon per km2,,
AGO,PMIL,agri_potential_carbon,7991.395005104796,86.45260709282167,mean tonnes carbon per km2,3437.0,1491.070001253113
ARM,PMIL,agri_potential_carbon,,,mean tonnes carbon per km2,,
NLD,PMIL,agri_potential_carbon,,,mean tonnes carbon per km2,,
AUS,PMIL,agri_potential_carbon,,,mean tonnes carbon per km2,,
AUT,PMIL,agri_potential_carbon,,,mean tonnes carbon per km2,,
AZE,PMIL,agri_potential_carbon,3725.4907882303805,392.69569811945195,mean tonnes carbon per km2,55.0,0.7600000014156103
BHS,PMIL,agri_potential_carbon,,,mean tonnes carbon per km2,,
BRB,PMIL,agri_potential_carbon,,,mean tonnes carbon per km2,,
BLR,PMIL,agri_potential_carbon,14144.056498554983,79.18521971437679,mean tonnes carbon per km2,3811.0,115.1660000181198
BEL,PMIL,agri_potential_carbon,,,mean tonnes carbon per km2,,
BLZ,PMIL,agri_potential_carbon,,,mean tonnes carbon per km2,,
BTN,PMIL,agri_potential_carbon,,,mean tonnes carbon per km2,,
BOL,PMIL,agri_potential_carbon,,,mean tonnes carbon per km2,,
BIH,PMIL,agri_potential_carbon,,,mean tonnes carbon per km2,,
BWA,PMIL,agri_potential_carbon,3690.395191742677,112.65745426736615,mean tonnes carbon per km2,490.0,90.01100025393069
NOR,PMIL,agri_potential_carbon,,,mean tonnes carbon per km2,,
COL,PMIL,agri_potential_carbon,,,mean tonnes carbon per km2,,
COM,PMIL,agri_potential_carbon,,,mean tonnes carbon per km2,,
BRA,PMIL,agri_potential_carbon,,,mean tonnes carbon per km2,,
FRA,PMIL,agri_potential_carbon,,,mean tonnes carbon per km2,,
COD,PMIL,agri_potential_carbon,10773.271309259515,82.23516506231734,mean tonnes carbon per km2,5372.0,558.9129996851832
COG,PMIL,agri_potential_carbon,9600.808332309174,780.8628578349203,mean tonnes carbon per km2,92.0,117.3049992469698
NZL,PMIL,agri_potential_carbon,,,mean tonnes carbon per km2,,
BRN,PMIL,agri_potential_carbon,,,mean tonnes carbon per km2,,
BGR,PMIL,agri_potential_carbon,,,mean tonnes carbon per km2,,
BFA,PMIL,agri_potential_carbon,2598.90765422208,56.6641936194635,mean tonnes carbon per km2,2679.0,11651.854990250617
BDI,PMIL,agri_potential_carbon,,,mean tonnes carbon per km2,,
CPV,PMIL,agri_potential_carbon,,,mean tonnes carbon per km2,,
KHM,PMIL,agri_potential_carbon,,,mean tonnes carbon per km2,,
CMR,PMIL,agri_potential_carbon,5108.1448162915985,137.131256580654,mean tonnes carbon per km2,1649.0,672.0899997800589
CAN,PMIL,agri_potential_carbon,,,mean tonnes carbon per km2,,
CRI,PMIL,agri_potential_carbon,,,mean tonnes carbon per km2,,
CIV,PMIL,agri_potential_carbon,7918.747365143974,133.75968071002677,mean tonnes carbon per km2,1554.0,618.0870001553744
HRV,PMIL,agri_potential_carbon,,,mean tonnes carbon per km2,,
CUB,PMIL,agri_potential_carbon,,,mean tonnes carbon per km2,,
CAF,PMIL,agri_potential_carbon,5446.531926403353,241.22318517028233,mean tonnes carbon per km2,1115.0,49.119000020995735
TCD,PMIL,agri_potential_carbon,1870.89836229284,46.25714752834693,mean tonnes carbon per km2,4278.0,8731.851000126302
CHL,PMIL,agri_potential_carbon,,,mean tonnes carbon per km2,,
CHN,PMIL,agri_potential_carbon,5548.921557566493,42.25726558903724,mean tonnes carbon per km2,32590.0,7783.085008565039
CYP,PMIL,agri_potential_carbon,,,mean tonnes carbon per km2,,
CZE,PMIL,agri_potential_carbon,,,mean tonnes carbon per km2,,
DNK,PMIL,agri_potential_carbon,,,mean tonnes carbon per km2,,
DJI,PMIL,agri_potential_carbon,,,mean tonnes carbon per km2,,
DMA,PMIL,agri_potential_carbon,,,mean tonnes carbon per km2,,
DOM,PMIL,agri_potential_carbon,,,mean tonnes carbon per km2,,
ECU,PMIL,agri_potential_carbon,,,mean tonnes carbon per km2,,
EGY,PMIL,agri_potential_carbon,,,mean tonnes carbon per km2,,
SLV,PMIL,agri_potential_carbon,,,mean tonnes carbon per km2,,
GNQ,PMIL,agri_potential_carbon,,,mean tonnes carbon per km2,,
ERI,PMIL,agri_potential_carbon,1308.3825808201052,64.29360289794903,mean tonnes carbon per km2,485.0,683.6550000248105
EST,PMIL,agri_potential_carbon,,,mean tonnes carbon per km2,,
ETH,PMIL,agri_potential_carbon,1517.0873341906204,2341.3154847431747,mean tonnes carbon per km2,5.0,2.6990000066906217
FJI,PMIL,agri_potential_carbon,,,mean tonnes carbon per km2,,
FIN,PMIL,agri_potential_carbon,,,mean tonnes carbon per km2,,
GAB,PMIL,agri_potential_carbon,,,mean tonnes carbon per km2,,
GMB,PMIL,agri_potential_carbon,7725.495828875978,266.3189853801864,mean tonnes carbon per km2,123.0,1327.3930052185058
MAR,PMIL,agri_potential_carbon,4375.793686622175,162.33939372526197,mean tonnes carbon per km2,2229.0,26.65200007520616
MOZ,PMIL,agri_potential_carbon,6579.806736388038,41.90269533082308,mean tonnes carbon per km2,6094.0,1004.2730000849069
NAM,PMIL,agri_potential_carbon,2278.154649626414,108.9999789975541,mean tonnes carbon per km2,557.0,2122.165993309617
GEO,PMIL,agri_potential_carbon,,,mean tonnes carbon per km2,,
DEU,PMIL,agri_potential_carbon,13758.791558001209,0.0,mean tonnes carbon per km2,1.0,0.012999999523162841
GHA,PMIL,agri_potential_carbon,5730.105790057443,87.51494648922166,mean tonnes carbon per km2,838.0,1796.1629975894095
GRC,PMIL,agri_potential_carbon,6280.523972066065,165.61843364593366,mean tonnes carbon per km2,206.0,0.21600000336766245
GRL,PMIL,agri_potential_carbon,,,mean tonnes carbon per km2,,
GRD,PMIL,agri_potential_carbon,,,mean tonnes carbon per km2,,
NRU,PMIL,agri_potential_carbon,,,mean tonnes carbon per km2,,
GTM,PMIL,agri_potential_carbon,,,mean tonnes carbon per km2,,
NPL,PMIL,agri_potential_carbon,6224.695796923902,0.0,mean tonnes carbon per km2,1.0,0.14600000381469727
GIN,PMIL,agri_potential_carbon,9669.315802542173,91.6911577438584,mean tonnes carbon per km2,1707.0,1432.097001117766
GNB,PMIL,agri_potential_carbon,9937.44430967257,689.3939995769056,mean tonnes carbon per km2,286.0,115.93500023558735
GUY,PMIL,agri_potential_carbon,,,mean tonnes carbon per km2,,
HTI,PMIL,agri_potential_carbon,,,mean tonnes carbon per km2,,
JOR,PMIL,agri_potential_carbon,,,mean tonnes carbon per km2,,
HND,PMIL,agri_potential_carbon,,,mean tonnes carbon per km2,,
HUN,PMIL,agri_potential_carbon,,,mean tonnes carbon per km2,,
ISL,PMIL,agri_potential_carbon,,,mean tonnes carbon per km2,,
IDN,PMIL,agri_potential_carbon,,,mean tonnes carbon per km2,,
IRN,PMIL,agri_potential_carbon,,,mean tonnes carbon per km2,,
IRQ,PMIL,agri_potential_carbon,,,mean tonnes carbon per km2,,
IRL,PMIL,agri_potential_carbon,,,mean tonnes carbon per km2,,
KAZ,PMIL,agri_potential_carbon,1545.8759208420092,0.0,mean tonnes carbon per km2,1.0,0.04
KEN,PMIL,agri_potential_carbon,6992.553651701463,249.53511955944066,mean tonnes carbon per km2,1221.0,1033.2240018443763
KIR,PMIL,agri_potential_carbon,,,mean tonnes carbon per km2,,
PRK,PMIL,agri_potential_carbon,10462.599771184063,0.0,mean tonnes carbon per km2,1.0,0.28
KOR,PMIL,agri_potential_carbon,,,mean tonnes carbon per km2,,
XKX,PMIL,agri_potential_carbon,,,mean tonnes carbon per km2,,
SRB,PMIL,agri_potential_carbon,,,mean tonnes carbon per km2,,
SYC,PMIL,agri_potential_carbon,,,mean tonnes carbon per km2,,
SLE,PMIL,agri_potential_carbon,14492.404202961894,318.62232013603403,mean tonnes carbon per km2,224.0,195.0060006582737
SGP,PMIL,agri_potential_carbon,,,mean tonnes carbon per km2,,
ITA,PMIL,agri_potential_carbon,,,mean tonnes carbon per km2,,
JAM,PMIL,agri_potential_carbon,,,mean tonnes carbon per km2,,
JPN,PMIL,agri_potential_carbon,,,mean tonnes carbon per km2,,
KGZ,PMIL,agri_potential_carbon,,,mean tonnes carbon per km2,,
LAO,PMIL,agri_potential_carbon,,,mean tonnes carbon per km2,,
LVA,PMIL,agri_potential_carbon,7966.164517028672,903.4911976493022,mean tonnes carbon per km2,2.0,0.016999999582767485
LBN,PMIL,agri_potential_carbon,,,mean tonnes carbon per km2,,
LSO,PMIL,agri_potential_carbon,,,mean tonnes carbon per km2,,
LBR,PMIL,agri_potential_carbon,19900.0,0.0,mean tonnes carbon per km2,1.0,0.5029999923706054
LBY,PMIL,agri_potential_carbon,,,mean tonnes carbon per km2,,
LIE,PMIL,agri_potential_carbon,,,mean tonnes carbon per km2,,
LTU,PMIL,agri_potential_carbon,7625.068771854531,562.8111741537256,mean tonnes carbon per km2,4.0,0.07699999988079072
LUX,PMIL,agri_potential_carbon,,,mean tonnes carbon per km2,,
MCO,PMIL,agri_potential_carbon,,,mean tonnes carbon per km2,,
MNG,PMIL,agri_potential_carbon,,,mean tonnes carbon per km2,,
MNE,PMIL,agri_potential_carbon,,,mean tonnes carbon per km2,,
MKD,PMIL,agri_potential_carbon,5998.821080582562,468.43379964167156,mean tonnes carbon per km2,68.0,0.29200000442564483
MDG,PMIL,agri_potential_carbon,,,mean tonnes carbon per km2,,
MWI,PMIL,agri_potential_carbon,6422.839055273964,1095.5069942312098,mean tonnes carbon per km2,5.0,1.6740000319480894
MYS,PMIL,agri_potential_carbon,,,mean tonnes carbon per km2,,
MDV,PMIL,agri_potential_carbon,,,mean tonnes carbon per km2,,
MLI,PMIL,agri_potential_carbon,2165.986822361915,66.94960668477876,mean tonnes carbon per km2,4779.0,17482.2840079356
MLT,PMIL,agri_potential_carbon,,,mean tonnes carbon per km2,,
MHL,PMIL,agri_potential_carbon,,,mean tonnes carbon per km2,,
MRT,PMIL,agri_potential_carbon,2613.0985572589916,33.786968976632615,mean tonnes carbon per km2,801.0,81.10000025711953
MUS,PMIL,agri_potential_carbon,,,mean tonnes carbon per km2,,
MEX,PMIL,agri_potential_carbon,4540.864099562077,121.51806169108133,mean tonnes carbon per km2,244.0,6.249999798312782
FSM,PMIL,agri_potential_carbon,,,mean tonnes carbon per km2,,
MDA,PMIL,agri_potential_carbon,,,mean tonnes carbon per km2,,
NIC,PMIL,agri_potential_carbon,,,mean tonnes carbon per km2,,
OMN,PMIL,agri_potential_carbon,,,mean tonnes carbon per km2,,
PAK,PMIL,agri_potential_carbon,911.5887583045342,70.46477307649967,mean tonnes carbon per km2,2861.0,4718.362018204406
PLW,PMIL,agri_potential_carbon,,,mean tonnes carbon per km2,,
PAN,PMIL,agri_potential_carbon,,,mean tonnes carbon per km2,,
PNG,PMIL,agri_potential_carbon,,,mean tonnes carbon per km2,,
PRY,PMIL,agri_potential_carbon,,,mean tonnes carbon per km2,,
PER,PMIL,agri_potential_carbon,,,mean tonnes carbon per km2,,
PHL,PMIL,agri_potential_carbon,,,mean tonnes carbon per km2,,
POL,PMIL,agri_potential_carbon,15587.636984207726,942.0211635253086,mean tonnes carbon per km2,3.0,0.05700000047683716
PRT,PMIL,agri_potential_carbon,,,mean tonnes carbon per km2,,
ROU,PMIL,agri_potential_carbon,,,mean tonnes carbon per km2,,
RUS,PMIL,agri_potential_carbon,12260.15232064675,979.3405038984087,mean tonnes carbon per km2,4.0,0.13800000071525576
RWA,PMIL,agri_potential_carbon,,,mean tonnes carbon per km2,,
WSM,PMIL,agri_potential_carbon,,,mean tonnes carbon per km2,,
SMR,PMIL,agri_potential_carbon,,,mean tonnes carbon per km2,,
TON,PMIL,agri_potential_carbon,,,mean tonnes carbon per km2,,
TTO,PMIL,agri_potential_carbon,,,mean tonnes carbon per km2,,
TUN,PMIL,agri_potential_carbon,,,mean tonnes carbon per km2,,
TKM,PMIL,agri_potential_carbon,,,mean tonnes carbon per km2,,
STP,PMIL,agri_potential_carbon,,,mean tonnes carbon per km2,,
SAU,PMIL,agri_potential_carbon,,,mean tonnes carbon per km2,,
SEN,PMIL,agri_potential_carbon,5218.235481370202,111.13367664541921,mean tonnes carbon per km2,1521.0,9321.902992230207
SVK,PMIL,agri_potential_carbon,,,mean tonnes carbon per km2,,
SVN,PMIL,agri_potential_carbon,,,mean tonnes carbon per km2,,
SLB,PMIL,agri_potential_carbon,,,mean tonnes carbon per km2,,
SOM,PMIL,agri_potential_carbon,,,mean tonnes carbon per km2,,
ZAF,PMIL,agri_potential_carbon,6033.086702400527,130.74838772286927,mean tonnes carbon per km2,706.0,146.4979999296367
SSD,PMIL,agri_potential_carbon,4308.204448116683,75.46947264286044,mean tonnes carbon per km2,4125.0,1666.5160008514672
ESP,PMIL,agri_potential_carbon,3560.155029549205,0.0,mean tonnes carbon per km2,1.0,0.004000000059604645
LKA,PMIL,agri_potential_carbon,,,mean tonnes carbon per km2,,
KNA,PMIL,agri_potential_carbon,,,mean tonnes carbon per km2,,
LCA,PMIL,agri_potential_carbon,,,mean tonnes carbon per km2,,
VCT,PMIL,agri_potential_carbon,,,mean tonnes carbon per km2,,
SDN,PMIL,agri_potential_carbon,1242.1299184604648,30.77838023554254,mean tonnes carbon per km2,5288.0,20891.50700305365
SUR,PMIL,agri_potential_carbon,,,mean tonnes carbon per km2,,
SWZ,PMIL,agri_potential_carbon,,,mean tonnes carbon per km2,,
SWE,PMIL,agri_potential_carbon,,,mean tonnes carbon per km2,,
CHE,PMIL,agri_potential_carbon,12669.518863678655,259.6048951130703,mean tonnes carbon per km2,122.0,0.2860000051558018
SYR,PMIL,agri_potential_carbon,,,mean tonnes carbon per km2,,
TWN,PMIL,agri_potential_carbon,16135.975701206828,1422.2094115596465,mean tonnes carbon per km2,62.0,1.3209999853372576
TJK,PMIL,agri_potential_carbon,,,mean tonnes carbon per km2,,
TZA,PMIL,agri_potential_carbon,7147.484291841057,120.96616401035895,mean tonnes carbon per km2,1813.0,2447.95299872376
THA,PMIL,agri_potential_carbon,,,mean tonnes carbon per km2,,
TLS,PMIL,agri_potential_carbon,,,mean tonnes carbon per km2,,
TGO,PMIL,agri_potential_carbon,,,mean tonnes carbon per km2,,
TUV,PMIL,agri_potential_carbon,,,mean tonnes carbon per km2,,
UGA,PMIL,agri_potential_carbon,9408.27923574486,26.90768612622262,mean tonnes carbon per km2,2.0,1.060999984741211
URY,PMIL,agri_potential_carbon,,,mean tonnes carbon per km2,,
UZB,PMIL,agri_potential_carbon,,,mean tonnes carbon per km2,,
VUT,PMIL,agri_potential_carbon,,,mean tonnes carbon per km2,,
VAT,PMIL,agri_potential_carbon,,,mean tonnes carbon per km2,,
VEN,PMIL,agri_potential_carbon,,,mean tonnes carbon per km2,,
VNM,PMIL,agri_potential_carbon,,,mean tonnes carbon per km2,,
ZMB,PMIL,agri_potential_carbon,7330.137859112546,72.16291835607578,mean tonnes carbon per km2,3724.0,263.3639998367429
ZWE,PMIL,agri_potential_carbon,4537.983308051271,47.607611652681236,mean tonnes carbon per km2,2661.0,1861.2149981518837
YEM,PMIL,agri_potential_carbon,,,mean tonnes carbon per km2,,
UKR,PMIL,agri_potential_carbon,16069.34621082491,1607.5754244757075,mean tonnes carbon per km2,5.0,0.10399999886751174
BHR,PMIL,agri_potential_carbon,,,mean tonnes carbon per km2,,
KWT,PMIL,agri_potential_carbon,,,mean tonnes carbon per km2,,
QAT,PMIL,agri_potential_carbon,,,mean tonnes carbon per km2,,
ARE,PMIL,agri_potential_carbon,,,mean tonnes carbon per km2,,
TUR,PMIL,agri_potential_carbon,,,mean tonnes carbon per km2,,
ISR,PMIL,agri_potential_carbon,,,mean tonnes carbon per km2,,
BGD,PMIL,agri_potential_carbon,,,mean tonnes carbon per km2,,
MMR,PMIL,agri_potential_carbon,6900.0,0.0,mean tonnes carbon per km2,1.0,0.01600000023841858
IND,PMIL,agri_potential_carbon,1827.5096493594413,44.53692964961276,mean tonnes carbon per km2,22361.0,89499.74302285977
BEN,PMIL,agri_potential_carbon,6913.700390361263,157.4353363142389,mean tonnes carbon per km2,4.0,6.560000095367432
NER,PMIL,agri_potential_carbon,1854.311419938579,28.420174504023482,mean tonnes carbon per km2,3533.0,33464.41799839422
NGA,PMIL,agri_potential_carbon,4020.668454194578,48.112211446812246,mean tonnes carbon per km2,7849.0,34976.793026447216
111,PMIL,agri_potential_carbon,3748.830236973751,135.59069307029662,mean tonnes carbon per km2,51.0,1.7800000047683717
112,PMIL,agri_potential_carbon,,,mean tonnes carbon per km2,,
113,PMIL,agri_potential_carbon,,,mean tonnes carbon per km2,,
114,PMIL,agri_potential_carbon,,,mean tonnes carbon per km2,,
115,PMIL,agri_potential_carbon,,,mean tonnes carbon per km2,,
116,PMIL,agri_potential_carbon,,,mean tonnes carbon per km2,,
117,PMIL,agri_potential_carbon,,,mean tonnes carbon per km2,,
118,PMIL,agri_potential_carbon,,,mean tonnes carbon per km2,,
119,PMIL,agri_potential_carbon,,,mean tonnes carbon per km2,,
120,PMIL,agri_potential_carbon,,,mean tonnes carbon per km2,,
121,PMIL,agri_potential_carbon,,,mean tonnes carbon per km2,,
122,PMIL,agri_potential_carbon,,,mean tonnes carbon per km2,,
123,PMIL,agri_potential_carbon,,,mean tonnes carbon per km2,,
124,PMIL,agri_potential_carbon,,,mean tonnes carbon per km2,,
125,PMIL,agri_potential_carbon,,,mean tonnes carbon per km2,,
126,PMIL,agri_potential_carbon,,,mean tonnes carbon per km2,,
127,PMIL,agri_potential_carbon,,,mean tonnes carbon per km2,,
128,PMIL,agri_potential_carbon,,,mean tonnes carbon per km2,,
129,PMIL,agri_potential_carbon,,,mean tonnes carbon per km2,,
ESH,PMIL,agri_potential_carbon,,,mean tonnes carbon per km2,,
AFG,SUGB,agri_potential_carbon,753.8053619617617,80.08128610715679,mean tonnes carbon per km2,2874.0,12.72200010739267
GBR,SUGB,agri_potential_carbon,18263.414214780227,156.2653598016552,mean tonnes carbon per km2,1110.0,1148.5219992667437
ALB,SUGB,agri_potential_carbon,6454.486401920632,162.935698493701,mean tonnes carbon per km2,409.0,19.742000003159042
DZA,SUGB,agri_potential_carbon,2007.7125359132783,0.0,mean tonnes carbon per km2,1.0,0.0020000000298023225
USA,SUGB,agri_potential_carbon,4475.583353025729,71.17628693322519,mean tonnes carbon per km2,6375.0,4735.683000682965
ATA,SUGB,agri_potential_carbon,,,mean tonnes carbon per km2,,
ATG,SUGB,agri_potential_carbon,,,mean tonnes carbon per km2,,
ARG,SUGB,agri_potential_carbon,0.04340429560434673,1.6748229240324148,mean tonnes carbon per km2,2.0,0.46899999260902403
AND,SUGB,agri_potential_carbon,,,mean tonnes carbon per km2,,
AGO,SUGB,agri_potential_carbon,,,mean tonnes carbon per km2,,
ARM,SUGB,agri_potential_carbon,4520.739595208438,213.1361783656014,mean tonnes carbon per km2,358.0,21.24399998381734
NLD,SUGB,agri_potential_carbon,10951.349479668028,175.30981319904785,mean tonnes carbon per km2,653.0,714.7660003190488
AUS,SUGB,agri_potential_carbon,,,mean tonnes carbon per km2,,
AUT,SUGB,agri_potential_carbon,12956.779377196428,219.02513832498084,mean tonnes carbon per km2,708.0,452.4540000047535
AZE,SUGB,agri_potential_carbon,1738.4563633203356,219.29057982467089,mean tonnes carbon per km2,337.0,75.54899980410933
BHS,SUGB,agri_potential_carbon,,,mean tonnes carbon per km2,,
BRB,SUGB,agri_potential_carbon,,,mean tonnes carbon per km2,,
BLR,SUGB,agri_potential_carbon,15571.512526912078,171.2762046063645,mean tonnes carbon per km2,1420.0,973.7789995262026
BEL,SUGB,agri_potential_carbon,13759.249029935418,158.0488119616569,mean tonnes carbon per km2,412.0,615.9530024594814
BLZ,SUGB,agri_potential_carbon,,,mean tonnes carbon per km2,,
BTN,SUGB,agri_potential_carbon,,,mean tonnes carbon per km2,,
BOL,SUGB,agri_potential_carbon,,,mean tonnes carbon per km2,,
BIH,SUGB,agri_potential_carbon,9557.81707844224,991.4273257808433,mean tonnes carbon per km2,365.0,1.4270000092685222
BWA,SUGB,agri_potential_carbon,,,mean tonnes carbon per km2,,
NOR,SUGB,agri_potential_carbon,,,mean tonnes carbon per km2,,
COL,SUGB,agri_potential_carbon,9137.489295357731,1814.1559124265993,mean tonnes carbon per km2,405.0,8.092000010311603
COM,SUGB,agri_potential_carbon,,,mean tonnes carbon per km2,,
BRA,SUGB,agri_potential_carbon,,,mean tonnes carbon per km2,,
FRA,SUGB,agri_potential_carbon,11990.69931238431,68.47160379269802,mean tonnes carbon per km2,5008.0,3830.906001766324
COD,SUGB,agri_potential_carbon,,,mean tonnes carbon per km2,,
COG,SUGB,agri_potential_carbon,,,mean tonnes carbon per km2,,
NZL,SUGB,agri_potential_carbon,,,mean tonnes carbon per km2,,
BRN,SUGB,agri_potential_carbon,,,mean tonnes carbon per km2,,
BGR,SUGB,agri_potential_carbon,8552.899096195604,1513.4841617629652,mean tonnes carbon per km2,4.0,0.4369999995827675
BFA,SUGB,agri_potential_carbon,4104.056605436884,1065.8640833642728,mean tonnes carbon per km2,4.0,0.010000000149011612
BDI,SUGB,agri_potential_carbon,,,mean tonnes carbon per km2,,
CPV,SUGB,agri_potential_carbon,,,mean tonnes carbon per km2,,
KHM,SUGB,agri_potential_carbon,,,mean tonnes carbon per km2,,
CMR,SUGB,agri_potential_carbon,,,mean tonnes carbon per km2,,
CAN,SUGB,agri_potential_carbon,4773.49854645078,51.55978973884665,mean tonnes carbon per km2,4089.0,114.14799991436303
CRI,SUGB,agri_potential_carbon,,,mean tonnes carbon per km2,,
CIV,SUGB,agri_potential_carbon,,,mean tonnes carbon per km2,,
HRV,SUGB,agri_potential_carbon,8973.872199664209,180.09487446167557,mean tonnes carbon per km2,500.0,228.67600027032194
CUB,SUGB,agri_potential_carbon,,,mean tonnes carbon per km2,,
CAF,SUGB,agri_potential_carbon,,,mean tonnes carbon per km2,,
TCD,SUGB,agri_potential_carbon,,,mean tonnes carbon per km2,,
CHL,SUGB,agri_potential_carbon,4029.2933148050997,87.07857709906159,mean tonnes carbon per km2,1032.0,163.23299973137676
CHN,SUGB,agri_potential_carbon,6120.980329197198,196.545221176957,mean tonnes carbon per km2,11619.0,2096.9590047239512
CYP,SUGB,agri_potential_carbon,,,mean tonnes carbon per km2,,
CZE,SUGB,agri_potential_carbon,12529.005358766904,175.48651776701556,mean tonnes carbon per km2,867.0,557.6439995002746
DNK,SUGB,agri_potential_carbon,13568.15707321071,268.6468658226909,mean tonnes carbon per km2,202.0,388.20999885082244
DJI,SUGB,agri_potential_carbon,,,mean tonnes carbon per km2,,
DMA,SUGB,agri_potential_carbon,,,mean tonnes carbon per km2,,
DOM,SUGB,agri_potential_carbon,,,mean tonnes carbon per km2,,
ECU,SUGB,agri_potential_carbon,9391.056928835038,258.0572216423172,mean tonnes carbon per km2,561.0,6.487000000178814
EGY,SUGB,agri_potential_carbon,2292.637721569002,143.57368674706984,mean tonnes carbon per km2,439.0,1324.0389998817443
SLV,SUGB,agri_potential_carbon,,,mean tonnes carbon per km2,,
GNQ,SUGB,agri_potential_carbon,,,mean tonnes carbon per km2,,
ERI,SUGB,agri_potential_carbon,,,mean tonnes carbon per km2,,
EST,SUGB,agri_potential_carbon,6875.319780254395,556.8424605845067,mean tonnes carbon per km2,5.0,0.04000000156462193
ETH,SUGB,agri_potential_carbon,,,mean tonnes carbon per km2,,
FJI,SUGB,agri_potential_carbon,,,mean tonnes carbon per km2,,
FIN,SUGB,agri_potential_carbon,15630.955270522443,242.2905278044583,mean tonnes carbon per km2,1078.0,144.33300016887486
GAB,SUGB,agri_potential_carbon,,,mean tonnes carbon per km2,,
GMB,SUGB,agri_potential_carbon,,,mean tonnes carbon per km2,,
MAR,SUGB,agri_potential_carbon,2986.3936016572115,196.7876365107748,mean tonnes carbon per km2,457.0,467.46800059698523
MOZ,SUGB,agri_potential_carbon,,,mean tonnes carbon per km2,,
NAM,SUGB,agri_potential_carbon,,,mean tonnes carbon per km2,,
GEO,SUGB,agri_potential_carbon,5989.7973034664,752.2100917987198,mean tonnes carbon per km2,2.0,0.11800000429153443
DEU,SUGB,agri_potential_carbon,13617.647133717284,62.505898506418575,mean tonnes carbon per km2,5736.0,3828.5310017613324
GHA,SUGB,agri_potential_carbon,,,mean tonnes carbon per km2,,
GRC,SUGB,agri_potential_carbon,4349.956378438828,135.2371804122024,mean tonnes carbon per km2,979.0,141.26300026886165
GRL,SUGB,agri_potential_carbon,,,mean tonnes carbon per km2,,
GRD,SUGB,agri_potential_carbon,,,mean tonnes carbon per km2,,
NRU,SUGB,agri_potential_carbon,,,mean tonnes carbon per km2,,
GTM,SUGB,agri_potential_carbon,,,mean tonnes carbon per km2,,
NPL,SUGB,agri_potential_carbon,,,mean tonnes carbon per km2,,
GIN,SUGB,agri_potential_carbon,7211.821764990744,277.621282228125,mean tonnes carbon per km2,2.0,0.0020000000298023225
GNB,SUGB,agri_potential_carbon,,,mean tonnes carbon per km2,,
GUY,SUGB,agri_potential_carbon,,,mean tonnes carbon per km2,,
HTI,SUGB,agri_potential_carbon,,,mean tonnes carbon per km2,,
JOR,SUGB,agri_potential_carbon,,,mean tonnes carbon per km2,,
HND,SUGB,agri_potential_carbon,,,mean tonnes carbon per km2,,
HUN,SUGB,agri_potential_carbon,7325.403031220322,107.22565190670743,mean tonnes carbon per km2,1327.0,141.60499999418855
ISL,SUGB,agri_potential_carbon,,,mean tonnes carbon per km2,,
IDN,SUGB,agri_potential_carbon,,,mean tonnes carbon per km2,,
IRN,SUGB,agri_potential_carbon,514.8698150430838,23.781037071135355,mean tonnes carbon per km2,3129.0,884.2769992841036
IRQ,SUGB,agri_potential_carbon,1531.646533374293,65.88621440405653,mean tonnes carbon per km2,776.0,13.867000053226949
IRL,SUGB,agri_potential_carbon,,,mean tonnes carbon per km2,,
KAZ,SUGB,agri_potential_carbon,3102.1324521981574,60.1826033414341,mean tonnes carbon per km2,2724.0,96.94900002010166
KEN,SUGB,agri_potential_carbon,,,mean tonnes carbon per km2,,
KIR,SUGB,agri_potential_carbon,,,mean tonnes carbon per km2,,
PRK,SUGB,agri_potential_carbon,,,mean tonnes carbon per km2,,
KOR,SUGB,agri_potential_carbon,,,mean tonnes carbon per km2,,
XKX,SUGB,agri_potential_carbon,11186.915381020906,0.0,mean tonnes carbon per km2,1.0,0.005
SRB,SUGB,agri_potential_carbon,3890.7091097582825,139.84369373741498,mean tonnes carbon per km2,712.0,611.2229990515114
SYC,SUGB,agri_potential_carbon,,,mean tonnes carbon per km2,,
SLE,SUGB,agri_potential_carbon,,,mean tonnes carbon per km2,,
SGP,SUGB,agri_potential_carbon,,,mean tonnes carbon per km2,,
ITA,SUGB,agri_potential_carbon,7168.0408892042105,98.32680740417167,mean tonnes carbon per km2,2862.0,616.2960003089161
JAM,SUGB,agri_potential_carbon,,,mean tonnes carbon per km2,,
JPN,SUGB,agri_potential_carbon,11807.607101315818,193.81984886669846,mean tonnes carbon per km2,944.0,624.210999643132
KGZ,SUGB,agri_potential_carbon,2672.474876230659,103.00674807865536,mean tonnes carbon per km2,285.0,70.44200010128318
LAO,SUGB,agri_potential_carbon,,,mean tonnes carbon per km2,,
LVA,SUGB,agri_potential_carbon,13501.52405427222,183.40018331957484,mean tonnes carbon per km2,1252.0,44.73900005243719
LBN,SUGB,agri_potential_carbon,5333.432958176908,357.67175116473067,mean tonnes carbon per km2,74.0,1.4580000059306621
LSO,SUGB,agri_potential_carbon,,,mean tonnes carbon per km2,,
LBR,SUGB,agri_potential_carbon,,,mean tonnes carbon per km2,,
LBY,SUGB,agri_potential_carbon,,,mean tonnes carbon per km2,,
LIE,SUGB,agri_potential_carbon,,,mean tonnes carbon per km2,,
LTU,SUGB,agri_potential_carbon,13172.167466723162,267.11419541482326,mean tonnes carbon per km2,513.0,161.38000023394824
LUX,SUGB,agri_potential_carbon,,,mean tonnes carbon per km2,,
MCO,SUGB,agri_potential_carbon,,,mean tonnes carbon per km2,,
MNG,SUGB,agri_potential_carbon,,,mean tonnes carbon per km2,,
MNE,SUGB,agri_potential_carbon,5409.736589666621,1810.369277529575,mean tonnes carbon per km2,3.0,0.006000000089406968
MKD,SUGB,agri_potential_carbon,4845.972587681178,566.7017844895057,mean tonnes carbon per km2,186.0,3.0569999916851525
MDG,SUGB,agri_potential_carbon,,,mean tonnes carbon per km2,,
MWI,SUGB,agri_potential_carbon,,,mean tonnes carbon per km2,,
MYS,SUGB,agri_potential_carbon,,,mean tonnes carbon per km2,,
MDV,SUGB,agri_potential_carbon,,,mean tonnes carbon per km2,,
MLI,SUGB,agri_potential_carbon,2692.653046246009,50.581205036380915,mean tonnes carbon per km2,2022.0,3.5370000694692134
MLT,SUGB,agri_potential_carbon,,,mean tonnes carbon per km2,,
MHL,SUGB,agri_potential_carbon,,,mean tonnes carbon per km2,,
MRT,SUGB,agri_potential_carbon,,,mean tonnes carbon per km2,,
MUS,SUGB,agri_potential_carbon,,,mean tonnes carbon per km2,,
MEX,SUGB,agri_potential_carbon,98.36361062312943,76.25647496567318,mean tonnes carbon per km2,15.0,0.281000002771616
FSM,SUGB,agri_potential_carbon,,,mean tonnes carbon per km2,,
MDA,SUGB,agri_potential_carbon,8068.232026979059,176.21712251716355,mean tonnes carbon per km2,181.0,235.41399949885903
NIC,SUGB,agri_potential_carbon,,,mean tonnes carbon per km2,,
OMN,SUGB,agri_potential_carbon,,,mean tonnes carbon per km2,,
PAK,SUGB,agri_potential_carbon,4179.710340006034,243.42089740701454,mean tonnes carbon per km2,16.0,15.0220000038296
PLW,SUGB,agri_potential_carbon,,,mean tonnes carbon per km2,,
PAN,SUGB,agri_potential_carbon,,,mean tonnes carbon per km2,,
PNG,SUGB,agri_potential_carbon,,,mean tonnes carbon per km2,,
PRY,SUGB,agri_potential_carbon,,,mean tonnes carbon per km2,,
PER,SUGB,agri_potential_carbon,,,mean tonnes carbon per km2,,
PHL,SUGB,agri_potential_carbon,,,mean tonnes carbon per km2,,
POL,SUGB,agri_potential_carbon,15025.108820876576,69.27307988306997,mean tonnes carbon per km2,5619.0,2031.2360003290325
PRT,SUGB,agri_potential_carbon,8750.572355618744,63.32262459880046,mean tonnes carbon per km2,1003.0,2.448000048473478
ROU,SUGB,agri_potential_carbon,7609.667470915336,114.72363256060183,mean tonnes carbon per km2,2391.0,205.00999987162652
RUS,SUGB,agri_potential_carbon,7258.88242937698,34.07313652894685,mean tonnes carbon per km2,25579.0,9694.50600376524
RWA,SUGB,agri_potential_carbon,,,mean tonnes carbon per km2,,
WSM,SUGB,agri_potential_carbon,,,mean tonnes carbon per km2,,
SMR,SUGB,agri_potential_carbon,,,mean tonnes carbon per km2,,
TON,SUGB,agri_potential_carbon,,,mean tonnes carbon per km2,,
TTO,SUGB,agri_potential_carbon,,,mean tonnes carbon per km2,,
TUN,SUGB,agri_potential_carbon,,,mean tonnes carbon per km2,,
TKM,SUGB,agri_potential_carbon,798.1631185760664,28.453239443587087,mean tonnes carbon per km2,590.0,210.0110000603646
STP,SUGB,agri_potential_carbon,,,mean tonnes carbon per km2,,
SAU,SUGB,agri_potential_carbon,,,mean tonnes carbon per km2,,
SEN,SUGB,agri_potential_carbon,2050.665544263269,0.0,mean tonnes carbon per km2,1.0,0.0010000000149011613
SVK,SUGB,agri_potential_carbon,8204.803206924738,184.74236619918793,mean tonnes carbon per km2,462.0,172.794999775216
SVN,SUGB,agri_potential_carbon,12969.1755692601,3012.620726126713,mean tonnes carbon per km2,5.0,0.18800000481307508
SLB,SUGB,agri_potential_carbon,,,mean tonnes carbon per km2,,
SOM,SUGB,agri_potential_carbon,,,mean tonnes carbon per km2,,
ZAF,SUGB,agri_potential_carbon,,,mean tonnes carbon per km2,,
SSD,SUGB,agri_potential_carbon,,,mean tonnes carbon per km2,,
ESP,SUGB,agri_potential_carbon,7592.876117538479,92.93875450027014,mean tonnes carbon per km2,2879.0,458.9190002635866
LKA,SUGB,agri_potential_carbon,,,mean tonnes carbon per km2,,
KNA,SUGB,agri_potential_carbon,,,mean tonnes carbon per km2,,
LCA,SUGB,agri_potential_carbon,,,mean tonnes carbon per km2,,
VCT,SUGB,agri_potential_carbon,,,mean tonnes carbon per km2,,
SDN,SUGB,agri_potential_carbon,,,mean tonnes carbon per km2,,
SUR,SUGB,agri_potential_carbon,,,mean tonnes carbon per km2,,
SWZ,SUGB,agri_potential_carbon,,,mean tonnes carbon per km2,,
SWE,SUGB,agri_potential_carbon,13996.17932055083,437.7967155816584,mean tonnes carbon per km2,1374.0,386.1249991247058
CHE,SUGB,agri_potential_carbon,12826.185997375394,211.02891269467742,mean tonnes carbon per km2,251.0,188.78100045770407
SYR,SUGB,agri_potential_carbon,973.5130143349423,60.07762441502124,mean tonnes carbon per km2,1263.0,229.302000008896
TWN,SUGB,agri_potential_carbon,,,mean tonnes carbon per km2,,
TJK,SUGB,agri_potential_carbon,,,mean tonnes carbon per km2,,
TZA,SUGB,agri_potential_carbon,,,mean tonnes carbon per km2,,
THA,SUGB,agri_potential_carbon,,,mean tonnes carbon per km2,,
TLS,SUGB,agri_potential_carbon,,,mean tonnes carbon per km2,,
TGO,SUGB,agri_potential_carbon,,,mean tonnes carbon per km2,,
TUV,SUGB,agri_potential_carbon,,,mean tonnes carbon per km2,,
UGA,SUGB,agri_potential_carbon,,,mean tonnes carbon per km2,,
URY,SUGB,agri_potential_carbon,,,mean tonnes carbon per km2,,
UZB,SUGB,agri_potential_carbon,306.00461574985303,1539.7723801285129,mean tonnes carbon per km2,6.0,0.8919999988377094
VUT,SUGB,agri_potential_carbon,,,mean tonnes carbon per km2,,
VAT,SUGB,agri_potential_carbon,,,mean tonnes carbon per km2,,
VEN,SUGB,agri_potential_carbon,8745.382759576856,240.76051485185386,mean tonnes carbon per km2,138.0,14.125999778807163
VNM,SUGB,agri_potential_carbon,,,mean tonnes carbon per km2,,
ZMB,SUGB,agri_potential_carbon,,,mean tonnes carbon per km2,,
ZWE,SUGB,agri_potential_carbon,,,mean tonnes carbon per km2,,
YEM,SUGB,agri_potential_carbon,,,mean tonnes carbon per km2,,
UKR,SUGB,agri_potential_carbon,10710.059868904833,79.9876230711686,mean tonnes carbon per km2,7123.0,4425.527002205923
BHR,SUGB,agri_potential_carbon,,,mean tonnes carbon per km2,,
KWT,SUGB,agri_potential_carbon,,,mean tonnes carbon per km2,,
QAT,SUGB,agri_potential_carbon,,,mean tonnes carbon per km2,,
ARE,SUGB,agri_potential_carbon,,,mean tonnes carbon per km2,,
TUR,SUGB,agri_potential_carbon,1611.2131601980961,41.40976775364235,mean tonnes carbon per km2,8102.0,3165.224000044763
ISR,SUGB,agri_potential_carbon,,,mean tonnes carbon per km2,,
BGD,SUGB,agri_potential_carbon,,,mean tonnes carbon per km2,,
MMR,SUGB,agri_potential_carbon,,,mean tonnes carbon per km2,,
IND,SUGB,agri_potential_carbon,,,mean tonnes carbon per km2,,
BEN,SUGB,agri_potential_carbon,,,mean tonnes carbon per km2,,
NER,SUGB,agri_potential_carbon,,,mean tonnes carbon per km2,,
NGA,SUGB,agri_potential_carbon,,,mean tonnes carbon per km2,,
111,SUGB,agri_potential_carbon,,,mean tonnes carbon per km2,,
112,SUGB,agri_potential_carbon,,,mean tonnes carbon per km2,,
113,SUGB,agri_potential_carbon,,,mean tonnes carbon per km2,,
114,SUGB,agri_potential_carbon,,,mean tonnes carbon per km2,,
115,SUGB,agri_potential_carbon,,,mean tonnes carbon per km2,,
116,SUGB,agri_potential_carbon,,,mean tonnes carbon per km2,,
117,SUGB,agri_potential_carbon,,,mean tonnes carbon per km2,,
118,SUGB,agri_potential_carbon,,,mean tonnes carbon per km2,,
119,SUGB,agri_potential_carbon,,,mean tonnes carbon per km2,,
120,SUGB,agri_potential_carbon,,,mean tonnes carbon per km2,,
121,SUGB,agri_potential_carbon,,,mean tonnes carbon per km2,,
122,SUGB,agri_potential_carbon,,,mean tonnes carbon per km2,,
123,SUGB,agri_potential_carbon,,,mean tonnes carbon per km2,,
124,SUGB,agri_potential_carbon,,,mean tonnes carbon per km2,,
125,SUGB,agri_potential_carbon,,,mean tonnes carbon per km2,,
126,SUGB,agri_potential_carbon,,,mean tonnes carbon per km2,,
127,SUGB,agri_potential_carbon,,,mean tonnes carbon per km2,,
128,SUGB,agri_potential_carbon,,,mean tonnes carbon per km2,,
129,SUGB,agri_potential_carbon,,,mean tonnes carbon per km2,,
ESH,SUGB,agri_potential_carbon,,,mean tonnes carbon per km2,,
AFG,SUGC,agri_potential_carbon,463.7197960308125,76.27279346050261,mean tonnes carbon per km2,1661.0,29.421999995559453
GBR,SUGC,agri_potential_carbon,,,mean tonnes carbon per km2,,
ALB,SUGC,agri_potential_carbon,,,mean tonnes carbon per km2,,
DZA,SUGC,agri_potential_carbon,,,mean tonnes carbon per km2,,
USA,SUGC,agri_potential_carbon,11528.259440798622,595.8951932922452,mean tonnes carbon per km2,682.0,3408.7640029040726
ATA,SUGC,agri_potential_carbon,,,mean tonnes carbon per km2,,
ATG,SUGC,agri_potential_carbon,,,mean tonnes carbon per km2,,
ARG,SUGC,agri_potential_carbon,5524.546671810382,294.0749093908677,mean tonnes carbon per km2,1434.0,2964.6609916179623
AND,SUGC,agri_potential_carbon,,,mean tonnes carbon per km2,,
AGO,SUGC,agri_potential_carbon,7465.545810594348,930.2339713452283,mean tonnes carbon per km2,49.0,118.45300007618965
ARM,SUGC,agri_potential_carbon,,,mean tonnes carbon per km2,,
NLD,SUGC,agri_potential_carbon,,,mean tonnes carbon per km2,,
AUS,SUGC,agri_potential_carbon,7140.962841885455,157.22297724110726,mean tonnes carbon per km2,1434.0,2428.345003838092
AUT,SUGC,agri_potential_carbon,,,mean tonnes carbon per km2,,
AZE,SUGC,agri_potential_carbon,,,mean tonnes carbon per km2,,
BHS,SUGC,agri_potential_carbon,7084.756759869741,5895.039687667137,mean tonnes carbon per km2,8.0,21.231000061035154
BRB,SUGC,agri_potential_carbon,12349.219705040363,873.4899524663056,mean tonnes carbon per km2,6.0,50.89899993896484
BLR,SUGC,agri_potential_carbon,,,mean tonnes carbon per km2,,
BEL,SUGC,agri_potential_carbon,,,mean tonnes carbon per km2,,
BLZ,SUGC,agri_potential_carbon,7067.084197631273,707.8329539355635,mean tonnes carbon per km2,35.0,210.97299977302552
BTN,SUGC,agri_potential_carbon,11615.4534000582,2060.566660387036,mean tonnes carbon per km2,13.0,3.6229999411106113
BOL,SUGC,agri_potential_carbon,6695.191532508516,138.2671859559392,mean tonnes carbon per km2,3256.0,1424.4199972572178
BIH,SUGC,agri_potential_carbon,,,mean tonnes carbon per km2,,
BWA,SUGC,agri_potential_carbon,,,mean tonnes carbon per km2,,
NOR,SUGC,agri_potential_carbon,,,mean tonnes carbon per km2,,
COL,SUGC,agri_potential_carbon,10454.67772224641,377.9948566357795,mean tonnes carbon per km2,2912.0,3536.493001918942
COM,SUGC,agri_potential_carbon,,,mean tonnes carbon per km2,,
BRA,SUGC,agri_potential_carbon,5416.7048191189115,59.87817502411008,mean tonnes carbon per km2,34493.0,90783.41493446141
FRA,SUGC,agri_potential_carbon,10045.82544331856,1721.4448061658895,mean tonnes carbon per km2,51.0,144.81200248509649
COD,SUGC,agri_potential_carbon,10348.18012528474,850.2632024198659,mean tonnes carbon per km2,4629.0,368.8999990296364
COG,SUGC,agri_potential_carbon,12013.216331179063,413.6999239759833,mean tonnes carbon per km2,419.0,64.76599974773825
NZL,SUGC,agri_potential_carbon,,,mean tonnes carbon per km2,,
BRN,SUGC,agri_potential_carbon,,,mean tonnes carbon per km2,,
BGR,SUGC,agri_potential_carbon,,,mean tonnes carbon per km2,,
BFA,SUGC,agri_potential_carbon,4767.955055531081,282.1314497618832,mean tonnes carbon per km2,219.0,43.94799994677305
BDI,SUGC,agri_potential_carbon,7859.794498613486,627.8068728684278,mean tonnes carbon per km2,47.0,20.785000078976154
CPV,SUGC,agri_potential_carbon,2936.3256204757563,513.0014459292871,mean tonnes carbon per km2,35.0,8.74699999332428
KHM,SUGC,agri_potential_carbon,13067.072932470033,215.72299226623352,mean tonnes carbon per km2,476.0,184.2039997568727
CMR,SUGC,agri_potential_carbon,10656.27628554665,190.7590843059215,mean tonnes carbon per km2,1554.0,1033.8290012083203
CAN,SUGC,agri_potential_carbon,,,mean tonnes carbon per km2,,
CRI,SUGC,agri_potential_carbon,10218.991692718875,326.95402436669895,mean tonnes carbon per km2,219.0,554.1319959594309
CIV,SUGC,agri_potential_carbon,12543.776217830195,284.67804658324815,mean tonnes carbon per km2,2645.0,232.951999251768
HRV,SUGC,agri_potential_carbon,,,mean tonnes carbon per km2,,
CUB,SUGC,agri_potential_carbon,12740.258649839407,136.45281577358952,mean tonnes carbon per km2,1120.0,4546.600001594871
CAF,SUGC,agri_potential_carbon,10242.874500099364,352.1192475234425,mean tonnes carbon per km2,623.0,54.14200004339218
TCD,SUGC,agri_potential_carbon,2661.5077295662436,238.89381157647023,mean tonnes carbon per km2,323.0,43.4570000064373
CHL,SUGC,agri_potential_carbon,,,mean tonnes carbon per km2,,
CHN,SUGC,agri_potential_carbon,10241.810624366271,94.83039661742343,mean tonnes carbon per km2,18618.0,16719.62299065426
CYP,SUGC,agri_potential_carbon,,,mean tonnes carbon per km2,,
CZE,SUGC,agri_potential_carbon,,,mean tonnes carbon per km2,,
DNK,SUGC,agri_potential_carbon,,,mean tonnes carbon per km2,,
DJI,SUGC,agri_potential_carbon,,,mean tonnes carbon per km2,,
DMA,SUGC,agri_potential_carbon,7739.29941413515,620.6377083495039,mean tonnes carbon per km2,9.0,2.0009999799728395
DOM,SUGC,agri_potential_carbon,9443.734184659757,232.59260466922325,mean tonnes carbon per km2,496.0,876.7720022191106
ECU,SUGC,agri_potential_carbon,9388.467400322217,358.9168155420673,mean tonnes carbon per km2,373.0,977.930003296137
EGY,SUGC,agri_potential_carbon,1345.1155410355077,124.15479884061473,mean tonnes carbon per km2,284.0,1347.5850007355211
SLV,SUGC,agri_potential_carbon,9921.900197739089,198.92430740471093,mean tonnes carbon per km2,178.0,646.8530013886093
GNQ,SUGC,agri_potential_carbon,,,mean tonnes carbon per km2,,
ERI,SUGC,agri_potential_carbon,,,mean tonnes carbon per km2,,
EST,SUGC,agri_potential_carbon,,,mean tonnes carbon per km2,,
ETH,SUGC,agri_potential_carbon,7811.595811595824,402.07588809689827,mean tonnes carbon per km2,1756.0,206.1550002194196
FJI,SUGC,agri_potential_carbon,12443.865029206752,650.0941030802985,mean tonnes carbon per km2,37.0,409.4920029258728
FIN,SUGC,agri_potential_carbon,,,mean tonnes carbon per km2,,
GAB,SUGC,agri_potential_carbon,13558.085628681625,736.8214697825446,mean tonnes carbon per km2,193.0,9.208000029176475
GMB,SUGC,agri_potential_carbon,,,mean tonnes carbon per km2,,
MAR,SUGC,agri_potential_carbon,5349.428064900918,146.14333929297254,mean tonnes carbon per km2,101.0,120.39700007885695
MOZ,SUGC,agri_potential_carbon,6306.181951998298,280.14508095978846,mean tonnes carbon per km2,727.0,384.8569981146604
NAM,SUGC,agri_potential_carbon,,,mean tonnes carbon per km2,,
GEO,SUGC,agri_potential_carbon,,,mean tonnes carbon per km2,,
DEU,SUGC,agri_potential_carbon,,,mean tonnes carbon per km2,,
GHA,SUGC,agri_potential_carbon,13984.047606989636,358.0575146175455,mean tonnes carbon per km2,204.0,51.642999996542926
GRC,SUGC,agri_potential_carbon,,,mean tonnes carbon per km2,,
GRL,SUGC,agri_potential_carbon,,,mean tonnes carbon per km2,,
GRD,SUGC,agri_potential_carbon,13929.518159626146,692.4125918599279,mean tonnes carbon per km2,5.0,2.105999984741211
NRU,SUGC,agri_potential_carbon,,,mean tonnes carbon per km2,,
GTM,SUGC,agri_potential_carbon,9531.100993236152,244.81401534661222,mean tonnes carbon per km2,382.0,2313.239994829967
NPL,SUGC,agri_potential_carbon,8548.469897295028,226.78547104366152,mean tonnes carbon per km2,583.0,588.2490003163368
GIN,SUGC,agri_potential_carbon,10612.819359921068,111.57508665308399,mean tonnes carbon per km2,1146.0,33.64900001078844
GNB,SUGC,agri_potential_carbon,25347.547080553253,3875.339978984836,mean tonnes carbon per km2,9.0,1.416999969482422
GUY,SUGC,agri_potential_carbon,5211.3165714248735,503.8929225251968,mean tonnes carbon per km2,66.0,401.79899962425236
HTI,SUGC,agri_potential_carbon,9718.298709237431,403.16588337550354,mean tonnes carbon per km2,129.0,197.63799985408787
JOR,SUGC,agri_potential_carbon,,,mean tonnes carbon per km2,,
HND,SUGC,agri_potential_carbon,10492.94019208171,141.83154873584328,mean tonnes carbon per km2,723.0,735.2639996559172
HUN,SUGC,agri_potential_carbon,,,mean tonnes carbon per km2,,
ISL,SUGC,agri_potential_carbon,,,mean tonnes carbon per km2,,
IDN,SUGC,agri_potential_carbon,11467.484787873098,462.92446918635466,mean tonnes carbon per km2,572.0,4243.292984868661
IRN,SUGC,agri_potential_carbon,448.847884852851,81.14463271482015,mean tonnes carbon per km2,385.0,648.091000013873
IRQ,SUGC,agri_potential_carbon,184.50904552933855,180.66124047344505,mean tonnes carbon per km2,6.0,4.907999963760376
IRL,SUGC,agri_potential_carbon,,,mean tonnes carbon per km2,,
KAZ,SUGC,agri_potential_carbon,,,mean tonnes carbon per km2,,
KEN,SUGC,agri_potential_carbon,9502.86757308586,260.74770699925193,mean tonnes carbon per km2,209.0,708.51700396657
KIR,SUGC,agri_potential_carbon,,,mean tonnes carbon per km2,,
PRK,SUGC,agri_potential_carbon,,,mean tonnes carbon per km2,,
KOR,SUGC,agri_potential_carbon,,,mean tonnes carbon per km2,,
XKX,SUGC,agri_potential_carbon,,,mean tonnes carbon per km2,,
SRB,SUGC,agri_potential_carbon,,,mean tonnes carbon per km2,,
SYC,SUGC,agri_potential_carbon,,,mean tonnes carbon per km2,,
SLE,SUGC,agri_potential_carbon,13687.126490462084,714.7300920954954,mean tonnes carbon per km2,125.0,7.299999961331485
SGP,SUGC,agri_potential_carbon,,,mean tonnes carbon per km2,,
ITA,SUGC,agri_potential_carbon,,,mean tonnes carbon per km2,,
JAM,SUGC,agri_potential_carbon,9840.731898866416,826.5757711779303,mean tonnes carbon per km2,120.0,269.9280006217956
JPN,SUGC,agri_potential_carbon,11402.94388458719,1467.9833932703473,mean tonnes carbon per km2,63.0,224.5679983258247
KGZ,SUGC,agri_potential_carbon,,,mean tonnes carbon per km2,,
LAO,SUGC,agri_potential_carbon,12483.675923151739,311.7378913769913,mean tonnes carbon per km2,1360.0,176.74699970252811
LVA,SUGC,agri_potential_carbon,,,mean tonnes carbon per km2,,
LBN,SUGC,agri_potential_carbon,7516.098688793074,611.8329035765663,mean tonnes carbon per km2,6.0,0.00800000011920929
LSO,SUGC,agri_potential_carbon,,,mean tonnes carbon per km2,,
LBR,SUGC,agri_potential_carbon,17115.15979735584,660.3614107123569,mean tonnes carbon per km2,103.0,59.177999933958056
LBY,SUGC,agri_potential_carbon,,,mean tonnes carbon per km2,,
LIE,SUGC,agri_potential_carbon,,,mean tonnes carbon per km2,,
LTU,SUGC,agri_potential_carbon,,,mean tonnes carbon per km2,,
LUX,SUGC,agri_potential_carbon,,,mean tonnes carbon per km2,,
MCO,SUGC,agri_potential_carbon,,,mean tonnes carbon per km2,,
MNG,SUGC,agri_potential_carbon,,,mean tonnes carbon per km2,,
MNE,SUGC,agri_potential_carbon,,,mean tonnes carbon per km2,,
MKD,SUGC,agri_potential_carbon,,,mean tonnes carbon per km2,,
MDG,SUGC,agri_potential_carbon,9598.91593743472,260.3549292363728,mean tonnes carbon per km2,1886.0,605.3390001685917
MWI,SUGC,agri_potential_carbon,6460.968213741654,566.5064011705268,mean tonnes carbon per km2,67.0,233.3320015537739
MYS,SUGC,agri_potential_carbon,11921.328088448305,947.1944413150529,mean tonnes carbon per km2,12.0,55.473000549077994
MDV,SUGC,agri_potential_carbon,,,mean tonnes carbon per km2,,
MLI,SUGC,agri_potential_carbon,2191.424563846798,194.343168754616,mean tonnes carbon per km2,78.0,49.72799995675682
MLT,SUGC,agri_potential_carbon,,,mean tonnes carbon per km2,,
MHL,SUGC,agri_potential_carbon,,,mean tonnes carbon per km2,,
MRT,SUGC,agri_potential_carbon,,,mean tonnes carbon per km2,,
MUS,SUGC,agri_potential_carbon,11546.61178113089,877.6213667604567,mean tonnes carbon per km2,20.0,523.4770001220703
MEX,SUGC,agri_potential_carbon,8695.190406341804,234.77424912493433,mean tonnes carbon per km2,1545.0,7038.10900194183
FSM,SUGC,agri_potential_carbon,,,mean tonnes carbon per km2,,
MDA,SUGC,agri_potential_carbon,,,mean tonnes carbon per km2,,
NIC,SUGC,agri_potential_carbon,9496.161348194722,262.14652067085495,mean tonnes carbon per km2,422.0,557.7100025653094
OMN,SUGC,agri_potential_carbon,33.43203617701043,29.273529169353438,mean tonnes carbon per km2,91.0,0.42300000250339503
PAK,SUGC,agri_potential_carbon,1362.9754265276579,33.23140978962937,mean tonnes carbon per km2,2530.0,9864.261998392343
PLW,SUGC,agri_potential_carbon,,,mean tonnes carbon per km2,,
PAN,SUGC,agri_potential_carbon,10896.355959851722,415.96262772731876,mean tonnes carbon per km2,491.0,320.9240013998002
PNG,SUGC,agri_potential_carbon,8913.333272641155,291.158888130308,mean tonnes carbon per km2,662.0,40.879999946057794
PRY,SUGC,agri_potential_carbon,8096.886882810951,126.31191172193068,mean tonnes carbon per km2,929.0,1012.5529993075877
PER,SUGC,agri_potential_carbon,311.6288980750085,151.17513333621167,mean tonnes carbon per km2,253.0,767.0550018393993
PHL,SUGC,agri_potential_carbon,14828.108384324005,164.579321402636,mean tonnes carbon per km2,1765.0,3959.5509960130603
POL,SUGC,agri_potential_carbon,,,mean tonnes carbon per km2,,
PRT,SUGC,agri_potential_carbon,8329.844218333981,730.4106119227206,mean tonnes carbon per km2,21.0,0.5990000003576279
ROU,SUGC,agri_potential_carbon,,,mean tonnes carbon per km2,,
RUS,SUGC,agri_potential_carbon,,,mean tonnes carbon per km2,,
RWA,SUGC,agri_potential_carbon,6886.453304816185,1702.288177744916,mean tonnes carbon per km2,41.0,45.63699902586639
WSM,SUGC,agri_potential_carbon,,,mean tonnes carbon per km2,,
SMR,SUGC,agri_potential_carbon,,,mean tonnes carbon per km2,,
TON,SUGC,agri_potential_carbon,,,mean tonnes carbon per km2,,
TTO,SUGC,agri_potential_carbon,,,mean tonnes carbon per km2,,
TUN,SUGC,agri_potential_carbon,,,mean tonnes carbon per km2,,
TKM,SUGC,agri_potential_carbon,,,mean tonnes carbon per km2,,
STP,SUGC,agri_potential_carbon,,,mean tonnes carbon per km2,,
SAU,SUGC,agri_potential_carbon,,,mean tonnes carbon per km2,,
SEN,SUGC,agri_potential_carbon,3230.3549376955975,374.73620390594226,mean tonnes carbon per km2,36.0,70.62500006198881
SVK,SUGC,agri_potential_carbon,,,mean tonnes carbon per km2,,
SVN,SUGC,agri_potential_carbon,,,mean tonnes carbon per km2,,
SLB,SUGC,agri_potential_carbon,,,mean tonnes carbon per km2,,
SOM,SUGC,agri_potential_carbon,1725.9548410577065,177.03042825916006,mean tonnes carbon per km2,967.0,61.90499998606741
ZAF,SUGC,agri_potential_carbon,8331.560229374723,109.52202168199787,mean tonnes carbon per km2,1074.0,3494.981995141953
SSD,SUGC,agri_potential_carbon,11266.50528723632,5634.07561703309,mean tonnes carbon per km2,2.0,0.1189999981224537
ESP,SUGC,agri_potential_carbon,,,mean tonnes carbon per km2,,
LKA,SUGC,agri_potential_carbon,9093.843596594294,654.6201094716448,mean tonnes carbon per km2,101.0,135.28599915906784
KNA,SUGC,agri_potential_carbon,,,mean tonnes carbon per km2,,
LCA,SUGC,agri_potential_carbon,,,mean tonnes carbon per km2,,
VCT,SUGC,agri_potential_carbon,12592.553929927735,4317.8968549495885,mean tonnes carbon per km2,3.0,2.7260000324249267
SDN,SUGC,agri_potential_carbon,441.78232229078014,89.91252817734953,mean tonnes carbon per km2,533.0,659.1950011900067
SUR,SUGC,agri_potential_carbon,4779.0713284526955,1218.7190834816581,mean tonnes carbon per km2,18.0,30.170000368133184
SWZ,SUGC,agri_potential_carbon,5379.082915350645,335.71041368144523,mean tonnes carbon per km2,103.0,532.4130005335808
SWE,SUGC,agri_potential_carbon,,,mean tonnes carbon per km2,,
CHE,SUGC,agri_potential_carbon,,,mean tonnes carbon per km2,,
SYR,SUGC,agri_potential_carbon,,,mean tonnes carbon per km2,,
TWN,SUGC,agri_potential_carbon,16896.093026201932,1433.7151782056003,mean tonnes carbon per km2,90.0,71.75699919305741
TJK,SUGC,agri_potential_carbon,,,mean tonnes carbon per km2,,
TZA,SUGC,agri_potential_carbon,5712.448001959862,494.63042825251057,mean tonnes carbon per km2,366.0,511.4129964021594
THA,SUGC,agri_potential_carbon,9541.549879628614,56.23765209568167,mean tonnes carbon per km2,5010.0,10555.715997644736
TLS,SUGC,agri_potential_carbon,,,mean tonnes carbon per km2,,
TGO,SUGC,agri_potential_carbon,17746.99553902588,4129.959664808044,mean tonnes carbon per km2,3.0,0.8130000162124633
TUV,SUGC,agri_potential_carbon,,,mean tonnes carbon per km2,,
UGA,SUGC,agri_potential_carbon,10362.962773640027,661.9273274276972,mean tonnes carbon per km2,1600.0,475.6059982255101
URY,SUGC,agri_potential_carbon,2290.0174194960236,70.74628494349967,mean tonnes carbon per km2,1569.0,67.47200010731817
UZB,SUGC,agri_potential_carbon,,,mean tonnes carbon per km2,,
VUT,SUGC,agri_potential_carbon,,,mean tonnes carbon per km2,,
VAT,SUGC,agri_potential_carbon,,,mean tonnes carbon per km2,,
VEN,SUGC,agri_potential_carbon,7832.520282081929,342.47961688255185,mean tonnes carbon per km2,1642.0,926.8909956541657
VNM,SUGC,agri_potential_carbon,12877.030264006607,132.64607896584423,mean tonnes carbon per km2,2047.0,2710.6660007488726
ZMB,SUGC,agri_potential_carbon,9674.906785976907,191.05654429572738,mean tonnes carbon per km2,346.0,316.66400068446995
ZWE,SUGC,agri_potential_carbon,4982.272523790051,343.73137300303904,mean tonnes carbon per km2,142.0,398.8759957828372
YEM,SUGC,agri_potential_carbon,,,mean tonnes carbon per km2,,
UKR,SUGC,agri_potential_carbon,,,mean tonnes carbon per km2,,
BHR,SUGC,agri_potential_carbon,,,mean tonnes carbon per km2,,
KWT,SUGC,agri_potential_carbon,,,mean tonnes carbon per km2,,
QAT,SUGC,agri_potential_carbon,,,mean tonnes carbon per km2,,
ARE,SUGC,agri_potential_carbon,0.0,0.0,mean tonnes carbon per km2,2.0,0.023999999165534976
TUR,SUGC,agri_potential_carbon,,,mean tonnes carbon per km2,,
ISR,SUGC,agri_potential_carbon,,,mean tonnes carbon per km2,,
BGD,SUGC,agri_potential_carbon,8458.11108931533,240.22078216233567,mean tonnes carbon per km2,567.0,1194.3360004690287
MMR,SUGC,agri_potential_carbon,7855.337648178031,243.6967849229289,mean tonnes carbon per km2,2542.0,1530.3299988286199
IND,SUGC,agri_potential_carbon,5019.237306549996,61.85719943935481,mean tonnes carbon per km2,21694.0,45094.10000186109
BEN,SUGC,agri_potential_carbon,13006.076573447644,1842.3688499199445,mean tonnes carbon per km2,21.0,4.089000006169081
NER,SUGC,agri_potential_carbon,1487.3352371502097,135.0240942947586,mean tonnes carbon per km2,2544.0,41.54100006245077
NGA,SUGC,agri_potential_carbon,7385.787068367869,540.130046794388,mean tonnes carbon per km2,453.0,547.1709997262806
111,SUGC,agri_potential_carbon,,,mean tonnes carbon per km2,,
112,SUGC,agri_potential_carbon,,,mean tonnes carbon per km2,,
113,SUGC,agri_potential_carbon,,,mean tonnes carbon per km2,,
114,SUGC,agri_potential_carbon,,,mean tonnes carbon per km2,,
115,SUGC,agri_potential_carbon,,,mean tonnes carbon per km2,,
116,SUGC,agri_potential_carbon,,,mean tonnes carbon per km2,,
117,SUGC,agri_potential_carbon,,,mean tonnes carbon per km2,,
118,SUGC,agri_potential_carbon,,,mean tonnes carbon per km2,,
119,SUGC,agri_potential_carbon,,,mean tonnes carbon per km2,,
120,SUGC,agri_potential_carbon,,,mean tonnes carbon per km2,,
121,SUGC,agri_potential_carbon,,,mean tonnes carbon per km2,,
122,SUGC,agri_potential_carbon,,,mean tonnes carbon per km2,,
123,SUGC,agri_potential_carbon,,,mean tonnes carbon per km2,,
124,SUGC,agri_potential_carbon,,,mean tonnes carbon per km2,,
125,SUGC,agri_potential_carbon,,,mean tonnes carbon per km2,,
126,SUGC,agri_potential_carbon,,,mean tonnes carbon per km2,,
127,SUGC,agri_potential_carbon,,,mean tonnes carbon per km2,,
128,SUGC,agri_potential_carbon,,,mean tonnes carbon per km2,,
129,SUGC,agri_potential_carbon,,,mean tonnes carbon per km2,,
ESH,SUGC,agri_potential_carbon,,,mean tonnes carbon per km2,,
AFG,OOIL,agri_potential_carbon,1145.2911455586495,55.791131436039514,mean tonnes carbon per km2,998.0,45.419000546112656
GBR,OOIL,agri_potential_carbon,17499.800839781597,94.59350356660696,mean tonnes carbon per km2,1872.0,341.16199977278706
ALB,OOIL,agri_potential_carbon,6060.735647033825,135.7682045279914,mean tonnes carbon per km2,215.0,338.33200059175493
DZA,OOIL,agri_potential_carbon,5027.307716339138,117.65989146135972,mean tonnes carbon per km2,2874.0,2908.0570026741175
USA,OOIL,agri_potential_carbon,3570.0596500399297,78.101011822766,mean tonnes carbon per km2,9769.0,2198.767000910044
ATA,OOIL,agri_potential_carbon,,,mean tonnes carbon per km2,,
ATG,OOIL,agri_potential_carbon,,,mean tonnes carbon per km2,,
ARG,OOIL,agri_potential_carbon,4723.293219525201,73.45867252747382,mean tonnes carbon per km2,5538.0,1323.2310000665486
AND,OOIL,agri_potential_carbon,,,mean tonnes carbon per km2,,
AGO,OOIL,agri_potential_carbon,7366.071162460194,54.410410873149246,mean tonnes carbon per km2,3804.0,126.92899999536574
ARM,OOIL,agri_potential_carbon,3603.7712600216337,0.0,mean tonnes carbon per km2,1.0,0.06699999809265136
NLD,OOIL,agri_potential_carbon,9534.608281209958,357.2916281988747,mean tonnes carbon per km2,220.0,17.686000021249058
AUS,OOIL,agri_potential_carbon,5226.437804370049,48.657906470153335,mean tonnes carbon per km2,10956.0,516.2559999737143
AUT,OOIL,agri_potential_carbon,11788.506703002276,172.13672152260983,mean tonnes carbon per km2,765.0,296.9410003384203
AZE,OOIL,agri_potential_carbon,2895.0423938006174,370.85335551894934,mean tonnes carbon per km2,296.0,95.1780009085685
BHS,OOIL,agri_potential_carbon,,,mean tonnes carbon per km2,,
BRB,OOIL,agri_potential_carbon,,,mean tonnes carbon per km2,,
BLR,OOIL,agri_potential_carbon,14136.134925183265,79.2759581672678,mean tonnes carbon per km2,3868.0,481.30900489397345
BEL,OOIL,agri_potential_carbon,13388.933049974756,126.9764031186017,mean tonnes carbon per km2,458.0,115.46300018429757
BLZ,OOIL,agri_potential_carbon,,,mean tonnes carbon per km2,,
BTN,OOIL,agri_potential_carbon,9935.179336810847,2702.4186201450716,mean tonnes carbon per km2,4.0,0.08600000143051148
BOL,OOIL,agri_potential_carbon,,,mean tonnes carbon per km2,,
BIH,OOIL,agri_potential_carbon,5342.839637288626,1107.639194272576,mean tonnes carbon per km2,40.0,8.890000014677643
BWA,OOIL,agri_potential_carbon,,,mean tonnes carbon per km2,,
NOR,OOIL,agri_potential_carbon,,,mean tonnes carbon per km2,,
COL,OOIL,agri_potential_carbon,,,mean tonnes carbon per km2,,
COM,OOIL,agri_potential_carbon,,,mean tonnes carbon per km2,,
BRA,OOIL,agri_potential_carbon,3779.6665805500998,97.43053305489437,mean tonnes carbon per km2,7756.0,1837.3649995182457
FRA,OOIL,agri_potential_carbon,11032.314936113416,134.7543131124317,mean tonnes carbon per km2,5902.0,891.0510025449843
COD,OOIL,agri_potential_carbon,11887.042376864058,50.251578359237406,mean tonnes carbon per km2,10857.0,963.4680006076395
COG,OOIL,agri_potential_carbon,11733.777577701256,317.52971376335665,mean tonnes carbon per km2,431.0,27.62100002199411
NZL,OOIL,agri_potential_carbon,7252.656694834237,130.10666439128312,mean tonnes carbon per km2,946.0,10.388000002577902
BRN,OOIL,agri_potential_carbon,11621.651272937474,4667.354949059997,mean tonnes carbon per km2,2.0,0.5130000066757202
BGR,OOIL,agri_potential_carbon,5144.148173820551,103.02577179681624,mean tonnes carbon per km2,290.0,163.01799984037876
BFA,OOIL,agri_potential_carbon,3591.2926059551373,45.11756368642748,mean tonnes carbon per km2,2454.0,332.99099719844764
BDI,OOIL,agri_potential_carbon,,,mean tonnes carbon per km2,,
CPV,OOIL,agri_potential_carbon,3807.4021089741527,579.5649127813525,mean tonnes carbon per km2,35.0,0.5530000028014184
KHM,OOIL,agri_potential_carbon,12941.53080378112,317.3497111320512,mean tonnes carbon per km2,437.0,15.79699992634356
CMR,OOIL,agri_potential_carbon,6208.054756718948,239.69674450047472,mean tonnes carbon per km2,2197.0,932.6940010131897
CAN,OOIL,agri_potential_carbon,3347.952061222738,42.68463602002056,mean tonnes carbon per km2,10857.0,4215.463999513984
CRI,OOIL,agri_potential_carbon,,,mean tonnes carbon per km2,,
CIV,OOIL,agri_potential_carbon,14466.93334860602,113.75146513504839,mean tonnes carbon per km2,2539.0,241.3830000664294
HRV,OOIL,agri_potential_carbon,7380.281567363057,205.0288582152617,mean tonnes carbon per km2,173.0,197.3670006172359
CUB,OOIL,agri_potential_carbon,,,mean tonnes carbon per km2,,
CAF,OOIL,agri_potential_carbon,6079.490176840056,129.9875891530016,mean tonnes carbon per km2,1507.0,340.70199994206433
TCD,OOIL,agri_potential_carbon,1995.385174238567,81.01028106435126,mean tonnes carbon per km2,3493.0,257.97500033319
CHL,OOIL,agri_potential_carbon,4254.665105943574,155.76771268045258,mean tonnes carbon per km2,200.0,167.66400041878222
CHN,OOIL,agri_potential_carbon,1052.670695719289,2003.0734962521874,mean tonnes carbon per km2,28.0,5.026999909877777
CYP,OOIL,agri_potential_carbon,4553.032977196621,265.66761956045247,mean tonnes carbon per km2,89.0,99.92099961280823
CZE,OOIL,agri_potential_carbon,12847.040780771851,153.4605695455893,mean tonnes carbon per km2,1186.0,510.1819997028261
DNK,OOIL,agri_potential_carbon,14392.779409697265,154.98357552596516,mean tonnes carbon per km2,862.0,6.510000039935112
DJI,OOIL,agri_potential_carbon,,,mean tonnes carbon per km2,,
DMA,OOIL,agri_potential_carbon,,,mean tonnes carbon per km2,,
DOM,OOIL,agri_potential_carbon,15950.041321366876,0.0,mean tonnes carbon per km2,1.0,0.012000000476837159
ECU,OOIL,agri_potential_carbon,8587.021604519416,294.00775207863,mean tonnes carbon per km2,800.0,20.273000054061413
EGY,OOIL,agri_potential_carbon,169.34237389184736,100.57152411878593,mean tonnes carbon per km2,160.0,520.7439983779193
SLV,OOIL,agri_potential_carbon,9651.655675401966,160.38042060986345,mean tonnes carbon per km2,238.0,40.384999983832245
GNQ,OOIL,agri_potential_carbon,,,mean tonnes carbon per km2,,
ERI,OOIL,agri_potential_carbon,1532.674222069149,72.60996891000336,mean tonnes carbon per km2,445.0,515.8079997393488
EST,OOIL,agri_potential_carbon,13392.879589196675,211.41616615128504,mean tonnes carbon per km2,610.0,1.6100000259280205
ETH,OOIL,agri_potential_carbon,8918.11429477396,82.6593523512283,mean tonnes carbon per km2,5318.0,3883.388025055453
FJI,OOIL,agri_potential_carbon,,,mean tonnes carbon per km2,,
FIN,OOIL,agri_potential_carbon,,,mean tonnes carbon per km2,,
GAB,OOIL,agri_potential_carbon,0.0,0.0,mean tonnes carbon per km2,1.0,0.004000000059604645
GMB,OOIL,agri_potential_carbon,9138.46972841372,2591.1544252212207,mean tonnes carbon per km2,2.0,0.09199999809265136
MAR,OOIL,agri_potential_carbon,4314.455870653126,130.29361486380685,mean tonnes carbon per km2,1195.0,7889.857012941987
MOZ,OOIL,agri_potential_carbon,6549.126893769862,97.61197208056099,mean tonnes carbon per km2,585.0,2629.6190006035567
NAM,OOIL,agri_potential_carbon,,,mean tonnes carbon per km2,,
GEO,OOIL,agri_potential_carbon,,,mean tonnes carbon per km2,,
DEU,OOIL,agri_potential_carbon,13526.530496602629,90.77734703637597,mean tonnes carbon per km2,4520.0,102.18400080680847
GHA,OOIL,agri_potential_carbon,6410.512274506601,220.87419799631468,mean tonnes carbon per km2,435.0,283.2140002546459
GRC,OOIL,agri_potential_carbon,5016.828570255985,82.20221986106475,mean tonnes carbon per km2,1520.0,8065.527018718272
GRL,OOIL,agri_potential_carbon,,,mean tonnes carbon per km2,,
GRD,OOIL,agri_potential_carbon,,,mean tonnes carbon per km2,,
NRU,OOIL,agri_potential_carbon,,,mean tonnes carbon per km2,,
GTM,OOIL,agri_potential_carbon,,,mean tonnes carbon per km2,,
NPL,OOIL,agri_potential_carbon,7091.702785818674,190.0989165160783,mean tonnes carbon per km2,1347.0,1891.232999680266
GIN,OOIL,agri_potential_carbon,7827.984169527126,993.4384715843009,mean tonnes carbon per km2,6.0,0.3889999947696924
GNB,OOIL,agri_potential_carbon,9805.807521160548,621.6659853288706,mean tonnes carbon per km2,4.0,0.3019999980926514
GUY,OOIL,agri_potential_carbon,,,mean tonnes carbon per km2,,
HTI,OOIL,agri_potential_carbon,8917.26043235837,604.8950069302873,mean tonnes carbon per km2,310.0,13.095000014156104
JOR,OOIL,agri_potential_carbon,1107.0215443792463,106.70185519731643,mean tonnes carbon per km2,193.0,612.0349999839067
HND,OOIL,agri_potential_carbon,,,mean tonnes carbon per km2,,
HUN,OOIL,agri_potential_carbon,6941.059021619609,88.40219129679689,mean tonnes carbon per km2,1325.0,225.12199991069735
ISL,OOIL,agri_potential_carbon,,,mean tonnes carbon per km2,,
IDN,OOIL,agri_potential_carbon,10559.500298499555,230.25008641662757,mean tonnes carbon per km2,3149.0,31.17099997766316
IRN,OOIL,agri_potential_carbon,848.0438618603445,40.39715170052162,mean tonnes carbon per km2,4220.0,270.04899953640995
IRQ,OOIL,agri_potential_carbon,2493.2405209130006,157.8172810785226,mean tonnes carbon per km2,78.0,47.950000212192535
IRL,OOIL,agri_potential_carbon,,,mean tonnes carbon per km2,,
KAZ,OOIL,agri_potential_carbon,4749.362325402933,40.39295818589061,mean tonnes carbon per km2,16935.0,3974.622003121003
KEN,OOIL,agri_potential_carbon,6526.31075846293,193.21387986897068,mean tonnes carbon per km2,1939.0,883.5609994445741
KIR,OOIL,agri_potential_carbon,,,mean tonnes carbon per km2,,
PRK,OOIL,agri_potential_carbon,,,mean tonnes carbon per km2,,
KOR,OOIL,agri_potential_carbon,8371.784869689696,327.0118456440554,mean tonnes carbon per km2,170.0,235.1139966738969
XKX,OOIL,agri_potential_carbon,7341.863106542085,383.2437145212048,mean tonnes carbon per km2,12.0,4.510000000000001
SRB,OOIL,agri_potential_carbon,4873.583499064461,123.44808479873012,mean tonnes carbon per km2,130.0,9.168999997377394
SYC,OOIL,agri_potential_carbon,,,mean tonnes carbon per km2,,
SLE,OOIL,agri_potential_carbon,,,mean tonnes carbon per km2,,
SGP,OOIL,agri_potential_carbon,,,mean tonnes carbon per km2,,
ITA,OOIL,agri_potential_carbon,6410.769272055521,74.26407018924785,mean tonnes carbon per km2,3091.0,7539.252999327033
JAM,OOIL,agri_potential_carbon,,,mean tonnes carbon per km2,,
JPN,OOIL,agri_potential_carbon,,,mean tonnes carbon per km2,,
KGZ,OOIL,agri_potential_carbon,2642.520896229428,41.45965929715438,mean tonnes carbon per km2,1409.0,132.9819999689609
LAO,OOIL,agri_potential_carbon,12686.112041902506,1337.0399453056473,mean tonnes carbon per km2,10.0,0.12599999815225602
LVA,OOIL,agri_potential_carbon,12873.655062558493,164.0464845642904,mean tonnes carbon per km2,1258.0,27.147000060677527
LBN,OOIL,agri_potential_carbon,6065.771766829812,236.9542742585292,mean tonnes carbon per km2,104.0,530.7409999427944
LSO,OOIL,agri_potential_carbon,4913.781951791655,1285.6924302441992,mean tonnes carbon per km2,4.0,0.028000000789761545
LBR,OOIL,agri_potential_carbon,,,mean tonnes carbon per km2,,
LBY,OOIL,agri_potential_carbon,1631.51188697689,200.33995219612143,mean tonnes carbon per km2,470.0,2196.7560151955486
LIE,OOIL,agri_potential_carbon,,,mean tonnes carbon per km2,,
LTU,OOIL,agri_potential_carbon,11842.086191503486,192.13202349375865,mean tonnes carbon per km2,1243.0,34.73500002123416
LUX,OOIL,agri_potential_carbon,14899.705313269536,0.0,mean tonnes carbon per km2,1.0,0.06
MCO,OOIL,agri_potential_carbon,,,mean tonnes carbon per km2,,
MNG,OOIL,agri_potential_carbon,922.7894921549075,1225.3843702468296,mean tonnes carbon per km2,4.0,0.016000000536441805
MNE,OOIL,agri_potential_carbon,6966.134050178599,571.0751379931611,mean tonnes carbon per km2,34.0,13.400000011324884
MKD,OOIL,agri_potential_carbon,4287.728165468702,409.13794080635915,mean tonnes carbon per km2,82.0,56.04400091603399
MDG,OOIL,agri_potential_carbon,8246.980191745977,128.7744143998164,mean tonnes carbon per km2,3047.0,59.03700007140637
MWI,OOIL,agri_potential_carbon,7104.365198773943,123.19158046287956,mean tonnes carbon per km2,392.0,35.99599985808134
MYS,OOIL,agri_potential_carbon,14021.416455119932,80.58727477510854,mean tonnes carbon per km2,2691.0,1187.4110171496868
MDV,OOIL,agri_potential_carbon,,,mean tonnes carbon per km2,,
MLI,OOIL,agri_potential_carbon,2698.624955821468,51.51330953750959,mean tonnes carbon per km2,3306.0,713.7399999710173
MLT,OOIL,agri_potential_carbon,8089.169104428211,1323.9872785972454,mean tonnes carbon per km2,5.0,0.06000000029802322
MHL,OOIL,agri_potential_carbon,,,mean tonnes carbon per km2,,
MRT,OOIL,agri_potential_carbon,1809.7041504245083,54.43299358652272,mean tonnes carbon per km2,947.0,39.661999957636
MUS,OOIL,agri_potential_carbon,,,mean tonnes carbon per km2,,
MEX,OOIL,agri_potential_carbon,4031.3299022554975,228.48491847782788,mean tonnes carbon per km2,2068.0,731.6619983863831
FSM,OOIL,agri_potential_carbon,,,mean tonnes carbon per km2,,
MDA,OOIL,agri_potential_carbon,4676.346611081412,612.586033094798,mean tonnes carbon per km2,5.0,0.041000000014901165
NIC,OOIL,agri_potential_carbon,,,mean tonnes carbon per km2,,
OMN,OOIL,agri_potential_carbon,,,mean tonnes carbon per km2,,
PAK,OOIL,agri_potential_carbon,403.5276951483962,54.17879279306782,mean tonnes carbon per km2,2206.0,72.42100037328899
PLW,OOIL,agri_potential_carbon,,,mean tonnes carbon per km2,,
PAN,OOIL,agri_potential_carbon,,,mean tonnes carbon per km2,,
PNG,OOIL,agri_potential_carbon,,,mean tonnes carbon per km2,,
PRY,OOIL,agri_potential_carbon,9739.014128292016,540.2658172056194,mean tonnes carbon per km2,2762.0,159.69900095902383
PER,OOIL,agri_potential_carbon,1246.289572899773,78.56309148383596,mean tonnes carbon per km2,984.0,100.97400003984569
PHL,OOIL,agri_potential_carbon,14648.189322091237,76.69178131837708,mean tonnes carbon per km2,2743.0,74.63500011928379
POL,OOIL,agri_potential_carbon,13896.274151093396,73.74681687909867,mean tonnes carbon per km2,4486.0,251.21699985630812
PRT,OOIL,agri_potential_carbon,8707.6222225238,82.44391101712203,mean tonnes carbon per km2,1172.0,3425.883986969665
ROU,OOIL,agri_potential_carbon,4143.386179292146,351.5295307179169,mean tonnes carbon per km2,2324.0,51.34900008745492
RUS,OOIL,agri_potential_carbon,6284.445800182877,30.18436332701927,mean tonnes carbon per km2,40193.0,2162.60699921757
RWA,OOIL,agri_potential_carbon,9427.294008373708,3044.737287348433,mean tonnes carbon per km2,2.0,0.41100000381469726
WSM,OOIL,agri_potential_carbon,,,mean tonnes carbon per km2,,
SMR,OOIL,agri_potential_carbon,,,mean tonnes carbon per km2,,
TON,OOIL,agri_potential_carbon,,,mean tonnes carbon per km2,,
TTO,OOIL,agri_potential_carbon,,,mean tonnes carbon per km2,,
TUN,OOIL,agri_potential_carbon,3683.442797447103,111.83719991182804,mean tonnes carbon per km2,673.0,17240.426023283155
TKM,OOIL,agri_potential_carbon,245.4430289059834,85.6550561890274,mean tonnes carbon per km2,7.0,0.4960000181198119
STP,OOIL,agri_potential_carbon,,,mean tonnes carbon per km2,,
SAU,OOIL,agri_potential_carbon,,,mean tonnes carbon per km2,,
SEN,OOIL,agri_potential_carbon,5010.517954490144,103.53279454301695,mean tonnes carbon per km2,1232.0,91.47800008781255
SVK,OOIL,agri_potential_carbon,11222.876802154438,136.79287871920326,mean tonnes carbon per km2,741.0,58.275999956876035
SVN,OOIL,agri_potential_carbon,8663.725709500233,1467.569093164841,mean tonnes carbon per km2,11.0,2.2809999972581867
SLB,OOIL,agri_potential_carbon,,,mean tonnes carbon per km2,,
SOM,OOIL,agri_potential_carbon,,,mean tonnes carbon per km2,,
ZAF,OOIL,agri_potential_carbon,5538.288890601073,141.1844106800944,mean tonnes carbon per km2,3825.0,132.92700017385184
SSD,OOIL,agri_potential_carbon,5844.785001832732,119.39075910582248,mean tonnes carbon per km2,1725.0,9.402000057995322
ESP,OOIL,agri_potential_carbon,6118.865396682224,60.77618993419059,mean tonnes carbon per km2,4565.0,24610.23400162861
LKA,OOIL,agri_potential_carbon,,,mean tonnes carbon per km2,,
KNA,OOIL,agri_potential_carbon,,,mean tonnes carbon per km2,,
LCA,OOIL,agri_potential_carbon,,,mean tonnes carbon per km2,,
VCT,OOIL,agri_potential_carbon,,,mean tonnes carbon per km2,,
SDN,OOIL,agri_potential_carbon,1216.292742182603,28.985823182526893,mean tonnes carbon per km2,4154.0,517.4280004061759
SUR,OOIL,agri_potential_carbon,,,mean tonnes carbon per km2,,
SWZ,OOIL,agri_potential_carbon,,,mean tonnes carbon per km2,,
SWE,OOIL,agri_potential_carbon,13370.393000573298,175.74493695216168,mean tonnes carbon per km2,2323.0,139.41499964796006
CHE,OOIL,agri_potential_carbon,12258.679860962391,300.5729744338652,mean tonnes carbon per km2,254.0,1.7350000113248827
SYR,OOIL,agri_potential_carbon,1552.2525876608129,72.30573821717638,mean tonnes carbon per km2,608.0,6536.583006557972
TWN,OOIL,agri_potential_carbon,13265.102103934198,356.0900919479071,mean tonnes carbon per km2,285.0,6624.216987380982
TJK,OOIL,agri_potential_carbon,1306.1065942283794,69.83740477338824,mean tonnes carbon per km2,264.0,30.374000033587215
TZA,OOIL,agri_potential_carbon,8296.533788601413,167.5120521439561,mean tonnes carbon per km2,359.0,600.2409892725944
THA,OOIL,agri_potential_carbon,9677.587790392594,45.972831187604974,mean tonnes carbon per km2,4258.0,119.44699992015958
TLS,OOIL,agri_potential_carbon,,,mean tonnes carbon per km2,,
TGO,OOIL,agri_potential_carbon,8652.331926774037,123.30762338247978,mean tonnes carbon per km2,564.0,37.83299987703562
TUV,OOIL,agri_potential_carbon,,,mean tonnes carbon per km2,,
UGA,OOIL,agri_potential_carbon,9310.933886661642,82.83586122047811,mean tonnes carbon per km2,1719.0,480.20299681320773
URY,OOIL,agri_potential_carbon,3383.5523183219984,96.62112342472942,mean tonnes carbon per km2,983.0,49.728999884724615
UZB,OOIL,agri_potential_carbon,1285.139506375021,39.2361919492943,mean tonnes carbon per km2,330.0,271.0200000233948
VUT,OOIL,agri_potential_carbon,,,mean tonnes carbon per km2,,
VAT,OOIL,agri_potential_carbon,,,mean tonnes carbon per km2,,
VEN,OOIL,agri_potential_carbon,,,mean tonnes carbon per km2,,
VNM,OOIL,agri_potential_carbon,13737.087221668568,85.54303514071546,mean tonnes carbon per km2,3254.0,63.043999980911615
ZMB,OOIL,agri_potential_carbon,9433.71363441111,1131.9623102072137,mean tonnes carbon per km2,14.0,0.8720000021904708
ZWE,OOIL,agri_potential_carbon,6470.0773731097415,137.66651331140983,mean tonnes carbon per km2,1819.0,298.71300049483773
YEM,OOIL,agri_potential_carbon,,,mean tonnes carbon per km2,,
UKR,OOIL,agri_potential_carbon,5970.57362590346,1123.001138321996,mean tonnes carbon per km2,10379.0,618.8259992859513
BHR,OOIL,agri_potential_carbon,,,mean tonnes carbon per km2,,
KWT,OOIL,agri_potential_carbon,41.498981873291285,61.08964688829649,mean tonnes carbon per km2,37.0,0.3070000025629997
QAT,OOIL,agri_potential_carbon,,,mean tonnes carbon per km2,,
ARE,OOIL,agri_potential_carbon,,,mean tonnes carbon per km2,,
TUR,OOIL,agri_potential_carbon,3588.14949689151,64.69450068256036,mean tonnes carbon per km2,3760.0,7958.692999241277
ISR,OOIL,agri_potential_carbon,4247.118702971442,264.39154931763846,mean tonnes carbon per km2,103.0,279.9620000651479
BGD,OOIL,agri_potential_carbon,9090.387350469757,214.53202737633637,mean tonnes carbon per km2,539.0,112.49499985322356
MMR,OOIL,agri_potential_carbon,5879.618762093088,254.11138038709208,mean tonnes carbon per km2,2438.0,146.7659998829663
IND,OOIL,agri_potential_carbon,4129.16790313335,40.893517350986336,mean tonnes carbon per km2,27341.0,19072.737991965485
BEN,OOIL,agri_potential_carbon,8443.970667772015,117.54267891785193,mean tonnes carbon per km2,213.0,54.54399991899729
NER,OOIL,agri_potential_carbon,1760.6687783769896,37.24077784893155,mean tonnes carbon per km2,2974.0,87.74799993015826
NGA,OOIL,agri_potential_carbon,9483.578493754485,109.12405996450586,mean tonnes carbon per km2,4746.0,7193.795966920108
111,OOIL,agri_potential_carbon,3750.9409799362174,119.6471020249817,mean tonnes carbon per km2,51.0,3.922000000476838
112,OOIL,agri_potential_carbon,,,mean tonnes carbon per km2,,
113,OOIL,agri_potential_carbon,,,mean tonnes carbon per km2,,
114,OOIL,agri_potential_carbon,,,mean tonnes carbon per km2,,
115,OOIL,agri_potential_carbon,,,mean tonnes carbon per km2,,
116,OOIL,agri_potential_carbon,,,mean tonnes carbon per km2,,
117,OOIL,agri_potential_carbon,,,mean tonnes carbon per km2,,
118,OOIL,agri_potential_carbon,,,mean tonnes carbon per km2,,
119,OOIL,agri_potential_carbon,,,mean tonnes carbon per km2,,
120,OOIL,agri_potential_carbon,,,mean tonnes carbon per km2,,
121,OOIL,agri_potential_carbon,,,mean tonnes carbon per km2,,
122,OOIL,agri_potential_carbon,,,mean tonnes carbon per km2,,
123,OOIL,agri_potential_carbon,,,mean tonnes carbon per km2,,
124,OOIL,agri_potential_carbon,,,mean tonnes carbon per km2,,
125,OOIL,agri_potential_carbon,,,mean tonnes carbon per km2,,
126,OOIL,agri_potential_carbon,,,mean tonnes carbon per km2,,
127,OOIL,agri_potential_carbon,,,mean tonnes carbon per km2,,
128,OOIL,agri_potential_carbon,,,mean tonnes carbon per km2,,
129,OOIL,agri_potential_carbon,,,mean tonnes carbon per km2,,
ESH,OOIL,agri_potential_carbon,,,mean tonnes carbon per km2,,
AFG,CASS,agri_potential_carbon,,,mean tonnes carbon per km2,,
GBR,CASS,agri_potential_carbon,6992.834822246105,0.0,mean tonnes carbon per km2,1.0,0.01600000023841858
ALB,CASS,agri_potential_carbon,,,mean tonnes carbon per km2,,
DZA,CASS,agri_potential_carbon,,,mean tonnes carbon per km2,,
USA,CASS,agri_potential_carbon,12323.764500946487,827.2902056902923,mean tonnes carbon per km2,19.0,0.4199999998509884
ATA,CASS,agri_potential_carbon,,,mean tonnes carbon per km2,,
ATG,CASS,agri_potential_carbon,11697.90347564391,811.5728154546103,mean tonnes carbon per km2,6.0,0.20900000602006913
ARG,CASS,agri_potential_carbon,5427.9742275725675,127.53413465352759,mean tonnes carbon per km2,1855.0,181.39099994324147
AND,CASS,agri_potential_carbon,,,mean tonnes carbon per km2,,
AGO,CASS,agri_potential_carbon,7600.183906112898,52.67906845481426,mean tonnes carbon per km2,6158.0,7639.618000038341
ARM,CASS,agri_potential_carbon,,,mean tonnes carbon per km2,,
NLD,CASS,agri_potential_carbon,,,mean tonnes carbon per km2,,
AUS,CASS,agri_potential_carbon,,,mean tonnes carbon per km2,,
AUT,CASS,agri_potential_carbon,,,mean tonnes carbon per km2,,
AZE,CASS,agri_potential_carbon,,,mean tonnes carbon per km2,,
BHS,CASS,agri_potential_carbon,7070.579106053983,5928.329070833957,mean tonnes carbon per km2,8.0,0.3490000015497208
BRB,CASS,agri_potential_carbon,12585.106851402512,918.5535236438096,mean tonnes carbon per km2,6.0,0.21400000005960468
BLR,CASS,agri_potential_carbon,,,mean tonnes carbon per km2,,
BEL,CASS,agri_potential_carbon,,,mean tonnes carbon per km2,,
BLZ,CASS,agri_potential_carbon,6892.27722363123,683.7668692046237,mean tonnes carbon per km2,31.0,0.2000000004470348
BTN,CASS,agri_potential_carbon,,,mean tonnes carbon per km2,,
BOL,CASS,agri_potential_carbon,6687.974685694451,189.93941952578294,mean tonnes carbon per km2,3467.0,266.44299945279954
BIH,CASS,agri_potential_carbon,,,mean tonnes carbon per km2,,
BWA,CASS,agri_potential_carbon,,,mean tonnes carbon per km2,,
NOR,CASS,agri_potential_carbon,,,mean tonnes carbon per km2,,
COL,CASS,agri_potential_carbon,8555.422656440192,197.38972951937117,mean tonnes carbon per km2,4896.0,1740.079000835195
COM,CASS,agri_potential_carbon,,,mean tonnes carbon per km2,,
BRA,CASS,agri_potential_carbon,8476.971574807092,59.525366555281856,mean tonnes carbon per km2,48114.0,16458.560993680207
FRA,CASS,agri_potential_carbon,6784.99022583743,1673.0317645463117,mean tonnes carbon per km2,67.0,20.934999951422213
COD,CASS,agri_potential_carbon,11968.152547819187,72.40130625439136,mean tonnes carbon per km2,8948.0,17806.85299186349
COG,CASS,agri_potential_carbon,11447.439378902229,322.4278497486295,mean tonnes carbon per km2,550.0,434.0720001321286
NZL,CASS,agri_potential_carbon,0.0,0.0,mean tonnes carbon per km2,2.0,0.08
BRN,CASS,agri_potential_carbon,15661.93993619381,858.166942806581,mean tonnes carbon per km2,37.0,1.6670000071823596
BGR,CASS,agri_potential_carbon,,,mean tonnes carbon per km2,,
BFA,CASS,agri_potential_carbon,4089.0918933760768,58.3390483699925,mean tonnes carbon per km2,1947.0,26.328999947384
BDI,CASS,agri_potential_carbon,9642.005795734829,237.47523755662002,mean tonnes carbon per km2,182.0,1255.9340025169404
CPV,CASS,agri_potential_carbon,3468.1600804084333,548.7458450389726,mean tonnes carbon per km2,35.0,2.7330000340938567
KHM,CASS,agri_potential_carbon,14289.113623841406,117.18331816159363,mean tonnes carbon per km2,1357.0,2444.680996865258
CMR,CASS,agri_potential_carbon,12135.145412861679,232.5292890741587,mean tonnes carbon per km2,2265.0,1500.295002110079
CAN,CASS,agri_potential_carbon,,,mean tonnes carbon per km2,,
CRI,CASS,agri_potential_carbon,11482.493553271292,348.12391110432543,mean tonnes carbon per km2,155.0,123.69399936795233
CIV,CASS,agri_potential_carbon,14440.977371919893,163.66489018971626,mean tonnes carbon per km2,3120.0,3306.1959982709586
HRV,CASS,agri_potential_carbon,,,mean tonnes carbon per km2,,
CUB,CASS,agri_potential_carbon,12649.268479907714,213.46399334697355,mean tonnes carbon per km2,1178.0,705.9440000400691
CAF,CASS,agri_potential_carbon,8974.864392068781,224.15011711037934,mean tonnes carbon per km2,870.0,1089.137997892946
TCD,CASS,agri_potential_carbon,4312.012823693821,50.30568152474461,mean tonnes carbon per km2,2009.0,428.5239995136112
CHL,CASS,agri_potential_carbon,,,mean tonnes carbon per km2,,
CHN,CASS,agri_potential_carbon,11246.689000270568,219.53588782115557,mean tonnes carbon per km2,1712.0,2762.867997592166
CYP,CASS,agri_potential_carbon,,,mean tonnes carbon per km2,,
CZE,CASS,agri_potential_carbon,,,mean tonnes carbon per km2,,
DNK,CASS,agri_potential_carbon,,,mean tonnes carbon per km2,,
DJI,CASS,agri_potential_carbon,,,mean tonnes carbon per km2,,
DMA,CASS,agri_potential_carbon,7728.303267933074,621.042814856004,mean tonnes carbon per km2,9.0,1.0780000019073488
DOM,CASS,agri_potential_carbon,9718.190673496643,223.24064383713105,mean tonnes carbon per km2,505.0,230.76600032925603
ECU,CASS,agri_potential_carbon,6903.865651620963,463.30410562937834,mean tonnes carbon per km2,709.0,157.2679996545613
EGY,CASS,agri_potential_carbon,,,mean tonnes carbon per km2,,
SLV,CASS,agri_potential_carbon,9973.257765475497,138.2666799555252,mean tonnes carbon per km2,235.0,17.205000014305114
GNQ,CASS,agri_potential_carbon,11766.987151655145,1948.1068028486222,mean tonnes carbon per km2,36.0,35.76599982298911
ERI,CASS,agri_potential_carbon,,,mean tonnes carbon per km2,,
EST,CASS,agri_potential_carbon,,,mean tonnes carbon per km2,,
ETH,CASS,agri_potential_carbon,,,mean tonnes carbon per km2,,
FJI,CASS,agri_potential_carbon,12629.57691792865,736.9144758568463,mean tonnes carbon per km2,32.0,42.851999765038485
FIN,CASS,agri_potential_carbon,,,mean tonnes carbon per km2,,
GAB,CASS,agri_potential_carbon,12686.83644351767,741.6740195190573,mean tonnes carbon per km2,266.0,102.54899978213012
GMB,CASS,agri_potential_carbon,8115.931998388578,262.12151129507447,mean tonnes carbon per km2,125.0,26.465000013113023
MAR,CASS,agri_potential_carbon,,,mean tonnes carbon per km2,,
MOZ,CASS,agri_potential_carbon,7809.96335045981,42.713322728050876,mean tonnes carbon per km2,6064.0,12216.172012797892
NAM,CASS,agri_potential_carbon,,,mean tonnes carbon per km2,,
GEO,CASS,agri_potential_carbon,,,mean tonnes carbon per km2,,
DEU,CASS,agri_potential_carbon,,,mean tonnes carbon per km2,,
GHA,CASS,agri_potential_carbon,13695.817047991299,183.82169014843495,mean tonnes carbon per km2,1608.0,6938.296999207959
GRC,CASS,agri_potential_carbon,,,mean tonnes carbon per km2,,
GRL,CASS,agri_potential_carbon,,,mean tonnes carbon per km2,,
GRD,CASS,agri_potential_carbon,14269.427361232403,586.3258419569954,mean tonnes carbon per km2,5.0,0.39200000286102293
NRU,CASS,agri_potential_carbon,,,mean tonnes carbon per km2,,
GTM,CASS,agri_potential_carbon,9990.943430696843,80.97117056976285,mean tonnes carbon per km2,808.0,53.719999962300065
NPL,CASS,agri_potential_carbon,,,mean tonnes carbon per km2,,
GIN,CASS,agri_potential_carbon,9686.089978339096,88.78564192487998,mean tonnes carbon per km2,1703.0,924.1209996781498
GNB,CASS,agri_potential_carbon,11036.286012599467,332.01582982320156,mean tonnes carbon per km2,292.0,44.88399996064603
GUY,CASS,agri_potential_carbon,5940.967525135675,325.55002445069397,mean tonnes carbon per km2,322.0,3.2289999920129775
HTI,CASS,agri_potential_carbon,10572.84373595614,272.4351482553401,mean tonnes carbon per km2,322.0,1022.7819983718545
JOR,CASS,agri_potential_carbon,,,mean tonnes carbon per km2,,
HND,CASS,agri_potential_carbon,10349.628342470007,349.5069270100485,mean tonnes carbon per km2,272.0,32.187999926805496
HUN,CASS,agri_potential_carbon,,,mean tonnes carbon per km2,,
ISL,CASS,agri_potential_carbon,,,mean tonnes carbon per km2,,
IDN,CASS,agri_potential_carbon,9943.105230696205,170.44892986623915,mean tonnes carbon per km2,13474.0,11261.051995792763
IRN,CASS,agri_potential_carbon,,,mean tonnes carbon per km2,,
IRQ,CASS,agri_potential_carbon,,,mean tonnes carbon per km2,,
IRL,CASS,agri_potential_carbon,,,mean tonnes carbon per km2,,
KAZ,CASS,agri_potential_carbon,,,mean tonnes carbon per km2,,
KEN,CASS,agri_potential_carbon,8345.26632068389,232.1746513834823,mean tonnes carbon per km2,841.0,646.0819987409561
KIR,CASS,agri_potential_carbon,,,mean tonnes carbon per km2,,
PRK,CASS,agri_potential_carbon,,,mean tonnes carbon per km2,,
KOR,CASS,agri_potential_carbon,,,mean tonnes carbon per km2,,
XKX,CASS,agri_potential_carbon,,,mean tonnes carbon per km2,,
SRB,CASS,agri_potential_carbon,,,mean tonnes carbon per km2,,
SYC,CASS,agri_potential_carbon,,,mean tonnes carbon per km2,,
SLE,CASS,agri_potential_carbon,15586.963882945329,225.3234634509795,mean tonnes carbon per km2,351.0,2095.554999331236
SGP,CASS,agri_potential_carbon,,,mean tonnes carbon per km2,,
ITA,CASS,agri_potential_carbon,,,mean tonnes carbon per km2,,
JAM,CASS,agri_potential_carbon,11281.163273073249,456.4405055403044,mean tonnes carbon per km2,118.0,9.421999992877245
JPN,CASS,agri_potential_carbon,,,mean tonnes carbon per km2,,
KGZ,CASS,agri_potential_carbon,,,mean tonnes carbon per km2,,
LAO,CASS,agri_potential_carbon,12634.802701739347,166.10583599143547,mean tonnes carbon per km2,1581.0,205.0620000293851
LVA,CASS,agri_potential_carbon,,,mean tonnes carbon per km2,,
LBN,CASS,agri_potential_carbon,,,mean tonnes carbon per km2,,
LSO,CASS,agri_potential_carbon,,,mean tonnes carbon per km2,,
LBR,CASS,agri_potential_carbon,16967.01813106562,750.5428327939002,mean tonnes carbon per km2,112.0,155.938999992609
LBY,CASS,agri_potential_carbon,,,mean tonnes carbon per km2,,
LIE,CASS,agri_potential_carbon,,,mean tonnes carbon per km2,,
LTU,CASS,agri_potential_carbon,,,mean tonnes carbon per km2,,
LUX,CASS,agri_potential_carbon,,,mean tonnes carbon per km2,,
MCO,CASS,agri_potential_carbon,,,mean tonnes carbon per km2,,
MNG,CASS,agri_potential_carbon,,,mean tonnes carbon per km2,,
MNE,CASS,agri_potential_carbon,,,mean tonnes carbon per km2,,
MKD,CASS,agri_potential_carbon,,,mean tonnes carbon per km2,,
MDG,CASS,agri_potential_carbon,8194.629559937572,125.64183465416917,mean tonnes carbon per km2,3988.0,3651.88600317724
MWI,CASS,agri_potential_carbon,7134.212262998784,107.24258938618088,mean tonnes carbon per km2,873.0,1914.2300014202297
MYS,CASS,agri_potential_carbon,14296.675445475506,563.5938399136988,mean tonnes carbon per km2,924.0,27.995000101849435
MDV,CASS,agri_potential_carbon,,,mean tonnes carbon per km2,,
MLI,CASS,agri_potential_carbon,3733.2945599883774,121.03884900162431,mean tonnes carbon per km2,4745.0,30.041000152453783
MLT,CASS,agri_potential_carbon,,,mean tonnes carbon per km2,,
MHL,CASS,agri_potential_carbon,,,mean tonnes carbon per km2,,
MRT,CASS,agri_potential_carbon,,,mean tonnes carbon per km2,,
MUS,CASS,agri_potential_carbon,10765.334086152674,1029.283540390922,mean tonnes carbon per km2,23.0,0.2970000015944243
MEX,CASS,agri_potential_carbon,13707.414519998052,1290.9906866704525,mean tonnes carbon per km2,182.0,13.530000013932584
FSM,CASS,agri_potential_carbon,0.0,0.0,mean tonnes carbon per km2,3.0,0.8679999923706054
MDA,CASS,agri_potential_carbon,,,mean tonnes carbon per km2,,
NIC,CASS,agri_potential_carbon,10455.842205295083,105.64359386471776,mean tonnes carbon per km2,1127.0,99.1880000064522
OMN,CASS,agri_potential_carbon,,,mean tonnes carbon per km2,,
PAK,CASS,agri_potential_carbon,,,mean tonnes carbon per km2,,
PLW,CASS,agri_potential_carbon,,,mean tonnes carbon per km2,,
PAN,CASS,agri_potential_carbon,10583.704117455583,256.31963930348564,mean tonnes carbon per km2,559.0,15.45599996522069
PNG,CASS,agri_potential_carbon,8968.758575825517,482.8451943869629,mean tonnes carbon per km2,673.0,83.29499979406594
PRY,CASS,agri_potential_carbon,8323.996427996108,84.9207041894721,mean tonnes carbon per km2,2558.0,1789.8509987896682
PER,CASS,agri_potential_carbon,5126.81665590362,197.8679072755893,mean tonnes carbon per km2,1706.0,774.6909976443649
PHL,CASS,agri_potential_carbon,14627.334906876376,216.52555305869885,mean tonnes carbon per km2,2735.0,2091.367993872762
POL,CASS,agri_potential_carbon,,,mean tonnes carbon per km2,,
PRT,CASS,agri_potential_carbon,,,mean tonnes carbon per km2,,
ROU,CASS,agri_potential_carbon,,,mean tonnes carbon per km2,,
RUS,CASS,agri_potential_carbon,,,mean tonnes carbon per km2,,
RWA,CASS,agri_potential_carbon,8479.472575810058,533.1218798898335,mean tonnes carbon per km2,95.0,1099.0929971027372
WSM,CASS,agri_potential_carbon,,,mean tonnes carbon per km2,,
SMR,CASS,agri_potential_carbon,,,mean tonnes carbon per km2,,
TON,CASS,agri_potential_carbon,3274.856918198076,1540.1209963844867,mean tonnes carbon per km2,3.0,0.4970000076293945
TTO,CASS,agri_potential_carbon,11781.55111095539,1179.0616815952317,mean tonnes carbon per km2,34.0,7.888000037372112
TUN,CASS,agri_potential_carbon,,,mean tonnes carbon per km2,,
TKM,CASS,agri_potential_carbon,,,mean tonnes carbon per km2,,
STP,CASS,agri_potential_carbon,2224.270381406353,1069.4276355205895,mean tonnes carbon per km2,11.0,2.087000026702881
SAU,CASS,agri_potential_carbon,,,mean tonnes carbon per km2,,
SEN,CASS,agri_potential_carbon,5616.731942350783,256.46264906264093,mean tonnes carbon per km2,982.0,248.08400056853893
SVK,CASS,agri_potential_carbon,,,mean tonnes carbon per km2,,
SVN,CASS,agri_potential_carbon,,,mean tonnes carbon per km2,,
SLB,CASS,agri_potential_carbon,9074.791591208574,391.66373069212614,mean tonnes carbon per km2,136.0,1.3190000075101853
SOM,CASS,agri_potential_carbon,3797.295294613279,361.04730527369327,mean tonnes carbon per km2,1911.0,83.30200010828673
ZAF,CASS,agri_potential_carbon,,,mean tonnes carbon per km2,,
SSD,CASS,agri_potential_carbon,6508.399556705192,125.72594425726219,mean tonnes carbon per km2,1786.0,51.340000124126675
ESP,CASS,agri_potential_carbon,,,mean tonnes carbon per km2,,
LKA,CASS,agri_potential_carbon,10351.471524211065,174.30721345476255,mean tonnes carbon per km2,673.0,235.05800033710898
KNA,CASS,agri_potential_carbon,,,mean tonnes carbon per km2,,
LCA,CASS,agri_potential_carbon,9376.499251352046,963.7629518714277,mean tonnes carbon per km2,7.0,3.912999958992004
VCT,CASS,agri_potential_carbon,12591.698449618267,4316.88816273936,mean tonnes carbon per km2,3.0,0.33600000739097596
SDN,CASS,agri_potential_carbon,3180.5714830433944,0.0,mean tonnes carbon per km2,1.0,0.008999999761581421
SUR,CASS,agri_potential_carbon,7282.904452150066,1045.1939829479131,mean tonnes carbon per km2,49.0,1.4850000063329933
SWZ,CASS,agri_potential_carbon,,,mean tonnes carbon per km2,,
SWE,CASS,agri_potential_carbon,,,mean tonnes carbon per km2,,
CHE,CASS,agri_potential_carbon,,,mean tonnes carbon per km2,,
SYR,CASS,agri_potential_carbon,,,mean tonnes carbon per km2,,
TWN,CASS,agri_potential_carbon,,,mean tonnes carbon per km2,,
TJK,CASS,agri_potential_carbon,,,mean tonnes carbon per km2,,
TZA,CASS,agri_potential_carbon,8655.39492637677,60.70846874886085,mean tonnes carbon per km2,6001.0,8668.068995754944
THA,CASS,agri_potential_carbon,9420.655319320169,47.69046190723072,mean tonnes carbon per km2,4790.0,12090.715990060122
TLS,CASS,agri_potential_carbon,11923.7664040052,313.7328973448562,mean tonnes carbon per km2,140.0,59.77499998062851
TGO,CASS,agri_potential_carbon,9750.901839478765,140.94191628605088,mean tonnes carbon per km2,497.0,1411.6980030024051
TUV,CASS,agri_potential_carbon,,,mean tonnes carbon per km2,,
UGA,CASS,agri_potential_carbon,8337.69299252652,203.45295014379587,mean tonnes carbon per km2,1855.0,2465.874000982866
URY,CASS,agri_potential_carbon,,,mean tonnes carbon per km2,,
UZB,CASS,agri_potential_carbon,,,mean tonnes carbon per km2,,
VUT,CASS,agri_potential_carbon,,,mean tonnes carbon per km2,,
VAT,CASS,agri_potential_carbon,,,mean tonnes carbon per km2,,
VEN,CASS,agri_potential_carbon,6662.348237691687,225.93574472493773,mean tonnes carbon per km2,3864.0,304.7890001630783
VNM,CASS,agri_potential_carbon,13865.177123263824,120.94363158472464,mean tonnes carbon per km2,2903.0,5152.233001102805
ZMB,CASS,agri_potential_carbon,7646.695986086771,59.12148471367689,mean tonnes carbon per km2,4670.0,1935.112999149114
ZWE,CASS,agri_potential_carbon,6729.791111120996,101.52620860153314,mean tonnes carbon per km2,1070.0,475.64299972772596
YEM,CASS,agri_potential_carbon,,,mean tonnes carbon per km2,,
UKR,CASS,agri_potential_carbon,,,mean tonnes carbon per km2,,
BHR,CASS,agri_potential_carbon,,,mean tonnes carbon per km2,,
KWT,CASS,agri_potential_carbon,,,mean tonnes carbon per km2,,
QAT,CASS,agri_potential_carbon,,,mean tonnes carbon per km2,,
ARE,CASS,agri_potential_carbon,,,mean tonnes carbon per km2,,
TUR,CASS,agri_potential_carbon,,,mean tonnes carbon per km2,,
ISR,CASS,agri_potential_carbon,,,mean tonnes carbon per km2,,
BGD,CASS,agri_potential_carbon,12183.936944804786,1367.630681780235,mean tonnes carbon per km2,4.0,0.43299998581409455
MMR,CASS,agri_potential_carbon,9774.118727394782,122.85654021599672,mean tonnes carbon per km2,1489.0,416.4180008673668
IND,CASS,agri_potential_carbon,7900.877587750323,188.70755203186408,mean tonnes carbon per km2,4393.0,2427.315998639241
BEN,CASS,agri_potential_carbon,10587.52204852026,193.68165075805095,mean tonnes carbon per km2,1115.0,1600.7979997780174
NER,CASS,agri_potential_carbon,1612.7102401155903,63.8478822387446,mean tonnes carbon per km2,75.0,57.14099974825978
NGA,CASS,agri_potential_carbon,10068.364582131659,66.3781147890402,mean tonnes carbon per km2,7074.0,28894.06397658579
111,CASS,agri_potential_carbon,,,mean tonnes carbon per km2,,
112,CASS,agri_potential_carbon,,,mean tonnes carbon per km2,,
113,CASS,agri_potential_carbon,,,mean tonnes carbon per km2,,
114,CASS,agri_potential_carbon,,,mean tonnes carbon per km2,,
115,CASS,agri_potential_carbon,,,mean tonnes carbon per km2,,
116,CASS,agri_potential_carbon,,,mean tonnes carbon per km2,,
117,CASS,agri_potential_carbon,,,mean tonnes carbon per km2,,
118,CASS,agri_potential_carbon,,,mean tonnes carbon per km2,,
119,CASS,agri_potential_carbon,,,mean tonnes carbon per km2,,
120,CASS,agri_potential_carbon,,,mean tonnes carbon per km2,,
121,CASS,agri_potential_carbon,,,mean tonnes carbon per km2,,
122,CASS,agri_potential_carbon,,,mean tonnes carbon per km2,,
123,CASS,agri_potential_carbon,,,mean tonnes carbon per km2,,
124,CASS,agri_potential_carbon,,,mean tonnes carbon per km2,,
125,CASS,agri_potential_carbon,,,mean tonnes carbon per km2,,
126,CASS,agri_potential_carbon,,,mean tonnes carbon per km2,,
127,CASS,agri_potential_carbon,,,mean tonnes carbon per km2,,
128,CASS,agri_potential_carbon,,,mean tonnes carbon per km2,,
129,CASS,agri_potential_carbon,,,mean tonnes carbon per km2,,
ESH,CASS,agri_potential_carbon,,,mean tonnes carbon per km2,,
AFG,OFIB,agri_potential_carbon,1358.8438217940234,0.0,mean tonnes carbon per km2,1.0,0.017000000476837158
GBR,OFIB,agri_potential_carbon,18113.62098606945,101.32776990273703,mean tonnes carbon per km2,2447.0,108.56399993449449
ALB,OFIB,agri_potential_carbon,,,mean tonnes carbon per km2,,
DZA,OFIB,agri_potential_carbon,,,mean tonnes carbon per km2,,
USA,OFIB,agri_potential_carbon,,,mean tonnes carbon per km2,,
ATA,OFIB,agri_potential_carbon,,,mean tonnes carbon per km2,,
ATG,OFIB,agri_potential_carbon,,,mean tonnes carbon per km2,,
ARG,OFIB,agri_potential_carbon,4605.786388420024,126.60593019886251,mean tonnes carbon per km2,173.0,44.48999988466501
AND,OFIB,agri_potential_carbon,,,mean tonnes carbon per km2,,
AGO,OFIB,agri_potential_carbon,6671.644307800562,110.19944510382557,mean tonnes carbon per km2,903.0,15.32500003427267
ARM,OFIB,agri_potential_carbon,,,mean tonnes carbon per km2,,
NLD,OFIB,agri_potential_carbon,10980.221136695884,161.9667453164176,mean tonnes carbon per km2,471.0,29.427000099644065
AUS,OFIB,agri_potential_carbon,,,mean tonnes carbon per km2,,
AUT,OFIB,agri_potential_carbon,12392.855202553088,180.84621388871665,mean tonnes carbon per km2,665.0,4.858000024333596
AZE,OFIB,agri_potential_carbon,,,mean tonnes carbon per km2,,
BHS,OFIB,agri_potential_carbon,,,mean tonnes carbon per km2,,
BRB,OFIB,agri_potential_carbon,,,mean tonnes carbon per km2,,
BLR,OFIB,agri_potential_carbon,14112.553361918248,131.55769812330084,mean tonnes carbon per km2,2282.0,616.6799996415525
BEL,OFIB,agri_potential_carbon,14068.98224380971,138.24643662080905,mean tonnes carbon per km2,455.0,110.86099985517562
BLZ,OFIB,agri_potential_carbon,,,mean tonnes carbon per km2,,
BTN,OFIB,agri_potential_carbon,15372.268437703682,4525.223431571712,mean tonnes carbon per km2,49.0,41.4660007262975
BOL,OFIB,agri_potential_carbon,,,mean tonnes carbon per km2,,
BIH,OFIB,agri_potential_carbon,,,mean tonnes carbon per km2,,
BWA,OFIB,agri_potential_carbon,3280.056793753349,0.0,mean tonnes carbon per km2,1.0,0.01600000023841858
NOR,OFIB,agri_potential_carbon,,,mean tonnes carbon per km2,,
COL,OFIB,agri_potential_carbon,7679.147252763028,659.9209287961644,mean tonnes carbon per km2,791.0,160.1210006674379
COM,OFIB,agri_potential_carbon,,,mean tonnes carbon per km2,,
BRA,OFIB,agri_potential_carbon,2877.6327947652994,358.1509632545545,mean tonnes carbon per km2,1629.0,2850.550992150605
FRA,OFIB,agri_potential_carbon,11778.650776694882,38.52927951084362,mean tonnes carbon per km2,8400.0,582.7410000938922
COD,OFIB,agri_potential_carbon,12300.60189883781,73.97919537840808,mean tonnes carbon per km2,5316.0,86.699000075683
COG,OFIB,agri_potential_carbon,10912.63045633353,2115.839744338583,mean tonnes carbon per km2,8.0,0.04800000011920929
NZL,OFIB,agri_potential_carbon,7357.133421420339,195.98466974185726,mean tonnes carbon per km2,139.0,61.86099992513657
BRN,OFIB,agri_potential_carbon,10597.418007964778,0.0,mean tonnes carbon per km2,1.0,0.0020000000298023225
BGR,OFIB,agri_potential_carbon,5730.4926492362465,96.44416844734003,mean tonnes carbon per km2,476.0,0.9010000176727773
BFA,OFIB,agri_potential_carbon,4151.40763508944,1056.8158370215813,mean tonnes carbon per km2,4.0,0.065
BDI,OFIB,agri_potential_carbon,,,mean tonnes carbon per km2,,
CPV,OFIB,agri_potential_carbon,,,mean tonnes carbon per km2,,
KHM,OFIB,agri_potential_carbon,12990.774883903941,174.47691176180092,mean tonnes carbon per km2,348.0,4.105000004842878
CMR,OFIB,agri_potential_carbon,5990.885184437874,207.29141403334475,mean tonnes carbon per km2,1076.0,1.9240000196546316
CAN,OFIB,agri_potential_carbon,4618.652085717133,44.9922499037768,mean tonnes carbon per km2,13874.0,239.07599998556077
CRI,OFIB,agri_potential_carbon,7033.895190197616,596.4238290107164,mean tonnes carbon per km2,305.0,7.570000056773424
CIV,OFIB,agri_potential_carbon,11691.487221468042,393.82246910501806,mean tonnes carbon per km2,3.0,0.015999999940395356
HRV,OFIB,agri_potential_carbon,8191.415215410916,1577.217081332974,mean tonnes carbon per km2,2.0,0.006000000238418579
CUB,OFIB,agri_potential_carbon,11954.811097837748,199.06447396622931,mean tonnes carbon per km2,1048.0,79.77599998824299
CAF,OFIB,agri_potential_carbon,8619.864531174702,292.91235895817454,mean tonnes carbon per km2,621.0,6.361000019311905
TCD,OFIB,agri_potential_carbon,3153.6718759610226,694.7232732376386,mean tonnes carbon per km2,6.0,0.038999999463558206
CHL,OFIB,agri_potential_carbon,3992.077344335754,112.60097479032123,mean tonnes carbon per km2,1090.0,180.00999956600367
CHN,OFIB,agri_potential_carbon,8675.768507159122,146.98424336859426,mean tonnes carbon per km2,10678.0,1368.2689996064455
CYP,OFIB,agri_potential_carbon,,,mean tonnes carbon per km2,,
CZE,OFIB,agri_potential_carbon,14041.441385495338,136.81856589369428,mean tonnes carbon per km2,968.0,1.543000026270747
DNK,OFIB,agri_potential_carbon,,,mean tonnes carbon per km2,,
DJI,OFIB,agri_potential_carbon,,,mean tonnes carbon per km2,,
DMA,OFIB,agri_potential_carbon,,,mean tonnes carbon per km2,,
DOM,OFIB,agri_potential_carbon,9688.877413440841,755.4848973615328,mean tonnes carbon per km2,231.0,0.6490000069141386
ECU,OFIB,agri_potential_carbon,9248.436594189046,249.44622571637078,mean tonnes carbon per km2,831.0,274.70100043043493
EGY,OFIB,agri_potential_carbon,814.7237605040093,75.75444733173956,mean tonnes carbon per km2,400.0,107.0909998536855
SLV,OFIB,agri_potential_carbon,9649.41838726378,157.08782234952707,mean tonnes carbon per km2,236.0,46.61599984504283
GNQ,OFIB,agri_potential_carbon,8687.728287331931,1599.4189807859702,mean tonnes carbon per km2,40.0,2.3709999999403957
ERI,OFIB,agri_potential_carbon,1464.5743297120111,64.5525583797204,mean tonnes carbon per km2,2.0,1.1
EST,OFIB,agri_potential_carbon,13748.899972482797,217.3505230360625,mean tonnes carbon per km2,363.0,0.448000006750226
ETH,OFIB,agri_potential_carbon,8891.617795972208,164.17564201520685,mean tonnes carbon per km2,4428.0,3018.766998831108
FJI,OFIB,agri_potential_carbon,,,mean tonnes carbon per km2,,
FIN,OFIB,agri_potential_carbon,,,mean tonnes carbon per km2,,
GAB,OFIB,agri_potential_carbon,,,mean tonnes carbon per km2,,
GMB,OFIB,agri_potential_carbon,,,mean tonnes carbon per km2,,
MAR,OFIB,agri_potential_carbon,1950.0997497511105,349.27252932321045,mean tonnes carbon per km2,300.0,36.65499990567565
MOZ,OFIB,agri_potential_carbon,8861.971901145133,368.3608621792296,mean tonnes carbon per km2,829.0,47.17899985067546
NAM,OFIB,agri_potential_carbon,,,mean tonnes carbon per km2,,
GEO,OFIB,agri_potential_carbon,,,mean tonnes carbon per km2,,
DEU,OFIB,agri_potential_carbon,11339.656994413761,896.9120504724726,mean tonnes carbon per km2,9.0,0.6939999902248383
GHA,OFIB,agri_potential_carbon,,,mean tonnes carbon per km2,,
GRC,OFIB,agri_potential_carbon,,,mean tonnes carbon per km2,,
GRL,OFIB,agri_potential_carbon,,,mean tonnes carbon per km2,,
GRD,OFIB,agri_potential_carbon,,,mean tonnes carbon per km2,,
NRU,OFIB,agri_potential_carbon,,,mean tonnes carbon per km2,,
GTM,OFIB,agri_potential_carbon,9157.484342460362,256.9832790996029,mean tonnes carbon per km2,358.0,5.062000020071864
NPL,OFIB,agri_potential_carbon,8516.890137709932,427.45437566120063,mean tonnes carbon per km2,397.0,122.09600031509996
GIN,OFIB,agri_potential_carbon,9074.547406292708,185.64057715778657,mean tonnes carbon per km2,1148.0,12.099000036641957
GNB,OFIB,agri_potential_carbon,9516.666666666668,0.0,mean tonnes carbon per km2,1.0,0.0010000000149011613
GUY,OFIB,agri_potential_carbon,,,mean tonnes carbon per km2,,
HTI,OFIB,agri_potential_carbon,8312.463332136998,704.9389216445991,mean tonnes carbon per km2,323.0,91.74699961841105
JOR,OFIB,agri_potential_carbon,,,mean tonnes carbon per km2,,
HND,OFIB,agri_potential_carbon,7451.007209670863,0.0,mean tonnes carbon per km2,1.0,0.095
HUN,OFIB,agri_potential_carbon,7090.466048703416,84.12684766758267,mean tonnes carbon per km2,1249.0,4.658000073954463
ISL,OFIB,agri_potential_carbon,,,mean tonnes carbon per km2,,
IDN,OFIB,agri_potential_carbon,8662.357364266049,257.49428594096486,mean tonnes carbon per km2,6174.0,1284.6040015692265
IRN,OFIB,agri_potential_carbon,,,mean tonnes carbon per km2,,
IRQ,OFIB,agri_potential_carbon,,,mean tonnes carbon per km2,,
IRL,OFIB,agri_potential_carbon,,,mean tonnes carbon per km2,,
KAZ,OFIB,agri_potential_carbon,4983.6120010347495,633.0779650136715,mean tonnes carbon per km2,18.0,0.2459999993443489
KEN,OFIB,agri_potential_carbon,8169.72969150651,237.4314588085694,mean tonnes carbon per km2,103.0,293.18700100332507
KIR,OFIB,agri_potential_carbon,,,mean tonnes carbon per km2,,
PRK,OFIB,agri_potential_carbon,8930.133262649975,58.67586882542155,mean tonnes carbon per km2,1256.0,200.2939998846501
KOR,OFIB,agri_potential_carbon,8604.88235026374,297.85717928259857,mean tonnes carbon per km2,15.0,0.015000000223517418
XKX,OFIB,agri_potential_carbon,,,mean tonnes carbon per km2,,
SRB,OFIB,agri_potential_carbon,,,mean tonnes carbon per km2,,
SYC,OFIB,agri_potential_carbon,,,mean tonnes carbon per km2,,
SLE,OFIB,agri_potential_carbon,15827.017055035461,0.0,mean tonnes carbon per km2,1.0,0.004000000059604645
SGP,OFIB,agri_potential_carbon,,,mean tonnes carbon per km2,,
ITA,OFIB,agri_potential_carbon,8092.946600315296,88.13678235989036,mean tonnes carbon per km2,1852.0,10.864000067636372
JAM,OFIB,agri_potential_carbon,11019.503571608991,394.2577486185767,mean tonnes carbon per km2,118.0,5.566999996677041
JPN,OFIB,agri_potential_carbon,,,mean tonnes carbon per km2,,
KGZ,OFIB,agri_potential_carbon,1675.1559752961257,490.7609676501809,mean tonnes carbon per km2,5.0,0.042000001072883604
LAO,OFIB,agri_potential_carbon,13218.785967066477,263.9090831975296,mean tonnes carbon per km2,693.0,6.303000024259091
LVA,OFIB,agri_potential_carbon,13507.521973785202,622.41890516579,mean tonnes carbon per km2,447.0,0.5890000067651271
LBN,OFIB,agri_potential_carbon,,,mean tonnes carbon per km2,,
LSO,OFIB,agri_potential_carbon,5313.424096634106,0.0,mean tonnes carbon per km2,1.0,0.00800000011920929
LBR,OFIB,agri_potential_carbon,,,mean tonnes carbon per km2,,
LBY,OFIB,agri_potential_carbon,,,mean tonnes carbon per km2,,
LIE,OFIB,agri_potential_carbon,,,mean tonnes carbon per km2,,
LTU,OFIB,agri_potential_carbon,11257.021787935913,1640.1678308571986,mean tonnes carbon per km2,74.0,0.43400000847876075
LUX,OFIB,agri_potential_carbon,14899.705313269536,0.0,mean tonnes carbon per km2,1.0,0.17100000381469727
MCO,OFIB,agri_potential_carbon,,,mean tonnes carbon per km2,,
MNG,OFIB,agri_potential_carbon,,,mean tonnes carbon per km2,,
MNE,OFIB,agri_potential_carbon,,,mean tonnes carbon per km2,,
MKD,OFIB,agri_potential_carbon,,,mean tonnes carbon per km2,,
MDG,OFIB,agri_potential_carbon,8482.686457067328,96.28216129181088,mean tonnes carbon per km2,3533.0,127.89499966606499
MWI,OFIB,agri_potential_carbon,6875.8328468511245,64.8881753793986,mean tonnes carbon per km2,543.0,5.462000003233552
MYS,OFIB,agri_potential_carbon,14377.868397350367,141.98672563773437,mean tonnes carbon per km2,2330.0,9.752000109404326
MDV,OFIB,agri_potential_carbon,,,mean tonnes carbon per km2,,
MLI,OFIB,agri_potential_carbon,2696.8308516120956,51.10830459781986,mean tonnes carbon per km2,3000.0,25.31000007197261
MLT,OFIB,agri_potential_carbon,,,mean tonnes carbon per km2,,
MHL,OFIB,agri_potential_carbon,,,mean tonnes carbon per km2,,
MRT,OFIB,agri_potential_carbon,,,mean tonnes carbon per km2,,
MUS,OFIB,agri_potential_carbon,10058.326510408344,1221.2225902757448,mean tonnes carbon per km2,23.0,0.841000000089407
MEX,OFIB,agri_potential_carbon,5184.915789539811,176.8486669940741,mean tonnes carbon per km2,71.0,228.37099636077878
FSM,OFIB,agri_potential_carbon,,,mean tonnes carbon per km2,,
MDA,OFIB,agri_potential_carbon,4430.195391759173,637.3558800640885,mean tonnes carbon per km2,6.0,0.04
NIC,OFIB,agri_potential_carbon,10537.899465077491,101.80187489041808,mean tonnes carbon per km2,1025.0,51.63600005120039
OMN,OFIB,agri_potential_carbon,,,mean tonnes carbon per km2,,
PAK,OFIB,agri_potential_carbon,351.88370250371764,87.23171488891195,mean tonnes carbon per km2,314.0,11.768000159263611
PLW,OFIB,agri_potential_carbon,,,mean tonnes carbon per km2,,
PAN,OFIB,agri_potential_carbon,6868.638602799049,2992.550016237134,mean tonnes carbon per km2,2.0,0.004000000059604645
PNG,OFIB,agri_potential_carbon,,,mean tonnes carbon per km2,,
PRY,OFIB,agri_potential_carbon,,,mean tonnes carbon per km2,,
PER,OFIB,agri_potential_carbon,1151.5616339360229,852.0735079869709,mean tonnes carbon per km2,25.0,1.110999997332692
PHL,OFIB,agri_potential_carbon,13400.555442954483,146.58044450942566,mean tonnes carbon per km2,2092.0,943.0109993033856
POL,OFIB,agri_potential_carbon,14254.035148628238,53.457115022286324,mean tonnes carbon per km2,4897.0,11.658000231236219
PRT,OFIB,agri_potential_carbon,,,mean tonnes carbon per km2,,
ROU,OFIB,agri_potential_carbon,5812.481327431227,66.47863696407518,mean tonnes carbon per km2,3104.0,32.52100001290441
RUS,OFIB,agri_potential_carbon,9050.1377528949,36.51251759941887,mean tonnes carbon per km2,23705.0,670.1760002098978
RWA,OFIB,agri_potential_carbon,3716.2081864220063,0.0,mean tonnes carbon per km2,1.0,0.0030000001192092896
WSM,OFIB,agri_potential_carbon,,,mean tonnes carbon per km2,,
SMR,OFIB,agri_potential_carbon,,,mean tonnes carbon per km2,,
TON,OFIB,agri_potential_carbon,,,mean tonnes carbon per km2,,
TTO,OFIB,agri_potential_carbon,,,mean tonnes carbon per km2,,
TUN,OFIB,agri_potential_carbon,,,mean tonnes carbon per km2,,
TKM,OFIB,agri_potential_carbon,1582.6858731479608,0.0,mean tonnes carbon per km2,1.0,0.0020000000298023225
STP,OFIB,agri_potential_carbon,,,mean tonnes carbon per km2,,
SAU,OFIB,agri_potential_carbon,,,mean tonnes carbon per km2,,
SEN,OFIB,agri_potential_carbon,4449.420553080157,1842.9523101861191,mean tonnes carbon per km2,2.0,0.01300000011920929
SVK,OFIB,agri_potential_carbon,10210.080725589105,159.25065956092703,mean tonnes carbon per km2,564.0,1.4540000273287297
SVN,OFIB,agri_potential_carbon,9390.075645355813,2138.852734246204,mean tonnes carbon per km2,3.0,0.010000000149011612
SLB,OFIB,agri_potential_carbon,,,mean tonnes carbon per km2,,
SOM,OFIB,agri_potential_carbon,,,mean tonnes carbon per km2,,
ZAF,OFIB,agri_potential_carbon,6458.300645450887,99.6194011889063,mean tonnes carbon per km2,2858.0,59.106000001579524
SSD,OFIB,agri_potential_carbon,0.0,0.0,mean tonnes carbon per km2,1.0,0.0010000000149011613
ESP,OFIB,agri_potential_carbon,11075.771696119515,720.4599792931333,mean tonnes carbon per km2,2.0,0.15100000381469728
LKA,OFIB,agri_potential_carbon,,,mean tonnes carbon per km2,,
KNA,OFIB,agri_potential_carbon,,,mean tonnes carbon per km2,,
LCA,OFIB,agri_potential_carbon,,,mean tonnes carbon per km2,,
VCT,OFIB,agri_potential_carbon,,,mean tonnes carbon per km2,,
SDN,OFIB,agri_potential_carbon,2638.620594698599,0.0,mean tonnes carbon per km2,1.0,8.450999755859375
SUR,OFIB,agri_potential_carbon,,,mean tonnes carbon per km2,,
SWZ,OFIB,agri_potential_carbon,,,mean tonnes carbon per km2,,
SWE,OFIB,agri_potential_carbon,,,mean tonnes carbon per km2,,
CHE,OFIB,agri_potential_carbon,11405.854125404718,0.0,mean tonnes carbon per km2,1.0,0.0030000001192092896
SYR,OFIB,agri_potential_carbon,,,mean tonnes carbon per km2,,
TWN,OFIB,agri_potential_carbon,16036.35675018736,1119.7909320601727,mean tonnes carbon per km2,71.0,11.29900015756488
TJK,OFIB,agri_potential_carbon,1027.5560538269174,208.48461179465912,mean tonnes carbon per km2,6.0,0.11200000025331974
TZA,OFIB,agri_potential_carbon,5196.281426669806,328.2453172157606,mean tonnes carbon per km2,94.0,508.8170028686524
THA,OFIB,agri_potential_carbon,9256.841144132874,54.85622897755769,mean tonnes carbon per km2,1957.0,320.3590002834797
TLS,OFIB,agri_potential_carbon,,,mean tonnes carbon per km2,,
TGO,OFIB,agri_potential_carbon,,,mean tonnes carbon per km2,,
TUV,OFIB,agri_potential_carbon,,,mean tonnes carbon per km2,,
UGA,OFIB,agri_potential_carbon,,,mean tonnes carbon per km2,,
URY,OFIB,agri_potential_carbon,,,mean tonnes carbon per km2,,
UZB,OFIB,agri_potential_carbon,1257.139167521712,17.489566194978398,mean tonnes carbon per km2,1127.0,17.603999954462054
VUT,OFIB,agri_potential_carbon,,,mean tonnes carbon per km2,,
VAT,OFIB,agri_potential_carbon,,,mean tonnes carbon per km2,,
VEN,OFIB,agri_potential_carbon,4322.751265934041,585.4181109724366,mean tonnes carbon per km2,73.0,15.79399994544685
VNM,OFIB,agri_potential_carbon,13431.071788048317,87.68735424894848,mean tonnes carbon per km2,3210.0,125.96599994912744
ZMB,OFIB,agri_potential_carbon,8639.09352312506,939.0252625126105,mean tonnes carbon per km2,11.0,0.14299999967217444
ZWE,OFIB,agri_potential_carbon,5209.17055380139,56.80961778888256,mean tonnes carbon per km2,3059.0,40.0420000936836
YEM,OFIB,agri_potential_carbon,,,mean tonnes carbon per km2,,
UKR,OFIB,agri_potential_carbon,7694.908345487489,57.67195216321084,mean tonnes carbon per km2,9346.0,32.23200063161552
BHR,OFIB,agri_potential_carbon,,,mean tonnes carbon per km2,,
KWT,OFIB,agri_potential_carbon,,,mean tonnes carbon per km2,,
QAT,OFIB,agri_potential_carbon,,,mean tonnes carbon per km2,,
ARE,OFIB,agri_potential_carbon,,,mean tonnes carbon per km2,,
TUR,OFIB,agri_potential_carbon,5533.889800292207,115.93307567912112,mean tonnes carbon per km2,106.0,0.10800000160932541
ISR,OFIB,agri_potential_carbon,,,mean tonnes carbon per km2,,
BGD,OFIB,agri_potential_carbon,9199.20581988857,171.81000491041002,mean tonnes carbon per km2,1054.0,5299.777996258288
MMR,OFIB,agri_potential_carbon,12309.078217897428,383.5350405973841,mean tonnes carbon per km2,495.0,97.6340001217276
IND,OFIB,agri_potential_carbon,7864.179275205768,141.30591846633715,mean tonnes carbon per km2,11891.0,8582.628994447887
BEN,OFIB,agri_potential_carbon,6850.24798874707,213.8512091762982,mean tonnes carbon per km2,2.0,0.0020000000298023225
NER,OFIB,agri_potential_carbon,492.9038975570124,443.4422368021687,mean tonnes carbon per km2,9.0,0.11699999921023846
NGA,OFIB,agri_potential_carbon,5208.055257900021,132.68676326432282,mean tonnes carbon per km2,4606.0,9.19300012074411
111,OFIB,agri_potential_carbon,,,mean tonnes carbon per km2,,
112,OFIB,agri_potential_carbon,,,mean tonnes carbon per km2,,
113,OFIB,agri_potential_carbon,,,mean tonnes carbon per km2,,
114,OFIB,agri_potential_carbon,,,mean tonnes carbon per km2,,
115,OFIB,agri_potential_carbon,,,mean tonnes carbon per km2,,
116,OFIB,agri_potential_carbon,,,mean tonnes carbon per km2,,
117,OFIB,agri_potential_carbon,,,mean tonnes carbon per km2,,
118,OFIB,agri_potential_carbon,,,mean tonnes carbon per km2,,
119,OFIB,agri_potential_carbon,,,mean tonnes carbon per km2,,
120,OFIB,agri_potential_carbon,,,mean tonnes carbon per km2,,
121,OFIB,agri_potential_carbon,,,mean tonnes carbon per km2,,
122,OFIB,agri_potential_carbon,,,mean tonnes carbon per km2,,
123,OFIB,agri_potential_carbon,,,mean tonnes carbon per km2,,
124,OFIB,agri_potential_carbon,,,mean tonnes carbon per km2,,
125,OFIB,agri_potential_carbon,,,mean tonnes carbon per km2,,
126,OFIB,agri_potential_carbon,,,mean tonnes carbon per km2,,
127,OFIB,agri_potential_carbon,,,mean tonnes carbon per km2,,
128,OFIB,agri_potential_carbon,,,mean tonnes carbon per km2,,
129,OFIB,agri_potential_carbon,,,mean tonnes carbon per km2,,
ESH,OFIB,agri_potential_carbon,,,mean tonnes carbon per km2,,
AFG,SWPO,agri_potential_carbon,,,mean tonnes carbon per km2,,
GBR,SWPO,agri_potential_carbon,8400.874026096142,1056.8093968103801,mean tonnes carbon per km2,4.0,0.09400000214576722
ALB,SWPO,agri_potential_carbon,,,mean tonnes carbon per km2,,
DZA,SWPO,agri_potential_carbon,,,mean tonnes carbon per km2,,
USA,SWPO,agri_potential_carbon,7902.0438584265175,309.087849115574,mean tonnes carbon per km2,6398.0,406.5329994176328
ATA,SWPO,agri_potential_carbon,,,mean tonnes carbon per km2,,
ATG,SWPO,agri_potential_carbon,11513.563508855957,739.4127098153132,mean tonnes carbon per km2,6.0,0.3999999952316284
ARG,SWPO,agri_potential_carbon,4790.307818349845,104.58033700694546,mean tonnes carbon per km2,4944.0,215.90199967332188
AND,SWPO,agri_potential_carbon,,,mean tonnes carbon per km2,,
AGO,SWPO,agri_potential_carbon,7822.031672393392,60.19926877408581,mean tonnes carbon per km2,6202.0,1008.865001020059
ARM,SWPO,agri_potential_carbon,,,mean tonnes carbon per km2,,
NLD,SWPO,agri_potential_carbon,,,mean tonnes carbon per km2,,
AUS,SWPO,agri_potential_carbon,5658.469668756728,75.33983907599824,mean tonnes carbon per km2,2074.0,16.699000002443793
AUT,SWPO,agri_potential_carbon,8242.354689916772,0.0,mean tonnes carbon per km2,1.0,0.0010000000149011613
AZE,SWPO,agri_potential_carbon,,,mean tonnes carbon per km2,,
BHS,SWPO,agri_potential_carbon,7058.693338174096,5954.999050765351,mean tonnes carbon per km2,8.0,3.765999999046326
BRB,SWPO,agri_potential_carbon,12606.455790452324,921.5096731845939,mean tonnes carbon per km2,6.0,0.38199999928474426
BLR,SWPO,agri_potential_carbon,,,mean tonnes carbon per km2,,
BEL,SWPO,agri_potential_carbon,,,mean tonnes carbon per km2,,
BLZ,SWPO,agri_potential_carbon,7175.125370251316,653.010075051705,mean tonnes carbon per km2,24.0,0.04100000098347664
BTN,SWPO,agri_potential_carbon,5808.234203413311,3305.8750077789387,mean tonnes carbon per km2,6.0,0.7080000066757203
BOL,SWPO,agri_potential_carbon,6728.91391324058,217.41091042276173,mean tonnes carbon per km2,1755.0,12.381000057011844
BIH,SWPO,agri_potential_carbon,,,mean tonnes carbon per km2,,
BWA,SWPO,agri_potential_carbon,,,mean tonnes carbon per km2,,
NOR,SWPO,agri_potential_carbon,,,mean tonnes carbon per km2,,
COL,SWPO,agri_potential_carbon,4631.564298744055,1149.4789650721461,mean tonnes carbon per km2,3.0,0.007000000178813935
COM,SWPO,agri_potential_carbon,,,mean tonnes carbon per km2,,
BRA,SWPO,agri_potential_carbon,6298.87271661933,182.94270545852424,mean tonnes carbon per km2,9016.0,413.0849994651228
FRA,SWPO,agri_potential_carbon,9710.799688609817,760.7897544439181,mean tonnes carbon per km2,35.0,8.039999990463258
COD,SWPO,agri_potential_carbon,11214.765934103409,83.20714954234063,mean tonnes carbon per km2,10526.0,441.2089994500578
COG,SWPO,agri_potential_carbon,10854.581924624425,300.1497551108823,mean tonnes carbon per km2,596.0,4.342000015228987
NZL,SWPO,agri_potential_carbon,7446.720008702308,191.4252440647269,mean tonnes carbon per km2,185.0,8.374999927282333
BRN,SWPO,agri_potential_carbon,15601.312553103016,853.128429679379,mean tonnes carbon per km2,37.0,0.3439999964833259
BGR,SWPO,agri_potential_carbon,,,mean tonnes carbon per km2,,
BFA,SWPO,agri_potential_carbon,5273.61388529199,211.14594064409826,mean tonnes carbon per km2,1521.0,84.30800017103553
BDI,SWPO,agri_potential_carbon,9815.982621872517,271.9170209910836,mean tonnes carbon per km2,208.0,1395.6650003681334
CPV,SWPO,agri_potential_carbon,3225.2548179703417,528.7427109482002,mean tonnes carbon per km2,35.0,3.0730000555515287
KHM,SWPO,agri_potential_carbon,13379.165829369966,148.02299582208153,mean tonnes carbon per km2,1379.0,91.96599979668855
CMR,SWPO,agri_potential_carbon,8597.381470834494,186.2866263959939,mean tonnes carbon per km2,2290.0,395.67599939025934
CAN,SWPO,agri_potential_carbon,,,mean tonnes carbon per km2,,
CRI,SWPO,agri_potential_carbon,10294.127402997767,352.5198245763517,mean tonnes carbon per km2,63.0,1.2770000075548886
CIV,SWPO,agri_potential_carbon,14539.692988829493,113.0693628396607,mean tonnes carbon per km2,3182.0,233.41799984253944
HRV,SWPO,agri_potential_carbon,,,mean tonnes carbon per km2,,
CUB,SWPO,agri_potential_carbon,12630.424652539492,214.42183058538785,mean tonnes carbon per km2,1181.0,673.2780004172027
CAF,SWPO,agri_potential_carbon,4195.9287411586565,1966.150992306238,mean tonnes carbon per km2,5.0,0.13100000217556954
TCD,SWPO,agri_potential_carbon,4196.724209893877,52.65239359114284,mean tonnes carbon per km2,1807.0,140.85900005564093
CHL,SWPO,agri_potential_carbon,1725.74238711774,577.1261413842285,mean tonnes carbon per km2,93.0,12.767999895140528
CHN,SWPO,agri_potential_carbon,8541.531119926884,36.46497145167654,mean tonnes carbon per km2,39607.0,34935.60201316833
CYP,SWPO,agri_potential_carbon,,,mean tonnes carbon per km2,,
CZE,SWPO,agri_potential_carbon,,,mean tonnes carbon per km2,,
DNK,SWPO,agri_potential_carbon,,,mean tonnes carbon per km2,,
DJI,SWPO,agri_potential_carbon,,,mean tonnes carbon per km2,,
DMA,SWPO,agri_potential_carbon,7754.676570741,627.1899087140986,mean tonnes carbon per km2,9.0,3.40899998664856
DOM,SWPO,agri_potential_carbon,9608.531030851304,270.2999192055678,mean tonnes carbon per km2,516.0,63.29300018824637
ECU,SWPO,agri_potential_carbon,8397.816747407749,446.8463819135694,mean tonnes carbon per km2,477.0,16.934999902397394
EGY,SWPO,agri_potential_carbon,3630.9723173356424,325.52113091701926,mean tonnes carbon per km2,214.0,110.86999939717353
SLV,SWPO,agri_potential_carbon,9880.14608216573,133.54175205025015,mean tonnes carbon per km2,229.0,1.0860000129789116
GNQ,SWPO,agri_potential_carbon,10882.06956991729,1832.8641936793713,mean tonnes carbon per km2,37.0,28.8289999524504
ERI,SWPO,agri_potential_carbon,,,mean tonnes carbon per km2,,
EST,SWPO,agri_potential_carbon,,,mean tonnes carbon per km2,,
ETH,SWPO,agri_potential_carbon,6728.5657243812675,233.63065571866758,mean tonnes carbon per km2,2716.0,353.39500000819567
FJI,SWPO,agri_potential_carbon,12642.241051625464,733.7897680794309,mean tonnes carbon per km2,32.0,44.04699965059757
FIN,SWPO,agri_potential_carbon,,,mean tonnes carbon per km2,,
GAB,SWPO,agri_potential_carbon,11219.629056457357,631.3549297689955,mean tonnes carbon per km2,278.0,3.40300000153482
GMB,SWPO,agri_potential_carbon,5030.847470613881,0.0,mean tonnes carbon per km2,1.0,0.006000000238418579
MAR,SWPO,agri_potential_carbon,2409.8435663297505,400.466844667003,mean tonnes carbon per km2,132.0,7.220999963879583
MOZ,SWPO,agri_potential_carbon,7273.9187044396485,40.02682508378621,mean tonnes carbon per km2,6211.0,697.4449998841435
NAM,SWPO,agri_potential_carbon,,,mean tonnes carbon per km2,,
GEO,SWPO,agri_potential_carbon,,,mean tonnes carbon per km2,,
DEU,SWPO,agri_potential_carbon,,,mean tonnes carbon per km2,,
GHA,SWPO,agri_potential_carbon,4991.456304091187,155.27414047582974,mean tonnes carbon per km2,103.0,713.0190003442763
GRC,SWPO,agri_potential_carbon,4941.650294547384,134.6342027013222,mean tonnes carbon per km2,321.0,1.6290000101178885
GRL,SWPO,agri_potential_carbon,,,mean tonnes carbon per km2,,
GRD,SWPO,agri_potential_carbon,13589.466726978277,1104.0062357621528,mean tonnes carbon per km2,5.0,3.6019999313354494
NRU,SWPO,agri_potential_carbon,,,mean tonnes carbon per km2,,
GTM,SWPO,agri_potential_carbon,10793.764188532961,484.76985943028563,mean tonnes carbon per km2,17.0,0.01700000025331974
NPL,SWPO,agri_potential_carbon,7410.284718563046,305.11572699116175,mean tonnes carbon per km2,6.0,0.05
GIN,SWPO,agri_potential_carbon,10068.212861779712,82.80685607090741,mean tonnes carbon per km2,1753.0,336.76399969100953
GNB,SWPO,agri_potential_carbon,8761.592663610061,360.2071443156497,mean tonnes carbon per km2,3.0,0.17599999904632568
GUY,SWPO,agri_potential_carbon,8879.966148019534,576.2676132545985,mean tonnes carbon per km2,266.0,5.466000003293157
HTI,SWPO,agri_potential_carbon,10045.862752888117,190.98816687901535,mean tonnes carbon per km2,323.0,759.2080004465579
JOR,SWPO,agri_potential_carbon,,,mean tonnes carbon per km2,,
HND,SWPO,agri_potential_carbon,10170.627276305753,218.19218468983436,mean tonnes carbon per km2,1001.0,11.220000032931566
HUN,SWPO,agri_potential_carbon,,,mean tonnes carbon per km2,,
ISL,SWPO,agri_potential_carbon,,,mean tonnes carbon per km2,,
IDN,SWPO,agri_potential_carbon,11450.756171539404,145.271098197199,mean tonnes carbon per km2,13390.0,1599.6629990567267
IRN,SWPO,agri_potential_carbon,,,mean tonnes carbon per km2,,
IRQ,SWPO,agri_potential_carbon,,,mean tonnes carbon per km2,,
IRL,SWPO,agri_potential_carbon,,,mean tonnes carbon per km2,,
KAZ,SWPO,agri_potential_carbon,1428.8967912939484,455.8194914998832,mean tonnes carbon per km2,2.0,0.07500000000000001
KEN,SWPO,agri_potential_carbon,9081.588668852319,491.51033476910567,mean tonnes carbon per km2,1062.0,654.4109963030368
KIR,SWPO,agri_potential_carbon,,,mean tonnes carbon per km2,,
PRK,SWPO,agri_potential_carbon,8943.078613900607,45.73556370292995,mean tonnes carbon per km2,1751.0,286.56900154709814
KOR,SWPO,agri_potential_carbon,7435.526235820771,100.13999422827577,mean tonnes carbon per km2,1159.0,171.6000001065433
XKX,SWPO,agri_potential_carbon,,,mean tonnes carbon per km2,,
SRB,SWPO,agri_potential_carbon,,,mean tonnes carbon per km2,,
SYC,SWPO,agri_potential_carbon,,,mean tonnes carbon per km2,,
SLE,SWPO,agri_potential_carbon,15009.569044848387,230.50536141766693,mean tonnes carbon per km2,371.0,225.3289999371022
SGP,SWPO,agri_potential_carbon,,,mean tonnes carbon per km2,,
ITA,SWPO,agri_potential_carbon,6526.40237862141,95.02454912595253,mean tonnes carbon per km2,1588.0,4.483000048473477
JAM,SWPO,agri_potential_carbon,11272.076776695258,449.6621219379381,mean tonnes carbon per km2,118.0,21.381000061333182
JPN,SWPO,agri_potential_carbon,5654.0809812620055,426.75415686354694,mean tonnes carbon per km2,1977.0,386.9599986369163
KGZ,SWPO,agri_potential_carbon,,,mean tonnes carbon per km2,,
LAO,SWPO,agri_potential_carbon,12677.616617561502,157.13790810618306,mean tonnes carbon per km2,1576.0,98.95499999247491
LVA,SWPO,agri_potential_carbon,,,mean tonnes carbon per km2,,
LBN,SWPO,agri_potential_carbon,,,mean tonnes carbon per km2,,
LSO,SWPO,agri_potential_carbon,4760.869222927475,87.36564798419843,mean tonnes carbon per km2,2.0,0.08799999713897705
LBR,SWPO,agri_potential_carbon,15873.759615392828,783.0215078242247,mean tonnes carbon per km2,113.0,3.360000010728836
LBY,SWPO,agri_potential_carbon,,,mean tonnes carbon per km2,,
LIE,SWPO,agri_potential_carbon,,,mean tonnes carbon per km2,,
LTU,SWPO,agri_potential_carbon,,,mean tonnes carbon per km2,,
LUX,SWPO,agri_potential_carbon,,,mean tonnes carbon per km2,,
MCO,SWPO,agri_potential_carbon,,,mean tonnes carbon per km2,,
MNG,SWPO,agri_potential_carbon,,,mean tonnes carbon per km2,,
MNE,SWPO,agri_potential_carbon,,,mean tonnes carbon per km2,,
MKD,SWPO,agri_potential_carbon,,,mean tonnes carbon per km2,,
MDG,SWPO,agri_potential_carbon,8016.997727400025,179.18535008501226,mean tonnes carbon per km2,3903.0,1208.965000457391
MWI,SWPO,agri_potential_carbon,6517.688706529476,832.3590981650507,mean tonnes carbon per km2,8.0,1.751999988555908
MYS,SWPO,agri_potential_carbon,14170.87053339888,611.5975857717324,mean tonnes carbon per km2,611.0,18.750000106617808
MDV,SWPO,agri_potential_carbon,,,mean tonnes carbon per km2,,
MLI,SWPO,agri_potential_carbon,2980.342470101031,42.256721072383144,mean tonnes carbon per km2,4827.0,125.86499993771315
MLT,SWPO,agri_potential_carbon,,,mean tonnes carbon per km2,,
MHL,SWPO,agri_potential_carbon,,,mean tonnes carbon per km2,,
MRT,SWPO,agri_potential_carbon,1944.6554615088255,40.985680035405274,mean tonnes carbon per km2,1451.0,19.563999926522374
MUS,SWPO,agri_potential_carbon,10473.866364888374,988.5374380989163,mean tonnes carbon per km2,23.0,0.4349999988079071
MEX,SWPO,agri_potential_carbon,5863.991334468071,1230.8583370159279,mean tonnes carbon per km2,535.0,24.36200002461672
FSM,SWPO,agri_potential_carbon,0.0,0.0,mean tonnes carbon per km2,3.0,0.47899999618530276
MDA,SWPO,agri_potential_carbon,,,mean tonnes carbon per km2,,
NIC,SWPO,agri_potential_carbon,10538.884216398501,1821.954227225155,mean tonnes carbon per km2,2.0,0.025
OMN,SWPO,agri_potential_carbon,,,mean tonnes carbon per km2,,
PAK,SWPO,agri_potential_carbon,3305.308728041239,227.30094372347517,mean tonnes carbon per km2,521.0,11.182999971210958
PLW,SWPO,agri_potential_carbon,,,mean tonnes carbon per km2,,
PAN,SWPO,agri_potential_carbon,,,mean tonnes carbon per km2,,
PNG,SWPO,agri_potential_carbon,11629.203348368861,514.9967355434909,mean tonnes carbon per km2,678.0,756.7740004074573
PRY,SWPO,agri_potential_carbon,5798.935991175917,80.72878210666848,mean tonnes carbon per km2,3472.0,52.47500004455448
PER,SWPO,agri_potential_carbon,3967.1738345004896,478.3381248024098,mean tonnes carbon per km2,669.0,115.28499968074263
PHL,SWPO,agri_potential_carbon,13879.934606153867,107.09937657189133,mean tonnes carbon per km2,2703.0,1069.492999427393
POL,SWPO,agri_potential_carbon,,,mean tonnes carbon per km2,,
PRT,SWPO,agri_potential_carbon,8544.014698740146,89.61203963857704,mean tonnes carbon per km2,644.0,29.276999987438323
ROU,SWPO,agri_potential_carbon,,,mean tonnes carbon per km2,,
RUS,SWPO,agri_potential_carbon,,,mean tonnes carbon per km2,,
RWA,SWPO,agri_potential_carbon,8017.7080069316335,632.6808761174698,mean tonnes carbon per km2,94.0,613.0400012016297
WSM,SWPO,agri_potential_carbon,,,mean tonnes carbon per km2,,
SMR,SWPO,agri_potential_carbon,,,mean tonnes carbon per km2,,
TON,SWPO,agri_potential_carbon,3274.369103723996,1540.1355748264127,mean tonnes carbon per km2,3.0,0.4819999980926513
TTO,SWPO,agri_potential_carbon,11709.092977282802,1179.045602948129,mean tonnes carbon per km2,34.0,3.2690000044554473
TUN,SWPO,agri_potential_carbon,,,mean tonnes carbon per km2,,
TKM,SWPO,agri_potential_carbon,,,mean tonnes carbon per km2,,
STP,SWPO,agri_potential_carbon,,,mean tonnes carbon per km2,,
SAU,SWPO,agri_potential_carbon,,,mean tonnes carbon per km2,,
SEN,SWPO,agri_potential_carbon,5282.855958945278,556.9992408354481,mean tonnes carbon per km2,289.0,16.754000088125466
SVK,SWPO,agri_potential_carbon,,,mean tonnes carbon per km2,,
SVN,SWPO,agri_potential_carbon,,,mean tonnes carbon per km2,,
SLB,SWPO,agri_potential_carbon,9172.750154386616,401.2451794401023,mean tonnes carbon per km2,137.0,51.75199987508356
SOM,SWPO,agri_potential_carbon,2433.938225647471,226.01190664154643,mean tonnes carbon per km2,259.0,7.487999978587032
ZAF,SWPO,agri_potential_carbon,5485.0368072836045,83.86491944072348,mean tonnes carbon per km2,5281.0,200.19699976034462
SSD,SWPO,agri_potential_carbon,4645.556725456598,70.16268462837023,mean tonnes carbon per km2,3477.0,94.16099997900426
ESP,SWPO,agri_potential_carbon,6951.161998811191,62.99989115707778,mean tonnes carbon per km2,2336.0,12.675000091269613
LKA,SWPO,agri_potential_carbon,10201.44022220593,211.73770592221518,mean tonnes carbon per km2,668.0,58.322000064700845
KNA,SWPO,agri_potential_carbon,13745.184106648616,510.02710863877303,mean tonnes carbon per km2,3.0,0.13400000095367431
LCA,SWPO,agri_potential_carbon,9360.025617501435,968.6674075253319,mean tonnes carbon per km2,7.0,0.41299999415874483
VCT,SWPO,agri_potential_carbon,12591.029416534133,4317.309830127151,mean tonnes carbon per km2,3.0,8.25600025177002
SDN,SWPO,agri_potential_carbon,980.9811777344789,835.7633571987018,mean tonnes carbon per km2,3.0,0.07099999904632569
SUR,SWPO,agri_potential_carbon,7688.564702654091,1077.510167242039,mean tonnes carbon per km2,30.0,0.17100000083446504
SWZ,SWPO,agri_potential_carbon,8100.011497327341,188.28975234784218,mean tonnes carbon per km2,200.0,13.666999951377512
SWE,SWPO,agri_potential_carbon,,,mean tonnes carbon per km2,,
CHE,SWPO,agri_potential_carbon,,,mean tonnes carbon per km2,,
SYR,SWPO,agri_potential_carbon,,,mean tonnes carbon per km2,,
TWN,SWPO,agri_potential_carbon,16409.450039322113,982.7662685148324,mean tonnes carbon per km2,126.0,110.38600047916175
TJK,SWPO,agri_potential_carbon,,,mean tonnes carbon per km2,,
TZA,SWPO,agri_potential_carbon,7812.587761794952,64.98956395438725,mean tonnes carbon per km2,5804.0,4393.291999116316
THA,SWPO,agri_potential_carbon,11453.142976400135,2156.258916923489,mean tonnes carbon per km2,6.0,0.6769999825954437
TLS,SWPO,agri_potential_carbon,11429.96910072548,320.705240514965,mean tonnes carbon per km2,146.0,30.128000076264144
TGO,SWPO,agri_potential_carbon,10911.554240155869,311.6387251926635,mean tonnes carbon per km2,73.0,6.002000043392181
TUV,SWPO,agri_potential_carbon,,,mean tonnes carbon per km2,,
UGA,SWPO,agri_potential_carbon,8390.75800468422,196.97769207136383,mean tonnes carbon per km2,1931.0,3091.770992016196
URY,SWPO,agri_potential_carbon,3344.038135327636,67.72688531257349,mean tonnes carbon per km2,2066.0,76.51100013248623
UZB,SWPO,agri_potential_carbon,,,mean tonnes carbon per km2,,
VUT,SWPO,agri_potential_carbon,,,mean tonnes carbon per km2,,
VAT,SWPO,agri_potential_carbon,,,mean tonnes carbon per km2,,
VEN,SWPO,agri_potential_carbon,6598.599720350555,704.5093086167622,mean tonnes carbon per km2,467.0,7.8039999490976335
VNM,SWPO,agri_potential_carbon,13487.679323945527,139.07221982560344,mean tonnes carbon per km2,2734.0,1456.6570029602199
ZMB,SWPO,agri_potential_carbon,7392.397048621587,60.97607847630626,mean tonnes carbon per km2,5546.0,570.8859999489785
ZWE,SWPO,agri_potential_carbon,6359.112607028879,106.08769260072596,mean tonnes carbon per km2,2905.0,9.715000151842833
YEM,SWPO,agri_potential_carbon,2298.9823793366086,169.2344618335688,mean tonnes carbon per km2,138.0,0.4470000022649765
UKR,SWPO,agri_potential_carbon,,,mean tonnes carbon per km2,,
BHR,SWPO,agri_potential_carbon,,,mean tonnes carbon per km2,,
KWT,SWPO,agri_potential_carbon,,,mean tonnes carbon per km2,,
QAT,SWPO,agri_potential_carbon,,,mean tonnes carbon per km2,,
ARE,SWPO,agri_potential_carbon,,,mean tonnes carbon per km2,,
TUR,SWPO,agri_potential_carbon,,,mean tonnes carbon per km2,,
ISR,SWPO,agri_potential_carbon,3924.088548953616,759.4361303075885,mean tonnes carbon per km2,45.0,8.921000001206995
BGD,SWPO,agri_potential_carbon,10277.827234997801,223.6678585058807,mean tonnes carbon per km2,483.0,302.50600054726004
MMR,SWPO,agri_potential_carbon,9785.505482346629,125.65627714644047,mean tonnes carbon per km2,1506.0,68.1349999088049
IND,SWPO,agri_potential_carbon,6748.502060080034,51.68520990708739,mean tonnes carbon per km2,13457.0,1172.7769998361914
BEN,SWPO,agri_potential_carbon,12685.443021157858,417.4528950584267,mean tonnes carbon per km2,914.0,81.09000037699938
NER,SWPO,agri_potential_carbon,2225.7966877875924,37.309653528395074,mean tonnes carbon per km2,1709.0,15.984000014290213
NGA,SWPO,agri_potential_carbon,9543.05608276244,61.3691299949823,mean tonnes carbon per km2,5223.0,10848.545993922204
111,SWPO,agri_potential_carbon,,,mean tonnes carbon per km2,,
112,SWPO,agri_potential_carbon,,,mean tonnes carbon per km2,,
113,SWPO,agri_potential_carbon,,,mean tonnes carbon per km2,,
114,SWPO,agri_potential_carbon,,,mean tonnes carbon per km2,,
115,SWPO,agri_potential_carbon,,,mean tonnes carbon per km2,,
116,SWPO,agri_potential_carbon,,,mean tonnes carbon per km2,,
117,SWPO,agri_potential_carbon,,,mean tonnes carbon per km2,,
118,SWPO,agri_potential_carbon,,,mean tonnes carbon per km2,,
119,SWPO,agri_potential_carbon,,,mean tonnes carbon per km2,,
120,SWPO,agri_potential_carbon,,,mean tonnes carbon per km2,,
121,SWPO,agri_potential_carbon,,,mean tonnes carbon per km2,,
122,SWPO,agri_potential_carbon,,,mean tonnes carbon per km2,,
123,SWPO,agri_potential_carbon,,,mean tonnes carbon per km2,,
124,SWPO,agri_potential_carbon,,,mean tonnes carbon per km2,,
125,SWPO,agri_potential_carbon,,,mean tonnes carbon per km2,,
126,SWPO,agri_potential_carbon,,,mean tonnes carbon per km2,,
127,SWPO,agri_potential_carbon,,,mean tonnes carbon per km2,,
128,SWPO,agri_potential_carbon,,,mean tonnes carbon per km2,,
129,SWPO,agri_potential_carbon,,,mean tonnes carbon per km2,,
ESH,SWPO,agri_potential_carbon,,,mean tonnes carbon per km2,,
AFG,BANA,agri_potential_carbon,17.66425915424608,0.0,mean tonnes carbon per km2,1.0,0.19799999237060548
GBR,BANA,agri_potential_carbon,7500.692781185669,1514.4000957235796,mean tonnes carbon per km2,5.0,1.25300000667572
ALB,BANA,agri_potential_carbon,,,mean tonnes carbon per km2,,
DZA,BANA,agri_potential_carbon,4735.629034044378,300.4192052697748,mean tonnes carbon per km2,40.0,0.11800000168383122
USA,BANA,agri_potential_carbon,11691.419777160005,795.6585149117242,mean tonnes carbon per km2,126.0,25.8870000718534
ATA,BANA,agri_potential_carbon,,,mean tonnes carbon per km2,,
ATG,BANA,agri_potential_carbon,11695.618761142432,812.972529370908,mean tonnes carbon per km2,6.0,0.24600000739097597
ARG,BANA,agri_potential_carbon,6992.187016033862,304.36433783088194,mean tonnes carbon per km2,537.0,80.31899956397713
AND,BANA,agri_potential_carbon,5533.113716540317,0.0,mean tonnes carbon per km2,1.0,0.0020000000298023225
AGO,BANA,agri_potential_carbon,7001.075212021597,182.837094745221,mean tonnes carbon per km2,6290.0,769.5109988357127
ARM,BANA,agri_potential_carbon,,,mean tonnes carbon per km2,,
NLD,BANA,agri_potential_carbon,,,mean tonnes carbon per km2,,
AUS,BANA,agri_potential_carbon,8093.374937504116,389.2608084086091,mean tonnes carbon per km2,1740.0,110.10300033263862
AUT,BANA,agri_potential_carbon,,,mean tonnes carbon per km2,,
AZE,BANA,agri_potential_carbon,,,mean tonnes carbon per km2,,
BHS,BANA,agri_potential_carbon,7212.193888356975,5700.781029220073,mean tonnes carbon per km2,8.0,3.432000017166138
BRB,BANA,agri_potential_carbon,12645.432862853157,917.4722745045555,mean tonnes carbon per km2,6.0,1.4129999876022339
BLR,BANA,agri_potential_carbon,,,mean tonnes carbon per km2,,
BEL,BANA,agri_potential_carbon,,,mean tonnes carbon per km2,,
BLZ,BANA,agri_potential_carbon,7000.693868871553,716.0078677761578,mean tonnes carbon per km2,35.0,18.449999962449073
BTN,BANA,agri_potential_carbon,,,mean tonnes carbon per km2,,
BOL,BANA,agri_potential_carbon,6748.110000770175,340.5287645610229,mean tonnes carbon per km2,2635.0,170.17099985688924
BIH,BANA,agri_potential_carbon,,,mean tonnes carbon per km2,,
BWA,BANA,agri_potential_carbon,,,mean tonnes carbon per km2,,
NOR,BANA,agri_potential_carbon,,,mean tonnes carbon per km2,,
COL,BANA,agri_potential_carbon,10205.502636032772,639.5088403271242,mean tonnes carbon per km2,617.0,677.8079991018028
COM,BANA,agri_potential_carbon,,,mean tonnes carbon per km2,,
BRA,BANA,agri_potential_carbon,7781.570109183485,146.93573789788812,mean tonnes carbon per km2,35005.0,4635.89899703443
FRA,BANA,agri_potential_carbon,11546.743482869933,1390.4257938340218,mean tonnes carbon per km2,68.0,86.15700005374849
COD,BANA,agri_potential_carbon,11293.54257264176,205.47624170235332,mean tonnes carbon per km2,9211.0,816.6510005106032
COG,BANA,agri_potential_carbon,11700.288572954945,399.91168902493865,mean tonnes carbon per km2,594.0,42.17400002107024
NZL,BANA,agri_potential_carbon,0.0,0.0,mean tonnes carbon per km2,2.0,0.4
BRN,BANA,agri_potential_carbon,14302.706767780935,893.7835227412355,mean tonnes carbon per km2,39.0,2.45499998882413
BGR,BANA,agri_potential_carbon,6295.878872667391,2233.4158210470378,mean tonnes carbon per km2,3.0,0.004000000059604645
BFA,BANA,agri_potential_carbon,,,mean tonnes carbon per km2,,
BDI,BANA,agri_potential_carbon,9716.576917674893,218.08135698780745,mean tonnes carbon per km2,228.0,2672.653001670837
CPV,BANA,agri_potential_carbon,3808.5127752052213,580.9045362524768,mean tonnes carbon per km2,35.0,1.690999985933304
KHM,BANA,agri_potential_carbon,13148.570881160038,142.24567754623962,mean tonnes carbon per km2,1357.0,335.2189997647703
CMR,BANA,agri_potential_carbon,11982.566051477494,332.157372402123,mean tonnes carbon per km2,1467.0,501.93700047291816
CAN,BANA,agri_potential_carbon,,,mean tonnes carbon per km2,,
CRI,BANA,agri_potential_carbon,11756.569988155888,516.6452825965956,mean tonnes carbon per km2,103.0,417.5500011005252
CIV,BANA,agri_potential_carbon,10418.099935636079,407.4536462704885,mean tonnes carbon per km2,578.0,70.55500011056662
HRV,BANA,agri_potential_carbon,,,mean tonnes carbon per km2,,
CUB,BANA,agri_potential_carbon,12723.655769343834,293.29874289304286,mean tonnes carbon per km2,1007.0,293.5549999883771
CAF,BANA,agri_potential_carbon,8569.262051454072,211.61133289685662,mean tonnes carbon per km2,1013.0,86.05299990020693
TCD,BANA,agri_potential_carbon,,,mean tonnes carbon per km2,,
CHL,BANA,agri_potential_carbon,,,mean tonnes carbon per km2,,
CHN,BANA,agri_potential_carbon,10987.483216109624,136.63263604498053,mean tonnes carbon per km2,7411.0,3586.715000619814
CYP,BANA,agri_potential_carbon,4251.305784338812,242.73135337998525,mean tonnes carbon per km2,87.0,2.013999993875623
CZE,BANA,agri_potential_carbon,,,mean tonnes carbon per km2,,
DNK,BANA,agri_potential_carbon,,,mean tonnes carbon per km2,,
DJI,BANA,agri_potential_carbon,,,mean tonnes carbon per km2,,
DMA,BANA,agri_potential_carbon,7749.7623746145,626.512341314601,mean tonnes carbon per km2,9.0,20.631999969482422
DOM,BANA,agri_potential_carbon,7957.58396290745,394.46248186449515,mean tonnes carbon per km2,450.0,286.661999284923
ECU,BANA,agri_potential_carbon,9328.653307814331,353.59790918814156,mean tonnes carbon per km2,738.0,1969.8400015086681
EGY,BANA,agri_potential_carbon,424.9373550694574,77.46728625770204,mean tonnes carbon per km2,449.0,233.57500014074148
SLV,BANA,agri_potential_carbon,,,mean tonnes carbon per km2,,
GNQ,BANA,agri_potential_carbon,10604.939856613406,1688.0329101262669,mean tonnes carbon per km2,39.0,10.585000107288362
ERI,BANA,agri_potential_carbon,1352.4796974724493,0.0,mean tonnes carbon per km2,1.0,0.017000000476837158
EST,BANA,agri_potential_carbon,,,mean tonnes carbon per km2,,
ETH,BANA,agri_potential_carbon,9059.69735114962,275.77449198705995,mean tonnes carbon per km2,2576.0,315.3729992797971
FJI,BANA,agri_potential_carbon,12441.97919626077,775.8260315902402,mean tonnes carbon per km2,32.0,5.660999979972839
FIN,BANA,agri_potential_carbon,,,mean tonnes carbon per km2,,
GAB,BANA,agri_potential_carbon,12204.943821843935,653.595004176804,mean tonnes carbon per km2,278.0,4.62000000603497
GMB,BANA,agri_potential_carbon,5030.847470613881,0.0,mean tonnes carbon per km2,1.0,0.09899999618530274
MAR,BANA,agri_potential_carbon,5043.635806851446,155.2509425117469,mean tonnes carbon per km2,68.0,60.49299976348876
MOZ,BANA,agri_potential_carbon,7565.392638371883,45.782211189431735,mean tonnes carbon per km2,2926.0,408.9160000090301
NAM,BANA,agri_potential_carbon,,,mean tonnes carbon per km2,,
GEO,BANA,agri_potential_carbon,,,mean tonnes carbon per km2,,
DEU,BANA,agri_potential_carbon,,,mean tonnes carbon per km2,,
GHA,BANA,agri_potential_carbon,14522.380102683383,395.9231426894488,mean tonnes carbon per km2,629.0,54.03199996903539
GRC,BANA,agri_potential_carbon,5893.475642145473,89.44153657773873,mean tonnes carbon per km2,898.0,1.3820000252872706
GRL,BANA,agri_potential_carbon,,,mean tonnes carbon per km2,,
GRD,BANA,agri_potential_carbon,14133.202263548781,684.4739297259932,mean tonnes carbon per km2,5.0,15.694000015258789
NRU,BANA,agri_potential_carbon,,,mean tonnes carbon per km2,,
GTM,BANA,agri_potential_carbon,10170.874693507392,283.13711025841513,mean tonnes carbon per km2,358.0,630.0619993066787
NPL,BANA,agri_potential_carbon,9224.150755184015,325.9313760331789,mean tonnes carbon per km2,276.0,62.00000006757677
GIN,BANA,agri_potential_carbon,10059.095002367452,175.93106310520886,mean tonnes carbon per km2,1746.0,307.6580013228208
GNB,BANA,agri_potential_carbon,11224.700401768241,585.7985317086811,mean tonnes carbon per km2,175.0,4.295999983027578
GUY,BANA,agri_potential_carbon,7961.570020389017,524.8667781732836,mean tonnes carbon per km2,255.0,6.6920000260323285
HTI,BANA,agri_potential_carbon,10042.399031449379,244.73900143137868,mean tonnes carbon per km2,296.0,532.6790006518363
JOR,BANA,agri_potential_carbon,2587.3692257069924,323.80325432451747,mean tonnes carbon per km2,5.0,18.56000012397766
HND,BANA,agri_potential_carbon,10918.598204657868,154.75188537809166,mean tonnes carbon per km2,725.0,225.42899990685285
HUN,BANA,agri_potential_carbon,,,mean tonnes carbon per km2,,
ISL,BANA,agri_potential_carbon,,,mean tonnes carbon per km2,,
IDN,BANA,agri_potential_carbon,11731.015499017141,103.09661399874608,mean tonnes carbon per km2,11511.0,1054.3679998679459
IRN,BANA,agri_potential_carbon,637.540385236332,29.02616560623143,mean tonnes carbon per km2,5611.0,37.06600013814867
IRQ,BANA,agri_potential_carbon,1723.63125071483,415.42743131391126,mean tonnes carbon per km2,3.0,0.09900000289082528
IRL,BANA,agri_potential_carbon,,,mean tonnes carbon per km2,,
KAZ,BANA,agri_potential_carbon,,,mean tonnes carbon per km2,,
KEN,BANA,agri_potential_carbon,8738.944056235565,460.14102924421735,mean tonnes carbon per km2,1476.0,681.5680013406276
KIR,BANA,agri_potential_carbon,0.0,0.0,mean tonnes carbon per km2,2.0,0.5289999961853027
PRK,BANA,agri_potential_carbon,,,mean tonnes carbon per km2,,
KOR,BANA,agri_potential_carbon,,,mean tonnes carbon per km2,,
XKX,BANA,agri_potential_carbon,,,mean tonnes carbon per km2,,
SRB,BANA,agri_potential_carbon,,,mean tonnes carbon per km2,,
SYC,BANA,agri_potential_carbon,0.0,0.0,mean tonnes carbon per km2,2.0,0.11399999618530274
SLE,BANA,agri_potential_carbon,15272.145809290423,1055.1934621169917,mean tonnes carbon per km2,2.0,0.5370000076293946
SGP,BANA,agri_potential_carbon,,,mean tonnes carbon per km2,,
ITA,BANA,agri_potential_carbon,7508.135755348314,162.71300309182104,mean tonnes carbon per km2,130.0,0.13300000198185444
JAM,BANA,agri_potential_carbon,10847.452006188978,454.3754580179505,mean tonnes carbon per km2,122.0,63.804999701976776
JPN,BANA,agri_potential_carbon,13342.706343806443,1487.0167357134987,mean tonnes carbon per km2,25.0,0.2800000001490116
KGZ,BANA,agri_potential_carbon,,,mean tonnes carbon per km2,,
LAO,BANA,agri_potential_carbon,12677.058707776194,197.34242837710906,mean tonnes carbon per km2,1507.0,134.9400001309067
LVA,BANA,agri_potential_carbon,,,mean tonnes carbon per km2,,
LBN,BANA,agri_potential_carbon,7120.782244550841,299.3582582299706,mean tonnes carbon per km2,18.0,29.8329996919632
LSO,BANA,agri_potential_carbon,4695.465745680398,68.64921864416014,mean tonnes carbon per km2,3.0,0.004000000059604645
LBR,BANA,agri_potential_carbon,17010.973412170963,747.4308821092059,mean tonnes carbon per km2,113.0,27.214000103473666
LBY,BANA,agri_potential_carbon,,,mean tonnes carbon per km2,,
LIE,BANA,agri_potential_carbon,,,mean tonnes carbon per km2,,
LTU,BANA,agri_potential_carbon,,,mean tonnes carbon per km2,,
LUX,BANA,agri_potential_carbon,,,mean tonnes carbon per km2,,
MCO,BANA,agri_potential_carbon,,,mean tonnes carbon per km2,,
MNG,BANA,agri_potential_carbon,,,mean tonnes carbon per km2,,
MNE,BANA,agri_potential_carbon,,,mean tonnes carbon per km2,,
MKD,BANA,agri_potential_carbon,,,mean tonnes carbon per km2,,
MDG,BANA,agri_potential_carbon,9536.648807151134,101.53545617393407,mean tonnes carbon per km2,3325.0,422.4880004757643
MWI,BANA,agri_potential_carbon,6871.981579321736,124.62119333794962,mean tonnes carbon per km2,122.0,183.10400035858154
MYS,BANA,agri_potential_carbon,14072.33946062702,126.47685814813768,mean tonnes carbon per km2,2643.0,246.3849997611344
MDV,BANA,agri_potential_carbon,,,mean tonnes carbon per km2,,
MLI,BANA,agri_potential_carbon,6627.973149564223,1206.019364431395,mean tonnes carbon per km2,7.0,11.69199975013733
MLT,BANA,agri_potential_carbon,,,mean tonnes carbon per km2,,
MHL,BANA,agri_potential_carbon,,,mean tonnes carbon per km2,,
MRT,BANA,agri_potential_carbon,,,mean tonnes carbon per km2,,
MUS,BANA,agri_potential_carbon,11154.815514303356,1393.2730849081968,mean tonnes carbon per km2,23.0,3.0019999969005586
MEX,BANA,agri_potential_carbon,9857.388900573664,339.781299878437,mean tonnes carbon per km2,1625.0,661.114996529147
FSM,BANA,agri_potential_carbon,0.0,0.0,mean tonnes carbon per km2,3.0,0.3380000019073486
MDA,BANA,agri_potential_carbon,,,mean tonnes carbon per km2,,
NIC,BANA,agri_potential_carbon,8293.233553593594,359.968623350093,mean tonnes carbon per km2,55.0,7.379000006914138
OMN,BANA,agri_potential_carbon,62.30748093912307,86.29735141306614,mean tonnes carbon per km2,402.0,32.459999824538826
PAK,BANA,agri_potential_carbon,743.6318647932334,45.59502682509907,mean tonnes carbon per km2,2153.0,285.6059991133958
PLW,BANA,agri_potential_carbon,,,mean tonnes carbon per km2,,
PAN,BANA,agri_potential_carbon,8882.956157124623,745.6948224341565,mean tonnes carbon per km2,459.0,85.89699981823563
PNG,BANA,agri_potential_carbon,9082.928870818572,442.6220523093441,mean tonnes carbon per km2,696.0,342.48999999478457
PRY,BANA,agri_potential_carbon,7818.407384329477,66.15607701085737,mean tonnes carbon per km2,2571.0,85.40400006897748
PER,BANA,agri_potential_carbon,3337.034021864065,178.8489427000324,mean tonnes carbon per km2,1122.0,40.86200017280876
PHL,BANA,agri_potential_carbon,15120.713993894016,114.66865083879863,mean tonnes carbon per km2,2755.0,4371.690000005365
POL,BANA,agri_potential_carbon,,,mean tonnes carbon per km2,,
PRT,BANA,agri_potential_carbon,8655.192182461715,80.91706606576197,mean tonnes carbon per km2,856.0,11.7330000153929
ROU,BANA,agri_potential_carbon,,,mean tonnes carbon per km2,,
RUS,BANA,agri_potential_carbon,,,mean tonnes carbon per km2,,
RWA,BANA,agri_potential_carbon,9244.641595239682,387.32497496030817,mean tonnes carbon per km2,103.0,1930.1049897766115
WSM,BANA,agri_potential_carbon,,,mean tonnes carbon per km2,,
SMR,BANA,agri_potential_carbon,,,mean tonnes carbon per km2,,
TON,BANA,agri_potential_carbon,3273.409900698688,1540.1655390766052,mean tonnes carbon per km2,3.0,0.45499999999999996
TTO,BANA,agri_potential_carbon,11651.854178181558,1177.2512722306249,mean tonnes carbon per km2,34.0,11.538999978899957
TUN,BANA,agri_potential_carbon,,,mean tonnes carbon per km2,,
TKM,BANA,agri_potential_carbon,89.49379843010577,49.23392779426788,mean tonnes carbon per km2,2.0,0.01800000011920929
STP,BANA,agri_potential_carbon,2289.839422875114,1072.2211176133637,mean tonnes carbon per km2,11.0,19.573000030517576
SAU,BANA,agri_potential_carbon,,,mean tonnes carbon per km2,,
SEN,BANA,agri_potential_carbon,4749.955929697446,181.18016739534607,mean tonnes carbon per km2,347.0,16.739000037238
SVK,BANA,agri_potential_carbon,,,mean tonnes carbon per km2,,
SVN,BANA,agri_potential_carbon,,,mean tonnes carbon per km2,,
SLB,BANA,agri_potential_carbon,9039.664783425844,376.8846827711251,mean tonnes carbon per km2,136.0,0.9260000038892031
SOM,BANA,agri_potential_carbon,1723.3134739481916,116.47551963812225,mean tonnes carbon per km2,310.0,16.366000002622606
ZAF,BANA,agri_potential_carbon,6244.005165255568,129.77868898309444,mean tonnes carbon per km2,4180.0,74.62399999916553
SSD,BANA,agri_potential_carbon,6407.50323066333,208.0298120666164,mean tonnes carbon per km2,2024.0,169.66900028049946
ESP,BANA,agri_potential_carbon,7046.672855807874,103.59465255400366,mean tonnes carbon per km2,6448.0,90.7869998844713
LKA,BANA,agri_potential_carbon,,,mean tonnes carbon per km2,,
KNA,BANA,agri_potential_carbon,,,mean tonnes carbon per km2,,
LCA,BANA,agri_potential_carbon,9465.065298799542,928.3840382127945,mean tonnes carbon per km2,7.0,20.957000274658206
VCT,BANA,agri_potential_carbon,12590.768190325673,4317.117868868295,mean tonnes carbon per km2,3.0,19.515999755859372
SDN,BANA,agri_potential_carbon,300.19969359971907,24.781621200892594,mean tonnes carbon per km2,2.0,0.02
SUR,BANA,agri_potential_carbon,7461.836806655582,1061.148041210945,mean tonnes carbon per km2,57.0,18.421000062897804
SWZ,BANA,agri_potential_carbon,8715.21389316745,280.97994034422493,mean tonnes carbon per km2,106.0,9.674999959766867
SWE,BANA,agri_potential_carbon,,,mean tonnes carbon per km2,,
CHE,BANA,agri_potential_carbon,,,mean tonnes carbon per km2,,
SYR,BANA,agri_potential_carbon,4428.643677883103,130.41590544262075,mean tonnes carbon per km2,5.0,0.06999999880790711
TWN,BANA,agri_potential_carbon,15068.025341271526,882.8034598049214,mean tonnes carbon per km2,134.0,129.89199928410352
TJK,BANA,agri_potential_carbon,,,mean tonnes carbon per km2,,
TZA,BANA,agri_potential_carbon,9234.06863969488,143.8506401510547,mean tonnes carbon per km2,2792.0,4596.830997466221
THA,BANA,agri_potential_carbon,10532.939637582556,86.7149230218518,mean tonnes carbon per km2,3334.0,1191.8230004241318
TLS,BANA,agri_potential_carbon,12549.627187218306,534.8965017021076,mean tonnes carbon per km2,146.0,1.2440000198781493
TGO,BANA,agri_potential_carbon,10368.61528666033,167.91967376176052,mean tonnes carbon per km2,311.0,17.23599996626377
TUV,BANA,agri_potential_carbon,,,mean tonnes carbon per km2,,
UGA,BANA,agri_potential_carbon,9962.446033889644,246.7224263809028,mean tonnes carbon per km2,1494.0,785.4240012222529
URY,BANA,agri_potential_carbon,,,mean tonnes carbon per km2,,
UZB,BANA,agri_potential_carbon,,,mean tonnes carbon per km2,,
VUT,BANA,agri_potential_carbon,7492.340049483926,1033.9992914888487,mean tonnes carbon per km2,24.0,2.474000000059605
VAT,BANA,agri_potential_carbon,,,mean tonnes carbon per km2,,
VEN,BANA,agri_potential_carbon,7465.031547984929,399.04629447149625,mean tonnes carbon per km2,1364.0,315.3000001917034
VNM,BANA,agri_potential_carbon,12473.673502182826,93.80545109019536,mean tonnes carbon per km2,3063.0,1002.6690004659445
ZMB,BANA,agri_potential_carbon,6830.237117219889,169.73248505948396,mean tonnes carbon per km2,417.0,2.037000016048551
ZWE,BANA,agri_potential_carbon,7160.090250834595,285.29217451322967,mean tonnes carbon per km2,92.0,160.29600011110304
YEM,BANA,agri_potential_carbon,551.0838349172227,102.32454451724374,mean tonnes carbon per km2,567.0,101.63199911996722
UKR,BANA,agri_potential_carbon,,,mean tonnes carbon per km2,,
BHR,BANA,agri_potential_carbon,38.501401521432754,19.849661983547843,mean tonnes carbon per km2,2.0,0.51
KWT,BANA,agri_potential_carbon,,,mean tonnes carbon per km2,,
QAT,BANA,agri_potential_carbon,,,mean tonnes carbon per km2,,
ARE,BANA,agri_potential_carbon,5.256727520904613,32.282607764994715,mean tonnes carbon per km2,63.0,1.0819999726116654
TUR,BANA,agri_potential_carbon,5438.443969389576,316.6924569649861,mean tonnes carbon per km2,11.0,44.22999984741212
ISR,BANA,agri_potential_carbon,3865.222578696244,240.61953130488902,mean tonnes carbon per km2,152.0,21.28600002005696
BGD,BANA,agri_potential_carbon,10085.194299361163,212.37848712325638,mean tonnes carbon per km2,475.0,532.4720006978512
MMR,BANA,agri_potential_carbon,11209.687452184146,1237.078290747249,mean tonnes carbon per km2,6.0,0.57
IND,BANA,agri_potential_carbon,7945.887861466504,95.28126547410805,mean tonnes carbon per km2,11694.0,7907.64501182273
BEN,BANA,agri_potential_carbon,7088.474432429702,128.69262628183898,mean tonnes carbon per km2,997.0,20.5499999833107
NER,BANA,agri_potential_carbon,,,mean tonnes carbon per km2,,
NGA,BANA,agri_potential_carbon,14677.94973419041,3283.5305846197484,mean tonnes carbon per km2,12.0,1.2510000157356262
111,BANA,agri_potential_carbon,,,mean tonnes carbon per km2,,
112,BANA,agri_potential_carbon,,,mean tonnes carbon per km2,,
113,BANA,agri_potential_carbon,,,mean tonnes carbon per km2,,
114,BANA,agri_potential_carbon,,,mean tonnes carbon per km2,,
115,BANA,agri_potential_carbon,,,mean tonnes carbon per km2,,
116,BANA,agri_potential_carbon,,,mean tonnes carbon per km2,,
117,BANA,agri_potential_carbon,,,mean tonnes carbon per km2,,
118,BANA,agri_potential_carbon,,,mean tonnes carbon per km2,,
119,BANA,agri_potential_carbon,,,mean tonnes carbon per km2,,
120,BANA,agri_potential_carbon,,,mean tonnes carbon per km2,,
121,BANA,agri_potential_carbon,,,mean tonnes carbon per km2,,
122,BANA,agri_potential_carbon,,,mean tonnes carbon per km2,,
123,BANA,agri_potential_carbon,,,mean tonnes carbon per km2,,
124,BANA,agri_potential_carbon,,,mean tonnes carbon per km2,,
125,BANA,agri_potential_carbon,,,mean tonnes carbon per km2,,
126,BANA,agri_potential_carbon,,,mean tonnes carbon per km2,,
127,BANA,agri_potential_carbon,,,mean tonnes carbon per km2,,
128,BANA,agri_potential_carbon,,,mean tonnes carbon per km2,,
129,BANA,agri_potential_carbon,,,mean tonnes carbon per km2,,
ESH,BANA,agri_potential_carbon,,,mean tonnes carbon per km2,,
AFG,RICE,agri_potential_carbon,1186.0080721587738,77.34332982167098,mean tonnes carbon per km2,2102.0,1624.5779992407558
GBR,RICE,agri_potential_carbon,,,mean tonnes carbon per km2,,
ALB,RICE,agri_potential_carbon,,,mean tonnes carbon per km2,,
DZA,RICE,agri_potential_carbon,4018.395650682351,69.52599122250538,mean tonnes carbon per km2,1696.0,2.132000033557415
USA,RICE,agri_potential_carbon,10498.936685947941,128.4324847438957,mean tonnes carbon per km2,2926.0,12514.270995212346
ATA,RICE,agri_potential_carbon,,,mean tonnes carbon per km2,,
ATG,RICE,agri_potential_carbon,,,mean tonnes carbon per km2,,
ARG,RICE,agri_potential_carbon,5054.079034757598,83.35735895936973,mean tonnes carbon per km2,2379.0,2082.059000653476
AND,RICE,agri_potential_carbon,5533.113716540317,0.0,mean tonnes carbon per km2,1.0,0.0010000000149011613
AGO,RICE,agri_potential_carbon,7683.374023811976,72.01437569825919,mean tonnes carbon per km2,3920.0,171.7569999265671
ARM,RICE,agri_potential_carbon,,,mean tonnes carbon per km2,,
NLD,RICE,agri_potential_carbon,,,mean tonnes carbon per km2,,
AUS,RICE,agri_potential_carbon,5940.146009980975,112.84965011182088,mean tonnes carbon per km2,2607.0,339.44000017844144
AUT,RICE,agri_potential_carbon,,,mean tonnes carbon per km2,,
AZE,RICE,agri_potential_carbon,2264.180449654427,91.87240961438033,mean tonnes carbon per km2,46.0,17.164000080227847
BHS,RICE,agri_potential_carbon,,,mean tonnes carbon per km2,,
BRB,RICE,agri_potential_carbon,,,mean tonnes carbon per km2,,
BLR,RICE,agri_potential_carbon,14674.60774222717,888.4228479714687,mean tonnes carbon per km2,4.0,0.005000000074505806
BEL,RICE,agri_potential_carbon,,,mean tonnes carbon per km2,,
BLZ,RICE,agri_potential_carbon,6912.725073564785,689.9830944809356,mean tonnes carbon per km2,35.0,33.29700000405312
BTN,RICE,agri_potential_carbon,9773.136950086098,1565.3530217433247,mean tonnes carbon per km2,62.0,186.67800108894704
BOL,RICE,agri_potential_carbon,6551.367756505008,131.26586819859244,mean tonnes carbon per km2,3118.0,1793.715998597518
BIH,RICE,agri_potential_carbon,,,mean tonnes carbon per km2,,
BWA,RICE,agri_potential_carbon,,,mean tonnes carbon per km2,,
NOR,RICE,agri_potential_carbon,,,mean tonnes carbon per km2,,
COL,RICE,agri_potential_carbon,9880.352919451308,302.21745466440257,mean tonnes carbon per km2,2298.0,3012.785996168256
COM,RICE,agri_potential_carbon,,,mean tonnes carbon per km2,,
BRA,RICE,agri_potential_carbon,6737.69847708682,70.00375260216754,mean tonnes carbon per km2,39156.0,25936.419999112783
FRA,RICE,agri_potential_carbon,7315.862415510069,143.3948763978503,mean tonnes carbon per km2,876.0,231.77499968707565
COD,RICE,agri_potential_carbon,12255.566351016774,109.512065219712,mean tonnes carbon per km2,9893.0,3954.6380015458167
COG,RICE,agri_potential_carbon,10837.889846840928,312.3939639897871,mean tonnes carbon per km2,589.0,8.598999983295798
NZL,RICE,agri_potential_carbon,,,mean tonnes carbon per km2,,
BRN,RICE,agri_potential_carbon,13795.64118779538,911.4406421951538,mean tonnes carbon per km2,39.0,14.50900003671646
BGR,RICE,agri_potential_carbon,5972.939302317752,184.1780644283418,mean tonnes carbon per km2,107.0,100.48099972426893
BFA,RICE,agri_potential_carbon,4286.626743387828,63.57233669258681,mean tonnes carbon per km2,2578.0,1170.0530002146215
BDI,RICE,agri_potential_carbon,8246.146290569104,656.5233118663002,mean tonnes carbon per km2,58.0,292.0230006712675
CPV,RICE,agri_potential_carbon,,,mean tonnes carbon per km2,,
KHM,RICE,agri_potential_carbon,13313.17871158097,88.95308331574408,mean tonnes carbon per km2,1309.0,23550.325024712012
CMR,RICE,agri_potential_carbon,4125.628003613115,557.1837101956269,mean tonnes carbon per km2,261.0,1057.374995561242
CAN,RICE,agri_potential_carbon,,,mean tonnes carbon per km2,,
CRI,RICE,agri_potential_carbon,9472.219944823959,308.29691484474233,mean tonnes carbon per km2,264.0,463.8279990183562
CIV,RICE,agri_potential_carbon,12106.385227411964,143.30104562692318,mean tonnes carbon per km2,3085.0,3731.1369990822677
HRV,RICE,agri_potential_carbon,,,mean tonnes carbon per km2,,
CUB,RICE,agri_potential_carbon,12814.109375837024,193.95595433865438,mean tonnes carbon per km2,1121.0,1993.262000065893
CAF,RICE,agri_potential_carbon,8267.794002924975,635.3475854332057,mean tonnes carbon per km2,1461.0,91.71199989512563
TCD,RICE,agri_potential_carbon,3770.27189842117,66.64375374365356,mean tonnes carbon per km2,2418.0,1066.760002836287
CHL,RICE,agri_potential_carbon,5401.164551871436,166.95584256997543,mean tonnes carbon per km2,503.0,240.93299964420495
CHN,RICE,agri_potential_carbon,8787.594562922983,31.048455568018877,mean tonnes carbon per km2,32435.0,173512.0090706728
CYP,RICE,agri_potential_carbon,,,mean tonnes carbon per km2,,
CZE,RICE,agri_potential_carbon,,,mean tonnes carbon per km2,,
DNK,RICE,agri_potential_carbon,,,mean tonnes carbon per km2,,
DJI,RICE,agri_potential_carbon,,,mean tonnes carbon per km2,,
DMA,RICE,agri_potential_carbon,,,mean tonnes carbon per km2,,
DOM,RICE,agri_potential_carbon,8055.282131060485,365.9459768248935,mean tonnes carbon per km2,195.0,1810.048998432681
ECU,RICE,agri_potential_carbon,9762.553406537616,288.8052633266557,mean tonnes carbon per km2,701.0,3693.762999972105
EGY,RICE,agri_potential_carbon,4298.923150065919,148.5504343337763,mean tonnes carbon per km2,627.0,5421.105024795458
SLV,RICE,agri_potential_carbon,10395.153467221671,314.63307533561306,mean tonnes carbon per km2,101.0,51.51199977189302
GNQ,RICE,agri_potential_carbon,,,mean tonnes carbon per km2,,
ERI,RICE,agri_potential_carbon,1468.9651341530284,65.43806781976086,mean tonnes carbon per km2,2.0,0.061999998092651366
EST,RICE,agri_potential_carbon,,,mean tonnes carbon per km2,,
ETH,RICE,agri_potential_carbon,7559.85265681369,277.36824643314367,mean tonnes carbon per km2,2093.0,268.6069994983077
FJI,RICE,agri_potential_carbon,12576.166254039916,747.3064168514512,mean tonnes carbon per km2,32.0,29.16400026321411
FIN,RICE,agri_potential_carbon,,,mean tonnes carbon per km2,,
GAB,RICE,agri_potential_carbon,18151.771924809495,3951.278973752773,mean tonnes carbon per km2,5.0,1.8740000659227372
GMB,RICE,agri_potential_carbon,7526.314568811376,250.32758424364758,mean tonnes carbon per km2,80.0,664.0169999408722
MAR,RICE,agri_potential_carbon,5041.418882108319,116.36524347580347,mean tonnes carbon per km2,88.0,59.12700023554266
MOZ,RICE,agri_potential_carbon,8123.928150379514,62.98965195065486,mean tonnes carbon per km2,4786.0,2080.2049983810634
NAM,RICE,agri_potential_carbon,,,mean tonnes carbon per km2,,
GEO,RICE,agri_potential_carbon,,,mean tonnes carbon per km2,,
DEU,RICE,agri_potential_carbon,,,mean tonnes carbon per km2,,
GHA,RICE,agri_potential_carbon,8806.384738346784,304.92637023867604,mean tonnes carbon per km2,1542.0,1579.6639974854143
GRC,RICE,agri_potential_carbon,4119.243524499631,185.38182277704846,mean tonnes carbon per km2,749.0,316.56300038136544
GRL,RICE,agri_potential_carbon,,,mean tonnes carbon per km2,,
GRD,RICE,agri_potential_carbon,,,mean tonnes carbon per km2,,
NRU,RICE,agri_potential_carbon,,,mean tonnes carbon per km2,,
GTM,RICE,agri_potential_carbon,10317.692415072299,211.47177592304777,mean tonnes carbon per km2,578.0,89.23900027297438
NPL,RICE,agri_potential_carbon,7560.38286874884,162.35714651749868,mean tonnes carbon per km2,1649.0,13354.796010642054
GIN,RICE,agri_potential_carbon,10454.916431370904,96.00217509650254,mean tonnes carbon per km2,1741.0,8609.992014022395
GNB,RICE,agri_potential_carbon,11030.568783178096,471.41797220005634,mean tonnes carbon per km2,240.0,658.2040012577922
GUY,RICE,agri_potential_carbon,6381.318162403486,554.6030347377493,mean tonnes carbon per km2,319.0,1069.7250009958445
HTI,RICE,agri_potential_carbon,7043.058637678963,606.0995826662876,mean tonnes carbon per km2,79.0,585.6600022304057
JOR,RICE,agri_potential_carbon,,,mean tonnes carbon per km2,,
HND,RICE,agri_potential_carbon,10799.24224686217,185.63292250489638,mean tonnes carbon per km2,942.0,84.04199983127415
HUN,RICE,agri_potential_carbon,5971.65727533252,135.89652555965364,mean tonnes carbon per km2,518.0,24.82600002288818
ISL,RICE,agri_potential_carbon,,,mean tonnes carbon per km2,,
IDN,RICE,agri_potential_carbon,10786.747661974605,92.14008101527203,mean tonnes carbon per km2,12561.0,63828.492029491965
IRN,RICE,agri_potential_carbon,3031.0408946270063,74.95076374289711,mean tonnes carbon per km2,3045.0,5432.479993957282
IRQ,RICE,agri_potential_carbon,707.859316140681,22.60173089757817,mean tonnes carbon per km2,2207.0,561.0889997383952
IRL,RICE,agri_potential_carbon,,,mean tonnes carbon per km2,,
KAZ,RICE,agri_potential_carbon,4306.956015314015,170.57417568845847,mean tonnes carbon per km2,395.0,909.9199962065368
KEN,RICE,agri_potential_carbon,7884.323038542561,889.3422383599905,mean tonnes carbon per km2,120.0,233.41599991679186
KIR,RICE,agri_potential_carbon,,,mean tonnes carbon per km2,,
PRK,RICE,agri_potential_carbon,8527.113689482328,83.38831284130589,mean tonnes carbon per km2,1749.0,4586.728996005655
KOR,RICE,agri_potential_carbon,7635.117534532388,150.3477278967578,mean tonnes carbon per km2,1305.0,5864.484002399147
XKX,RICE,agri_potential_carbon,,,mean tonnes carbon per km2,,
SRB,RICE,agri_potential_carbon,,,mean tonnes carbon per km2,,
SYC,RICE,agri_potential_carbon,,,mean tonnes carbon per km2,,
SLE,RICE,agri_potential_carbon,15363.837371176514,213.41190541865362,mean tonnes carbon per km2,354.0,3000.9309986830503
SGP,RICE,agri_potential_carbon,,,mean tonnes carbon per km2,,
ITA,RICE,agri_potential_carbon,9920.7146617547,146.80839028074143,mean tonnes carbon per km2,1633.0,2440.7399986992777
JAM,RICE,agri_potential_carbon,11290.804768561991,429.72025692527154,mean tonnes carbon per km2,107.0,0.4810000035911799
JPN,RICE,agri_potential_carbon,8541.737842971772,140.99375636247504,mean tonnes carbon per km2,4630.0,12902.032001734675
KGZ,RICE,agri_potential_carbon,2206.0394299969093,101.41707384166916,mean tonnes carbon per km2,649.0,60.522000048309565
LAO,RICE,agri_potential_carbon,12879.324811014898,163.23537024699053,mean tonnes carbon per km2,1477.0,7980.622009631545
LVA,RICE,agri_potential_carbon,,,mean tonnes carbon per km2,,
LBN,RICE,agri_potential_carbon,,,mean tonnes carbon per km2,,
LSO,RICE,agri_potential_carbon,4715.495343933706,67.07743605385433,mean tonnes carbon per km2,3.0,0.018000000417232515
LBR,RICE,agri_potential_carbon,16764.25973482645,801.2397608223457,mean tonnes carbon per km2,110.0,579.5950001144408
LBY,RICE,agri_potential_carbon,,,mean tonnes carbon per km2,,
LIE,RICE,agri_potential_carbon,,,mean tonnes carbon per km2,,
LTU,RICE,agri_potential_carbon,,,mean tonnes carbon per km2,,
LUX,RICE,agri_potential_carbon,,,mean tonnes carbon per km2,,
MCO,RICE,agri_potential_carbon,,,mean tonnes carbon per km2,,
MNG,RICE,agri_potential_carbon,,,mean tonnes carbon per km2,,
MNE,RICE,agri_potential_carbon,,,mean tonnes carbon per km2,,
MKD,RICE,agri_potential_carbon,6348.429445346041,901.4589253931747,mean tonnes carbon per km2,35.0,39.15099995926023
MDG,RICE,agri_potential_carbon,8288.799803268781,109.41381132708862,mean tonnes carbon per km2,2792.0,11087.376002078949
MWI,RICE,agri_potential_carbon,7253.079562126581,137.29596088881513,mean tonnes carbon per km2,755.0,611.9579984925688
MYS,RICE,agri_potential_carbon,12725.26478153469,270.39590784007953,mean tonnes carbon per km2,1868.0,5789.0869874621185
MDV,RICE,agri_potential_carbon,,,mean tonnes carbon per km2,,
MLI,RICE,agri_potential_carbon,2050.2060934351093,128.6420184696719,mean tonnes carbon per km2,4825.0,6504.584997055679
MLT,RICE,agri_potential_carbon,,,mean tonnes carbon per km2,,
MHL,RICE,agri_potential_carbon,,,mean tonnes carbon per km2,,
MRT,RICE,agri_potential_carbon,1340.5134084625047,322.16272774256544,mean tonnes carbon per km2,75.0,237.8739998892695
MUS,RICE,agri_potential_carbon,10069.023693136913,1218.2722105412656,mean tonnes carbon per km2,23.0,0.8629999981820581
MEX,RICE,agri_potential_carbon,10932.128145597952,518.1068047199705,mean tonnes carbon per km2,1339.0,432.6619992547482
FSM,RICE,agri_potential_carbon,0.0,0.0,mean tonnes carbon per km2,3.0,0.08100000143051148
MDA,RICE,agri_potential_carbon,3739.7959668406816,531.0178720696691,mean tonnes carbon per km2,5.0,0.48099999964237206
NIC,RICE,agri_potential_carbon,9661.902036744526,210.35821034466284,mean tonnes carbon per km2,1075.0,864.0259969253837
OMN,RICE,agri_potential_carbon,,,mean tonnes carbon per km2,,
PAK,RICE,agri_potential_carbon,1179.2305307222025,33.885592985799974,mean tonnes carbon per km2,3137.0,26011.594011892004
PLW,RICE,agri_potential_carbon,,,mean tonnes carbon per km2,,
PAN,RICE,agri_potential_carbon,11280.67407107077,329.32715946745924,mean tonnes carbon per km2,550.0,1058.7220000418276
PNG,RICE,agri_potential_carbon,11328.508893852655,1006.9217870582038,mean tonnes carbon per km2,122.0,1.6120000163465744
PRY,RICE,agri_potential_carbon,7911.95173668631,238.98083752549897,mean tonnes carbon per km2,607.0,634.7509972377122
PER,RICE,agri_potential_carbon,4774.656523046219,252.95597248448325,mean tonnes carbon per km2,1804.0,3391.235999173373
PHL,RICE,agri_potential_carbon,14182.819272255307,104.09748401574102,mean tonnes carbon per km2,2884.0,21795.522013513742
POL,RICE,agri_potential_carbon,,,mean tonnes carbon per km2,,
PRT,RICE,agri_potential_carbon,8020.010953266801,126.19340660870103,mean tonnes carbon per km2,904.0,302.1970000313967
ROU,RICE,agri_potential_carbon,4658.399373115655,78.17462764233981,mean tonnes carbon per km2,1873.0,126.89800004653632
RUS,RICE,agri_potential_carbon,6552.845529545946,161.5007352716921,mean tonnes carbon per km2,1021.0,1907.2890050631763
RWA,RICE,agri_potential_carbon,9448.27376527826,1097.8738868702326,mean tonnes carbon per km2,96.0,88.91500115327536
WSM,RICE,agri_potential_carbon,,,mean tonnes carbon per km2,,
SMR,RICE,agri_potential_carbon,,,mean tonnes carbon per km2,,
TON,RICE,agri_potential_carbon,,,mean tonnes carbon per km2,,
TTO,RICE,agri_potential_carbon,10519.204737337937,1612.322916057337,mean tonnes carbon per km2,19.0,15.485000019073485
TUN,RICE,agri_potential_carbon,,,mean tonnes carbon per km2,,
TKM,RICE,agri_potential_carbon,819.3994394764794,16.313788314023913,mean tonnes carbon per km2,1158.0,645.7360004305839
STP,RICE,agri_potential_carbon,,,mean tonnes carbon per km2,,
SAU,RICE,agri_potential_carbon,,,mean tonnes carbon per km2,,
SEN,RICE,agri_potential_carbon,6836.831061552759,372.98947237096354,mean tonnes carbon per km2,593.0,1304.780998220891
SVK,RICE,agri_potential_carbon,,,mean tonnes carbon per km2,,
SVN,RICE,agri_potential_carbon,,,mean tonnes carbon per km2,,
SLB,RICE,agri_potential_carbon,9092.068764012667,376.1583574981294,mean tonnes carbon per km2,136.0,9.012000017166137
SOM,RICE,agri_potential_carbon,2199.7926413166424,158.87941522045332,mean tonnes carbon per km2,71.0,13.166999922916295
ZAF,RICE,agri_potential_carbon,6454.960304660546,74.52679326292292,mean tonnes carbon per km2,1919.0,11.161000070199371
SSD,RICE,agri_potential_carbon,4670.494823863624,64.41557547439841,mean tonnes carbon per km2,3621.0,58.33800007648767
ESP,RICE,agri_potential_carbon,6749.296056191648,119.18001999146516,mean tonnes carbon per km2,4370.0,1207.1250010322035
LKA,RICE,agri_potential_carbon,9007.950528968397,168.07133448248533,mean tonnes carbon per km2,689.0,8824.230013379678
KNA,RICE,agri_potential_carbon,,,mean tonnes carbon per km2,,
LCA,RICE,agri_potential_carbon,,,mean tonnes carbon per km2,,
VCT,RICE,agri_potential_carbon,,,mean tonnes carbon per km2,,
SDN,RICE,agri_potential_carbon,1889.2032387294446,900.146445549328,mean tonnes carbon per km2,4.0,0.055000000745058064
SUR,RICE,agri_potential_carbon,4775.193225149339,1330.7637012174055,mean tonnes carbon per km2,81.0,539.4670060688256
SWZ,RICE,agri_potential_carbon,6069.670011332359,409.34761360031507,mean tonnes carbon per km2,39.0,0.38900000542402274
SWE,RICE,agri_potential_carbon,,,mean tonnes carbon per km2,,
CHE,RICE,agri_potential_carbon,,,mean tonnes carbon per km2,,
SYR,RICE,agri_potential_carbon,,,mean tonnes carbon per km2,,
TWN,RICE,agri_potential_carbon,12997.122329599353,512.0610300940575,mean tonnes carbon per km2,160.0,1042.449998761937
TJK,RICE,agri_potential_carbon,1239.0672759885,132.77331385517846,mean tonnes carbon per km2,676.0,139.108000241369
TZA,RICE,agri_potential_carbon,8322.590077429819,61.956912616897256,mean tonnes carbon per km2,5645.0,7693.902004961596
THA,RICE,agri_potential_carbon,9885.983305785187,48.35737070409351,mean tonnes carbon per km2,3829.0,100481.68498443454
TLS,RICE,agri_potential_carbon,11059.158454009501,369.296386478529,mean tonnes carbon per km2,127.0,310.8400008855015
TGO,RICE,agri_potential_carbon,8350.942765640666,142.27956560508363,mean tonnes carbon per km2,601.0,431.82399977207183
TUV,RICE,agri_potential_carbon,,,mean tonnes carbon per km2,,
UGA,RICE,agri_potential_carbon,10197.70565872549,470.0363955724733,mean tonnes carbon per km2,989.0,506.9770034538955
URY,RICE,agri_potential_carbon,2475.4966006951086,89.71918064402283,mean tonnes carbon per km2,1770.0,1731.0190030217173
UZB,RICE,agri_potential_carbon,1325.726063615199,35.08261543781922,mean tonnes carbon per km2,980.0,312.29500017113986
VUT,RICE,agri_potential_carbon,,,mean tonnes carbon per km2,,
VAT,RICE,agri_potential_carbon,,,mean tonnes carbon per km2,,
VEN,RICE,agri_potential_carbon,7668.759263672115,343.41838921261717,mean tonnes carbon per km2,582.0,2019.1409975831955
VNM,RICE,agri_potential_carbon,11717.379376981968,108.96553147039053,mean tonnes carbon per km2,3117.0,36903.59199959643
ZMB,RICE,agri_potential_carbon,6930.349425446699,109.54083818102245,mean tonnes carbon per km2,2283.0,220.1220000075549
ZWE,RICE,agri_potential_carbon,6287.893973633863,87.61092288901649,mean tonnes carbon per km2,1082.0,2.945000030547381
YEM,RICE,agri_potential_carbon,,,mean tonnes carbon per km2,,
UKR,RICE,agri_potential_carbon,5293.768383956526,157.31679767051625,mean tonnes carbon per km2,9655.0,276.09100047223274
BHR,RICE,agri_potential_carbon,,,mean tonnes carbon per km2,,
KWT,RICE,agri_potential_carbon,,,mean tonnes carbon per km2,,
QAT,RICE,agri_potential_carbon,,,mean tonnes carbon per km2,,
ARE,RICE,agri_potential_carbon,,,mean tonnes carbon per km2,,
TUR,RICE,agri_potential_carbon,4538.681592134634,77.92411599398011,mean tonnes carbon per km2,3353.0,951.3249993759395
ISR,RICE,agri_potential_carbon,,,mean tonnes carbon per km2,,
BGD,RICE,agri_potential_carbon,9877.930092398174,76.007601656948,mean tonnes carbon per km2,1579.0,72830.80090021691
MMR,RICE,agri_potential_carbon,9486.60326569397,107.76734069148982,mean tonnes carbon per km2,4694.0,63217.14098431602
IND,RICE,agri_potential_carbon,6336.73866309944,31.41958775824152,mean tonnes carbon per km2,27874.0,302982.86876928015
BEN,RICE,agri_potential_carbon,6479.552340086562,341.3086639792601,mean tonnes carbon per km2,762.0,317.31500036180023
NER,RICE,agri_potential_carbon,1515.874299573537,57.613622972940185,mean tonnes carbon per km2,2036.0,97.57400009036064
NGA,RICE,agri_potential_carbon,6518.926167119982,56.17747672793269,mean tonnes carbon per km2,8953.0,21172.406997740567
111,RICE,agri_potential_carbon,,,mean tonnes carbon per km2,,
112,RICE,agri_potential_carbon,,,mean tonnes carbon per km2,,
113,RICE,agri_potential_carbon,0.0,0.0,mean tonnes carbon per km2,1.0,0.13899999618530273
114,RICE,agri_potential_carbon,,,mean tonnes carbon per km2,,
115,RICE,agri_potential_carbon,,,mean tonnes carbon per km2,,
116,RICE,agri_potential_carbon,,,mean tonnes carbon per km2,,
117,RICE,agri_potential_carbon,,,mean tonnes carbon per km2,,
118,RICE,agri_potential_carbon,,,mean tonnes carbon per km2,,
119,RICE,agri_potential_carbon,,,mean tonnes carbon per km2,,
120,RICE,agri_potential_carbon,,,mean tonnes carbon per km2,,
121,RICE,agri_potential_carbon,,,mean tonnes carbon per km2,,
122,RICE,agri_potential_carbon,,,mean tonnes carbon per km2,,
123,RICE,agri_potential_carbon,,,mean tonnes carbon per km2,,
124,RICE,agri_potential_carbon,,,mean tonnes carbon per km2,,
125,RICE,agri_potential_carbon,,,mean tonnes carbon per km2,,
126,RICE,agri_potential_carbon,,,mean tonnes carbon per km2,,
127,RICE,agri_potential_carbon,,,mean tonnes carbon per km2,,
128,RICE,agri_potential_carbon,,,mean tonnes carbon per km2,,
129,RICE,agri_potential_carbon,,,mean tonnes carbon per km2,,
ESH,RICE,agri_potential_carbon,,,mean tonnes carbon per km2,,
AFG,BARL,agri_potential_carbon,1160.472539931145,31.21117401830243,mean tonnes carbon per km2,5837.0,2216.3409981052578
GBR,BARL,agri_potential_carbon,17476.91207422375,127.34672084962611,mean tonnes carbon per km2,3020.0,10075.268007520586
ALB,BARL,agri_potential_carbon,6121.4928399632945,496.7588022088064,mean tonnes carbon per km2,126.0,23.4609998653084
DZA,BARL,agri_potential_carbon,3323.6932905121407,76.02523941084347,mean tonnes carbon per km2,2933.0,10344.464999130965
USA,BARL,agri_potential_carbon,4095.7924916544043,70.63256616906004,mean tonnes carbon per km2,30047.0,10448.514993754254
ATA,BARL,agri_potential_carbon,,,mean tonnes carbon per km2,,
ATG,BARL,agri_potential_carbon,,,mean tonnes carbon per km2,,
ARG,BARL,agri_potential_carbon,2432.7360604645028,35.087113294109884,mean tonnes carbon per km2,7239.0,7867.181001643837
AND,BARL,agri_potential_carbon,,,mean tonnes carbon per km2,,
AGO,BARL,agri_potential_carbon,,,mean tonnes carbon per km2,,
ARM,BARL,agri_potential_carbon,4137.82232101352,185.53201958968498,mean tonnes carbon per km2,401.0,673.1000017165393
NLD,BARL,agri_potential_carbon,11157.627462820677,191.60057703350802,mean tonnes carbon per km2,475.0,370.6799993467331
AUS,BARL,agri_potential_carbon,4685.514216291748,31.958329171895336,mean tonnes carbon per km2,14067.0,40421.232989094184
AUT,BARL,agri_potential_carbon,12347.335337974877,181.93263961273695,mean tonnes carbon per km2,799.0,1692.3760052835196
AZE,BARL,agri_potential_carbon,2638.7468441549763,104.58446004503412,mean tonnes carbon per km2,691.0,2634.4919967664778
BHS,BARL,agri_potential_carbon,,,mean tonnes carbon per km2,,
BRB,BARL,agri_potential_carbon,,,mean tonnes carbon per km2,,
BLR,BARL,agri_potential_carbon,14445.75130417768,85.18035244294319,mean tonnes carbon per km2,3867.0,6503.100002054125
BEL,BARL,agri_potential_carbon,13756.131605998959,153.80989916787675,mean tonnes carbon per km2,475.0,467.2779999119044
BLZ,BARL,agri_potential_carbon,,,mean tonnes carbon per km2,,
BTN,BARL,agri_potential_carbon,8439.118210665574,1449.4453644674898,mean tonnes carbon per km2,48.0,14.266999929919837
BOL,BARL,agri_potential_carbon,2230.1059353783075,343.0996062453532,mean tonnes carbon per km2,1745.0,495.5980005576462
BIH,BARL,agri_potential_carbon,8607.701029060521,159.93964340581687,mean tonnes carbon per km2,657.0,207.98500025510788
BWA,BARL,agri_potential_carbon,,,mean tonnes carbon per km2,,
NOR,BARL,agri_potential_carbon,9967.425058795092,256.6355075065261,mean tonnes carbon per km2,1117.0,1356.1929990110548
COL,BARL,agri_potential_carbon,7986.744544884121,1018.3314380895184,mean tonnes carbon per km2,363.0,53.95199960134924
COM,BARL,agri_potential_carbon,,,mean tonnes carbon per km2,,
BRA,BARL,agri_potential_carbon,6202.885876486157,117.88982112736018,mean tonnes carbon per km2,1844.0,833.3190013036876
FRA,BARL,agri_potential_carbon,12243.552219618548,47.725637190860425,mean tonnes carbon per km2,8676.0,16679.245006674453
COD,BARL,agri_potential_carbon,12627.648920958298,232.3088991635236,mean tonnes carbon per km2,504.0,12.0300000295043
COG,BARL,agri_potential_carbon,,,mean tonnes carbon per km2,,
NZL,BARL,agri_potential_carbon,6947.710106009821,194.83471873556186,mean tonnes carbon per km2,1192.0,644.4439984010905
BRN,BARL,agri_potential_carbon,,,mean tonnes carbon per km2,,
BGR,BARL,agri_potential_carbon,5795.472414189702,72.14240586214632,mean tonnes carbon per km2,1610.0,2256.408002768382
BFA,BARL,agri_potential_carbon,,,mean tonnes carbon per km2,,
BDI,BARL,agri_potential_carbon,,,mean tonnes carbon per km2,,
CPV,BARL,agri_potential_carbon,,,mean tonnes carbon per km2,,
KHM,BARL,agri_potential_carbon,,,mean tonnes carbon per km2,,
CMR,BARL,agri_potential_carbon,,,mean tonnes carbon per km2,,
CAN,BARL,agri_potential_carbon,4341.771984238445,44.90674369680052,mean tonnes carbon per km2,16008.0,25458.052992346882
CRI,BARL,agri_potential_carbon,,,mean tonnes carbon per km2,,
CIV,BARL,agri_potential_carbon,,,mean tonnes carbon per km2,,
HRV,BARL,agri_potential_carbon,9347.020324650499,138.5704127304226,mean tonnes carbon per km2,789.0,535.1490015099943
CUB,BARL,agri_potential_carbon,,,mean tonnes carbon per km2,,
CAF,BARL,agri_potential_carbon,,,mean tonnes carbon per km2,,
TCD,BARL,agri_potential_carbon,,,mean tonnes carbon per km2,,
CHL,BARL,agri_potential_carbon,4314.222192803256,99.8558149221852,mean tonnes carbon per km2,1957.0,182.35899988979105
CHN,BARL,agri_potential_carbon,7244.688698008543,95.13467877819981,mean tonnes carbon per km2,11152.0,5945.394995573238
CYP,BARL,agri_potential_carbon,4002.2975616152135,246.9062504476257,mean tonnes carbon per km2,123.0,245.8750014352798
CZE,BARL,agri_potential_carbon,13309.670971320578,134.41617977770508,mean tonnes carbon per km2,1173.0,4055.9959945926817
DNK,BARL,agri_potential_carbon,15182.82748480893,142.3143483591494,mean tonnes carbon per km2,849.0,5767.484003684521
DJI,BARL,agri_potential_carbon,,,mean tonnes carbon per km2,,
DMA,BARL,agri_potential_carbon,,,mean tonnes carbon per km2,,
DOM,BARL,agri_potential_carbon,,,mean tonnes carbon per km2,,
ECU,BARL,agri_potential_carbon,7697.611118815948,691.1863689595035,mean tonnes carbon per km2,237.0,297.1260017386824
EGY,BARL,agri_potential_carbon,997.9977836166635,128.51663404063328,mean tonnes carbon per km2,729.0,828.1580033630132
SLV,BARL,agri_potential_carbon,,,mean tonnes carbon per km2,,
GNQ,BARL,agri_potential_carbon,,,mean tonnes carbon per km2,,
ERI,BARL,agri_potential_carbon,2380.209660153554,105.46947198844705,mean tonnes carbon per km2,156.0,508.5319993520528
EST,BARL,agri_potential_carbon,13239.606984157272,194.2249670059699,mean tonnes carbon per km2,849.0,1210.7499996566773
ETH,BARL,agri_potential_carbon,7882.004188971582,78.25705559608333,mean tonnes carbon per km2,4617.0,5819.041996963173
FJI,BARL,agri_potential_carbon,,,mean tonnes carbon per km2,,
FIN,BARL,agri_potential_carbon,15363.447243151859,187.261335306153,mean tonnes carbon per km2,3903.0,4574.55000037551
GAB,BARL,agri_potential_carbon,,,mean tonnes carbon per km2,,
GMB,BARL,agri_potential_carbon,,,mean tonnes carbon per km2,,
MAR,BARL,agri_potential_carbon,2623.399231915865,72.89305043622466,mean tonnes carbon per km2,2740.0,20205.61600135125
MOZ,BARL,agri_potential_carbon,,,mean tonnes carbon per km2,,
NAM,BARL,agri_potential_carbon,,,mean tonnes carbon per km2,,
GEO,BARL,agri_potential_carbon,6600.971341818322,304.06354788210535,mean tonnes carbon per km2,484.0,179.2219996675849
DEU,BARL,agri_potential_carbon,14259.4616097551,55.295600375650984,mean tonnes carbon per km2,5803.0,17090.79999733843
GHA,BARL,agri_potential_carbon,,,mean tonnes carbon per km2,,
GRC,BARL,agri_potential_carbon,4701.015382855872,109.84177986148588,mean tonnes carbon per km2,1328.0,1171.2059997386486
GRL,BARL,agri_potential_carbon,,,mean tonnes carbon per km2,,
GRD,BARL,agri_potential_carbon,,,mean tonnes carbon per km2,,
NRU,BARL,agri_potential_carbon,,,mean tonnes carbon per km2,,
GTM,BARL,agri_potential_carbon,11098.320536918163,242.72124183544534,mean tonnes carbon per km2,304.0,11.007999996766449
NPL,BARL,agri_potential_carbon,9608.095652828124,240.79389808874873,mean tonnes carbon per km2,554.0,258.7929993067682
GIN,BARL,agri_potential_carbon,,,mean tonnes carbon per km2,,
GNB,BARL,agri_potential_carbon,,,mean tonnes carbon per km2,,
GUY,BARL,agri_potential_carbon,,,mean tonnes carbon per km2,,
HTI,BARL,agri_potential_carbon,,,mean tonnes carbon per km2,,
JOR,BARL,agri_potential_carbon,645.9747808388756,140.8320053599807,mean tonnes carbon per km2,149.0,261.855001269728
HND,BARL,agri_potential_carbon,,,mean tonnes carbon per km2,,
HUN,BARL,agri_potential_carbon,7241.346089769158,86.28303621968988,mean tonnes carbon per km2,1337.0,2854.8960003744805
ISL,BARL,agri_potential_carbon,,,mean tonnes carbon per km2,,
IDN,BARL,agri_potential_carbon,,,mean tonnes carbon per km2,,
IRN,BARL,agri_potential_carbon,790.0047503660765,19.549368523296778,mean tonnes carbon per km2,12412.0,16122.720014772862
IRQ,BARL,agri_potential_carbon,1188.5993022621674,30.40837712648029,mean tonnes carbon per km2,2027.0,7083.771005844772
IRL,BARL,agri_potential_carbon,12770.83316961737,206.55855970213133,mean tonnes carbon per km2,1217.0,1822.9380009163917
KAZ,BARL,agri_potential_carbon,4963.519305897444,21.737555576094195,mean tonnes carbon per km2,18576.0,15141.88099865444
KEN,BARL,agri_potential_carbon,8261.848824025044,196.23183810176909,mean tonnes carbon per km2,220.0,190.87900064229964
KIR,BARL,agri_potential_carbon,,,mean tonnes carbon per km2,,
PRK,BARL,agri_potential_carbon,8931.066220142482,60.32460697793324,mean tonnes carbon per km2,1269.0,285.7250001514703
KOR,BARL,agri_potential_carbon,7954.301138578469,250.78290017878356,mean tonnes carbon per km2,971.0,366.0150008447468
XKX,BARL,agri_potential_carbon,7587.232459971261,184.03761246371153,mean tonnes carbon per km2,140.0,13.488999990746379
SRB,BARL,agri_potential_carbon,5636.510449296489,98.63862652653157,mean tonnes carbon per km2,1161.0,858.6399998105317
SYC,BARL,agri_potential_carbon,,,mean tonnes carbon per km2,,
SLE,BARL,agri_potential_carbon,,,mean tonnes carbon per km2,,
SGP,BARL,agri_potential_carbon,,,mean tonnes carbon per km2,,
ITA,BARL,agri_potential_carbon,6742.051582686912,61.11234488276957,mean tonnes carbon per km2,3755.0,1885.9619994945078
JAM,BARL,agri_potential_carbon,,,mean tonnes carbon per km2,,
JPN,BARL,agri_potential_carbon,6903.769254283647,266.25247999078255,mean tonnes carbon per km2,3042.0,585.1029987400025
KGZ,BARL,agri_potential_carbon,2412.4993775922767,76.87335699365818,mean tonnes carbon per km2,1146.0,1225.3259993444383
LAO,BARL,agri_potential_carbon,16556.42117638479,1496.7217375807345,mean tonnes carbon per km2,2.0,0.06599999904632568
LVA,BARL,agri_potential_carbon,13476.112696040644,175.4314622922336,mean tonnes carbon per km2,1263.0,1003.5329999674857
LBN,BARL,agri_potential_carbon,3274.2546186925883,399.29309863514277,mean tonnes carbon per km2,103.0,144.6470002579689
LSO,BARL,agri_potential_carbon,5337.694063130446,239.15790629768878,mean tonnes carbon per km2,51.0,22.350000082179903
LBR,BARL,agri_potential_carbon,,,mean tonnes carbon per km2,,
LBY,BARL,agri_potential_carbon,1317.4674193776093,82.88102008324991,mean tonnes carbon per km2,1134.0,1917.4870017513633
LIE,BARL,agri_potential_carbon,,,mean tonnes carbon per km2,,
LTU,BARL,agri_potential_carbon,13690.340404032397,160.66820647709974,mean tonnes carbon per km2,1264.0,2540.2939980041238
LUX,BARL,agri_potential_carbon,14684.510129885506,332.4842875758582,mean tonnes carbon per km2,46.0,83.06299964904784
MCO,BARL,agri_potential_carbon,,,mean tonnes carbon per km2,,
MNG,BARL,agri_potential_carbon,2553.327083489345,72.98719042295362,mean tonnes carbon per km2,1966.0,35.17200005143881
MNE,BARL,agri_potential_carbon,10085.25225626791,565.8977918562953,mean tonnes carbon per km2,127.0,9.859000041261316
MKD,BARL,agri_potential_carbon,5255.511898661422,261.9359167082494,mean tonnes carbon per km2,229.0,438.8559988339991
MDG,BARL,agri_potential_carbon,,,mean tonnes carbon per km2,,
MWI,BARL,agri_potential_carbon,,,mean tonnes carbon per km2,,
MYS,BARL,agri_potential_carbon,,,mean tonnes carbon per km2,,
MDV,BARL,agri_potential_carbon,,,mean tonnes carbon per km2,,
MLI,BARL,agri_potential_carbon,594.5017739874775,1643.7948414472876,mean tonnes carbon per km2,3.0,0.19100000023841857
MLT,BARL,agri_potential_carbon,8435.843993297662,1205.8414208855756,mean tonnes carbon per km2,5.0,4.75
MHL,BARL,agri_potential_carbon,,,mean tonnes carbon per km2,,
MRT,BARL,agri_potential_carbon,1810.1559313286612,55.308006380749596,mean tonnes carbon per km2,840.0,5.273000036478043
MUS,BARL,agri_potential_carbon,,,mean tonnes carbon per km2,,
MEX,BARL,agri_potential_carbon,7852.688786638851,251.27688925647624,mean tonnes carbon per km2,1411.0,2123.8559954115
FSM,BARL,agri_potential_carbon,,,mean tonnes carbon per km2,,
MDA,BARL,agri_potential_carbon,6093.962717398199,115.55171804941884,mean tonnes carbon per km2,463.0,1294.2220004749297
NIC,BARL,agri_potential_carbon,,,mean tonnes carbon per km2,,
OMN,BARL,agri_potential_carbon,173.45042690504664,14.45028937876766,mean tonnes carbon per km2,446.0,5.8589999127388
PAK,BARL,agri_potential_carbon,2435.9008126176773,108.63095207569452,mean tonnes carbon per km2,3218.0,806.0059995371848
PLW,BARL,agri_potential_carbon,,,mean tonnes carbon per km2,,
PAN,BARL,agri_potential_carbon,,,mean tonnes carbon per km2,,
PNG,BARL,agri_potential_carbon,,,mean tonnes carbon per km2,,
PRY,BARL,agri_potential_carbon,,,mean tonnes carbon per km2,,
PER,BARL,agri_potential_carbon,4165.242556718205,264.91924869263016,mean tonnes carbon per km2,509.0,1375.9819993261995
PHL,BARL,agri_potential_carbon,,,mean tonnes carbon per km2,,
POL,BARL,agri_potential_carbon,14655.793363183622,60.58941794721626,mean tonnes carbon per km2,5734.0,10968.858999036327
PRT,BARL,agri_potential_carbon,8530.575079825332,92.35655997252556,mean tonnes carbon per km2,880.0,267.60199990533295
ROU,BARL,agri_potential_carbon,4919.779638233232,85.57601536824956,mean tonnes carbon per km2,3335.0,4830.447000899539
RUS,BARL,agri_potential_carbon,7259.335961717243,19.078298576642275,mean tonnes carbon per km2,49718.0,67447.21400717073
RWA,BARL,agri_potential_carbon,,,mean tonnes carbon per km2,,
WSM,BARL,agri_potential_carbon,,,mean tonnes carbon per km2,,
SMR,BARL,agri_potential_carbon,,,mean tonnes carbon per km2,,
TON,BARL,agri_potential_carbon,,,mean tonnes carbon per km2,,
TTO,BARL,agri_potential_carbon,,,mean tonnes carbon per km2,,
TUN,BARL,agri_potential_carbon,2705.9675849693863,118.56235136067437,mean tonnes carbon per km2,1184.0,4277.826997084245
TKM,BARL,agri_potential_carbon,823.4394727592344,22.690605329253383,mean tonnes carbon per km2,806.0,449.6960004040599
STP,BARL,agri_potential_carbon,,,mean tonnes carbon per km2,,
SAU,BARL,agri_potential_carbon,68.31403263193906,24.535214344136076,mean tonnes carbon per km2,1167.0,27.120000042170282
SEN,BARL,agri_potential_carbon,326.2858536295092,0.0,mean tonnes carbon per km2,1.0,0.01399999976158142
SVK,BARL,agri_potential_carbon,9127.682122355509,172.36718687669534,mean tonnes carbon per km2,764.0,1547.9390008305759
SVN,BARL,agri_potential_carbon,11571.749904834976,278.77804803375756,mean tonnes carbon per km2,243.0,191.70400017090145
SLB,BARL,agri_potential_carbon,,,mean tonnes carbon per km2,,
SOM,BARL,agri_potential_carbon,,,mean tonnes carbon per km2,,
ZAF,BARL,agri_potential_carbon,4685.558891045067,131.92573251741132,mean tonnes carbon per km2,5066.0,789.9389989411086
SSD,BARL,agri_potential_carbon,,,mean tonnes carbon per km2,,
ESP,BARL,agri_potential_carbon,7106.325624229068,47.4795156472523,mean tonnes carbon per km2,7089.0,28704.083997167574
LKA,BARL,agri_potential_carbon,,,mean tonnes carbon per km2,,
KNA,BARL,agri_potential_carbon,,,mean tonnes carbon per km2,,
LCA,BARL,agri_potential_carbon,,,mean tonnes carbon per km2,,
VCT,BARL,agri_potential_carbon,,,mean tonnes carbon per km2,,
SDN,BARL,agri_potential_carbon,,,mean tonnes carbon per km2,,
SUR,BARL,agri_potential_carbon,,,mean tonnes carbon per km2,,
SWZ,BARL,agri_potential_carbon,,,mean tonnes carbon per km2,,
SWE,BARL,agri_potential_carbon,14739.306294053908,173.63723753327434,mean tonnes carbon per km2,3618.0,3272.699000203684
CHE,BARL,agri_potential_carbon,12907.413460780417,188.9342945936245,mean tonnes carbon per km2,335.0,293.3330000853539
SYR,BARL,agri_potential_carbon,654.7814160914211,45.16909995184327,mean tonnes carbon per km2,1443.0,13672.840007897168
TWN,BARL,agri_potential_carbon,,,mean tonnes carbon per km2,,
TJK,BARL,agri_potential_carbon,1483.9657639734135,94.5658644581373,mean tonnes carbon per km2,605.0,643.6639999379217
TZA,BARL,agri_potential_carbon,6712.222741623198,274.33019813949215,mean tonnes carbon per km2,261.0,62.26999978847802
THA,BARL,agri_potential_carbon,11957.5360876536,220.35826738300827,mean tonnes carbon per km2,565.0,210.34699930429457
TLS,BARL,agri_potential_carbon,,,mean tonnes carbon per km2,,
TGO,BARL,agri_potential_carbon,,,mean tonnes carbon per km2,,
TUV,BARL,agri_potential_carbon,,,mean tonnes carbon per km2,,
UGA,BARL,agri_potential_carbon,,,mean tonnes carbon per km2,,
URY,BARL,agri_potential_carbon,2885.805761478862,78.02610135997449,mean tonnes carbon per km2,1073.0,1021.4900008698554
UZB,BARL,agri_potential_carbon,1207.9948511275638,26.97662408926052,mean tonnes carbon per km2,926.0,789.1799987176805
VUT,BARL,agri_potential_carbon,,,mean tonnes carbon per km2,,
VAT,BARL,agri_potential_carbon,,,mean tonnes carbon per km2,,
VEN,BARL,agri_potential_carbon,,,mean tonnes carbon per km2,,
VNM,BARL,agri_potential_carbon,,,mean tonnes carbon per km2,,
ZMB,BARL,agri_potential_carbon,6478.1381626624025,320.0228640340324,mean tonnes carbon per km2,159.0,53.81300018846989
ZWE,BARL,agri_potential_carbon,5610.519023353432,256.3111634674198,mean tonnes carbon per km2,1643.0,90.32599986717105
YEM,BARL,agri_potential_carbon,1998.732196975874,84.54262443951535,mean tonnes carbon per km2,1439.0,411.4230009753257
UKR,BARL,agri_potential_carbon,7892.336540409614,57.75651855055885,mean tonnes carbon per km2,10338.0,43227.20499198176
BHR,BARL,agri_potential_carbon,,,mean tonnes carbon per km2,,
KWT,BARL,agri_potential_carbon,117.14599871100648,55.11243645253137,mean tonnes carbon per km2,59.0,9.335999985337256
QAT,BARL,agri_potential_carbon,127.11832274487276,48.74515255759924,mean tonnes carbon per km2,79.0,2.178000000491738
ARE,BARL,agri_potential_carbon,31.472487387832498,16.996694366974538,mean tonnes carbon per km2,60.0,0.19200000032782558
TUR,BARL,agri_potential_carbon,1947.4286032673392,30.992043374828032,mean tonnes carbon per km2,11044.0,29398.127998233736
ISR,BARL,agri_potential_carbon,3006.143397746567,278.1588781549502,mean tonnes carbon per km2,115.0,56.39300007253886
BGD,BARL,agri_potential_carbon,9162.301189740236,159.32963091992096,mean tonnes carbon per km2,111.0,5.920999969094992
MMR,BARL,agri_potential_carbon,16098.0714839899,3131.4110410119274,mean tonnes carbon per km2,2.0,0.1399999962002039
IND,BARL,agri_potential_carbon,2716.4833253001016,64.56386623517288,mean tonnes carbon per km2,13462.0,6659.883996289894
BEN,BARL,agri_potential_carbon,,,mean tonnes carbon per km2,,
NER,BARL,agri_potential_carbon,,,mean tonnes carbon per km2,,
NGA,BARL,agri_potential_carbon,,,mean tonnes carbon per km2,,
111,BARL,agri_potential_carbon,,,mean tonnes carbon per km2,,
112,BARL,agri_potential_carbon,,,mean tonnes carbon per km2,,
113,BARL,agri_potential_carbon,,,mean tonnes carbon per km2,,
114,BARL,agri_potential_carbon,,,mean tonnes carbon per km2,,
115,BARL,agri_potential_carbon,,,mean tonnes carbon per km2,,
116,BARL,agri_potential_carbon,,,mean tonnes carbon per km2,,
117,BARL,agri_potential_carbon,,,mean tonnes carbon per km2,,
118,BARL,agri_potential_carbon,,,mean tonnes carbon per km2,,
119,BARL,agri_potential_carbon,,,mean tonnes carbon per km2,,
120,BARL,agri_potential_carbon,,,mean tonnes carbon per km2,,
121,BARL,agri_potential_carbon,,,mean tonnes carbon per km2,,
122,BARL,agri_potential_carbon,,,mean tonnes carbon per km2,,
123,BARL,agri_potential_carbon,,,mean tonnes carbon per km2,,
124,BARL,agri_potential_carbon,,,mean tonnes carbon per km2,,
125,BARL,agri_potential_carbon,,,mean tonnes carbon per km2,,
126,BARL,agri_potential_carbon,,,mean tonnes carbon per km2,,
127,BARL,agri_potential_carbon,,,mean tonnes carbon per km2,,
128,BARL,agri_potential_carbon,,,mean tonnes carbon per km2,,
129,BARL,agri_potential_carbon,,,mean tonnes carbon per km2,,
ESH,BARL,agri_potential_carbon,0.4212443118812923,0.3265235888607304,mean tonnes carbon per km2,30.0,30.602999699115752
AFG,WHEA,agri_potential_carbon,1014.0963921236842,33.79079657402206,mean tonnes carbon per km2,5907.0,20790.438999132886
GBR,WHEA,agri_potential_carbon,18238.04744114415,115.11375717121125,mean tonnes carbon per km2,3041.0,18905.347001833914
ALB,WHEA,agri_potential_carbon,6056.280434486075,210.63139548190426,mean tonnes carbon per km2,397.0,750.3780021879077
DZA,WHEA,agri_potential_carbon,4088.922827418093,73.51412447846388,mean tonnes carbon per km2,2915.0,17517.16801114634
USA,WHEA,agri_potential_carbon,4385.591984275298,37.30765427336831,mean tonnes carbon per km2,56172.0,173539.25208719127
ATA,WHEA,agri_potential_carbon,,,mean tonnes carbon per km2,,
ATG,WHEA,agri_potential_carbon,,,mean tonnes carbon per km2,,
ARG,WHEA,agri_potential_carbon,3327.5554534409725,27.451782620588805,mean tonnes carbon per km2,13189.0,34372.12301089369
AND,WHEA,agri_potential_carbon,,,mean tonnes carbon per km2,,
AGO,WHEA,agri_potential_carbon,8413.106823674298,90.22847628293772,mean tonnes carbon per km2,1453.0,34.58100002847612
ARM,WHEA,agri_potential_carbon,4009.223348454594,173.20315215742906,mean tonnes carbon per km2,400.0,858.3089985197038
NLD,WHEA,agri_potential_carbon,10765.704344435075,201.3561572404904,mean tonnes carbon per km2,616.0,1499.2669976837187
AUS,WHEA,agri_potential_carbon,4543.157983392281,30.38309502995452,mean tonnes carbon per km2,15553.0,131864.30200827718
AUT,WHEA,agri_potential_carbon,11841.19550908643,194.87175070457727,mean tonnes carbon per km2,809.0,3082.573000394851
AZE,WHEA,agri_potential_carbon,2898.3718384025087,97.13054534380784,mean tonnes carbon per km2,749.0,7039.796000574678
BHS,WHEA,agri_potential_carbon,,,mean tonnes carbon per km2,,
BRB,WHEA,agri_potential_carbon,,,mean tonnes carbon per km2,,
BLR,WHEA,agri_potential_carbon,14442.064517533769,85.22011949428573,mean tonnes carbon per km2,3867.0,6019.81400142163
BEL,WHEA,agri_potential_carbon,13676.35689286321,145.14659656349758,mean tonnes carbon per km2,484.0,2044.4539986383916
BLZ,WHEA,agri_potential_carbon,,,mean tonnes carbon per km2,,
BTN,WHEA,agri_potential_carbon,4587.334268782073,1158.1046055305565,mean tonnes carbon per km2,68.0,24.216999985128645
BOL,WHEA,agri_potential_carbon,5282.398448913391,146.31782179310085,mean tonnes carbon per km2,1571.0,1341.725002465695
BIH,WHEA,agri_potential_carbon,8555.564681534017,149.24557154779805,mean tonnes carbon per km2,656.0,607.7590010000765
BWA,WHEA,agri_potential_carbon,3280.056793753349,0.0,mean tonnes carbon per km2,1.0,0.01
NOR,WHEA,agri_potential_carbon,11551.056052626887,314.496718827531,mean tonnes carbon per km2,515.0,752.9140007748454
COL,WHEA,agri_potential_carbon,7977.540899462373,1079.0371962335764,mean tonnes carbon per km2,457.0,93.61900035776199
COM,WHEA,agri_potential_carbon,,,mean tonnes carbon per km2,,
BRA,WHEA,agri_potential_carbon,7182.203666169476,51.042097551860564,mean tonnes carbon per km2,7359.0,22478.5569879476
FRA,WHEA,agri_potential_carbon,12038.844197729908,42.576222141555824,mean tonnes carbon per km2,8698.0,56270.66102969706
COD,WHEA,agri_potential_carbon,12102.3679742704,202.64629202251484,mean tonnes carbon per km2,1330.0,67.55200008824467
COG,WHEA,agri_potential_carbon,,,mean tonnes carbon per km2,,
NZL,WHEA,agri_potential_carbon,6904.258946638949,78.83325883003711,mean tonnes carbon per km2,1785.0,532.9470001205057
BRN,WHEA,agri_potential_carbon,,,mean tonnes carbon per km2,,
BGR,WHEA,agri_potential_carbon,5798.76922489827,70.12143196606512,mean tonnes carbon per km2,1599.0,11650.838990291879
BFA,WHEA,agri_potential_carbon,1121.9552662861818,68.01730564463196,mean tonnes carbon per km2,10.0,0.08500000059604645
BDI,WHEA,agri_potential_carbon,12002.346292840397,243.87180370245915,mean tonnes carbon per km2,102.0,118.62000057272611
CPV,WHEA,agri_potential_carbon,,,mean tonnes carbon per km2,,
KHM,WHEA,agri_potential_carbon,,,mean tonnes carbon per km2,,
CMR,WHEA,agri_potential_carbon,7982.811764822961,241.98541728608257,mean tonnes carbon per km2,215.0,6.758999999389053
CAN,WHEA,agri_potential_carbon,3765.9207125548055,41.21691841561339,mean tonnes carbon per km2,15737.0,88166.64399766267
CRI,WHEA,agri_potential_carbon,,,mean tonnes carbon per km2,,
CIV,WHEA,agri_potential_carbon,,,mean tonnes carbon per km2,,
HRV,WHEA,agri_potential_carbon,9089.233517870518,153.76548258114784,mean tonnes carbon per km2,788.0,1666.6890002173932
CUB,WHEA,agri_potential_carbon,,,mean tonnes carbon per km2,,
CAF,WHEA,agri_potential_carbon,,,mean tonnes carbon per km2,,
TCD,WHEA,agri_potential_carbon,23.331174165114124,8.144202683893385,mean tonnes carbon per km2,10.0,22.26099998474121
CHL,WHEA,agri_potential_carbon,4370.05596665277,90.11142402846318,mean tonnes carbon per km2,1704.0,2702.887003460005
CHN,WHEA,agri_potential_carbon,7061.546644291633,32.423376297907,mean tonnes carbon per km2,41726.0,158747.12003443664
CYP,WHEA,agri_potential_carbon,3923.880047890187,239.8067439802376,mean tonnes carbon per km2,123.0,69.4949997138977
CZE,WHEA,agri_potential_carbon,13287.471677372325,136.1700692757028,mean tonnes carbon per km2,1172.0,8427.512000923529
DNK,WHEA,agri_potential_carbon,15089.70477979429,146.97972275716222,mean tonnes carbon per km2,849.0,7324.803997712135
DJI,WHEA,agri_potential_carbon,,,mean tonnes carbon per km2,,
DMA,WHEA,agri_potential_carbon,,,mean tonnes carbon per km2,,
DOM,WHEA,agri_potential_carbon,,,mean tonnes carbon per km2,,
ECU,WHEA,agri_potential_carbon,8106.97982189458,596.0509660332335,mean tonnes carbon per km2,222.0,92.52900041103362
EGY,WHEA,agri_potential_carbon,2723.730142678084,80.71668162407433,mean tonnes carbon per km2,1068.0,12955.786024324894
SLV,WHEA,agri_potential_carbon,,,mean tonnes carbon per km2,,
GNQ,WHEA,agri_potential_carbon,,,mean tonnes carbon per km2,,
ERI,WHEA,agri_potential_carbon,2352.7980442208045,101.38376162165468,mean tonnes carbon per km2,161.0,247.0500001466274
EST,WHEA,agri_potential_carbon,13234.416259265821,194.20197461790428,mean tonnes carbon per km2,849.0,1210.9190014505386
ETH,WHEA,agri_potential_carbon,8289.887480596542,79.7929725781609,mean tonnes carbon per km2,4514.0,15486.238003225848
FJI,WHEA,agri_potential_carbon,,,mean tonnes carbon per km2,,
FIN,WHEA,agri_potential_carbon,15448.86829345801,267.88039387016204,mean tonnes carbon per km2,3873.0,2254.9949959813803
GAB,WHEA,agri_potential_carbon,,,mean tonnes carbon per km2,,
GMB,WHEA,agri_potential_carbon,,,mean tonnes carbon per km2,,
MAR,WHEA,agri_potential_carbon,3404.5218992688615,72.86534620173094,mean tonnes carbon per km2,2738.0,29542.181973642782
MOZ,WHEA,agri_potential_carbon,7850.969416062025,118.12369249446687,mean tonnes carbon per km2,1175.0,114.6160001348704
NAM,WHEA,agri_potential_carbon,1531.100883678313,188.8597821398584,mean tonnes carbon per km2,125.0,21.88799999587238
GEO,WHEA,agri_potential_carbon,7543.565738370079,333.7994502445031,mean tonnes carbon per km2,518.0,477.99599987171587
DEU,WHEA,agri_potential_carbon,14201.867379703865,53.95557122738901,mean tonnes carbon per km2,5711.0,32571.44100486167
GHA,WHEA,agri_potential_carbon,,,mean tonnes carbon per km2,,
GRC,WHEA,agri_potential_carbon,4511.120060804819,104.92419598094232,mean tonnes carbon per km2,1641.0,6300.497993569003
GRL,WHEA,agri_potential_carbon,,,mean tonnes carbon per km2,,
GRD,WHEA,agri_potential_carbon,,,mean tonnes carbon per km2,,
NRU,WHEA,agri_potential_carbon,,,mean tonnes carbon per km2,,
GTM,WHEA,agri_potential_carbon,12554.89184353213,617.4807808517816,mean tonnes carbon per km2,342.0,6.732000052332879
NPL,WHEA,agri_potential_carbon,7830.410227491209,198.0742958362904,mean tonnes carbon per km2,1259.0,5696.145998250171
GIN,WHEA,agri_potential_carbon,,,mean tonnes carbon per km2,,
GNB,WHEA,agri_potential_carbon,,,mean tonnes carbon per km2,,
GUY,WHEA,agri_potential_carbon,,,mean tonnes carbon per km2,,
HTI,WHEA,agri_potential_carbon,,,mean tonnes carbon per km2,,
JOR,WHEA,agri_potential_carbon,953.0581697567418,145.39593483284577,mean tonnes carbon per km2,146.0,172.24099867023529
HND,WHEA,agri_potential_carbon,7905.409732881142,318.4579137938602,mean tonnes carbon per km2,41.0,20.760000114440917
HUN,WHEA,agri_potential_carbon,7149.764030759269,82.7154154522092,mean tonnes carbon per km2,1342.0,10375.3529868114
ISL,WHEA,agri_potential_carbon,,,mean tonnes carbon per km2,,
IDN,WHEA,agri_potential_carbon,,,mean tonnes carbon per km2,,
IRN,WHEA,agri_potential_carbon,754.6415510562675,17.390424032753028,mean tonnes carbon per km2,12278.0,66809.18099174171
IRQ,WHEA,agri_potential_carbon,885.2274417351191,25.446192169881193,mean tonnes carbon per km2,2106.0,12508.579004500509
IRL,WHEA,agri_potential_carbon,12868.07185902261,213.40929221824845,mean tonnes carbon per km2,1217.0,851.4650011847168
KAZ,WHEA,agri_potential_carbon,5240.097131662058,23.92142300618067,mean tonnes carbon per km2,17138.0,136878.04010414495
KEN,WHEA,agri_potential_carbon,8476.511168205969,226.02396213953975,mean tonnes carbon per km2,486.0,1408.9329994808882
KIR,WHEA,agri_potential_carbon,,,mean tonnes carbon per km2,,
PRK,WHEA,agri_potential_carbon,8651.87557837774,56.80335625404745,mean tonnes carbon per km2,1581.0,549.9959994192421
KOR,WHEA,agri_potential_carbon,7983.81498596052,168.34530159490703,mean tonnes carbon per km2,962.0,98.95499992758036
XKX,WHEA,agri_potential_carbon,7569.506474705118,184.93538384498243,mean tonnes carbon per km2,140.0,867.1510002946853
SRB,WHEA,agri_potential_carbon,4867.043297309116,91.56396107599849,mean tonnes carbon per km2,1163.0,5163.680997994021
SYC,WHEA,agri_potential_carbon,,,mean tonnes carbon per km2,,
SLE,WHEA,agri_potential_carbon,,,mean tonnes carbon per km2,,
SGP,WHEA,agri_potential_carbon,,,mean tonnes carbon per km2,,
ITA,WHEA,agri_potential_carbon,6579.42386914589,62.49659853850989,mean tonnes carbon per km2,4060.0,11951.900005419551
JAM,WHEA,agri_potential_carbon,,,mean tonnes carbon per km2,,
JPN,WHEA,agri_potential_carbon,9885.659446589389,178.40485631421052,mean tonnes carbon per km2,3692.0,2075.5829990141838
KGZ,WHEA,agri_potential_carbon,2316.5085914097554,63.516940300807406,mean tonnes carbon per km2,1291.0,3832.243008313253
LAO,WHEA,agri_potential_carbon,16748.056730328746,1490.5750121946194,mean tonnes carbon per km2,2.0,0.004000000059604645
LVA,WHEA,agri_potential_carbon,13448.787480966237,175.1484456969827,mean tonnes carbon per km2,1259.0,2967.7080039317907
LBN,WHEA,agri_potential_carbon,5523.250576136518,274.1464100002911,mean tonnes carbon per km2,102.0,377.3250009918213
LSO,WHEA,agri_potential_carbon,6557.392980610744,163.23704211089787,mean tonnes carbon per km2,300.0,186.63799949169157
LBR,WHEA,agri_potential_carbon,,,mean tonnes carbon per km2,,
LBY,WHEA,agri_potential_carbon,820.0488777914875,92.84551213656282,mean tonnes carbon per km2,1115.0,1718.9450005976855
LIE,WHEA,agri_potential_carbon,,,mean tonnes carbon per km2,,
LTU,WHEA,agri_potential_carbon,13356.225794075553,164.9438875435311,mean tonnes carbon per km2,1274.0,5234.503995929137
LUX,WHEA,agri_potential_carbon,14700.25021701265,331.99851136120435,mean tonnes carbon per km2,46.0,136.5399994659424
MCO,WHEA,agri_potential_carbon,,,mean tonnes carbon per km2,,
MNG,WHEA,agri_potential_carbon,2833.948516219355,66.40217465581942,mean tonnes carbon per km2,2485.0,2554.897005638704
MNE,WHEA,agri_potential_carbon,9111.034967580928,812.4971278139427,mean tonnes carbon per km2,127.0,13.024000099450346
MKD,WHEA,agri_potential_carbon,5348.04156780545,302.1434030209388,mean tonnes carbon per km2,246.0,813.0739996385576
MDG,WHEA,agri_potential_carbon,8873.419507535207,144.05264202262487,mean tonnes carbon per km2,2741.0,27.149000058248642
MWI,WHEA,agri_potential_carbon,7111.441816530125,100.81282814795972,mean tonnes carbon per km2,747.0,15.44899997137487
MYS,WHEA,agri_potential_carbon,,,mean tonnes carbon per km2,,
MDV,WHEA,agri_potential_carbon,,,mean tonnes carbon per km2,,
MLI,WHEA,agri_potential_carbon,238.85675850548202,309.66407334802454,mean tonnes carbon per km2,161.0,81.80500051632524
MLT,WHEA,agri_potential_carbon,8007.683573867549,1083.049284284005,mean tonnes carbon per km2,6.0,28.475000152587892
MHL,WHEA,agri_potential_carbon,,,mean tonnes carbon per km2,,
MRT,WHEA,agri_potential_carbon,575.5595065149813,184.39261393793925,mean tonnes carbon per km2,237.0,14.530999966412782
MUS,WHEA,agri_potential_carbon,,,mean tonnes carbon per km2,,
MEX,WHEA,agri_potential_carbon,3388.2379859384637,195.7448288082202,mean tonnes carbon per km2,3709.0,7005.128993581906
FSM,WHEA,agri_potential_carbon,,,mean tonnes carbon per km2,,
MDA,WHEA,agri_potential_carbon,6159.456258168296,114.78564125437987,mean tonnes carbon per km2,476.0,3275.885991945267
NIC,WHEA,agri_potential_carbon,,,mean tonnes carbon per km2,,
OMN,WHEA,agri_potential_carbon,272.28868995436994,26.189312466201184,mean tonnes carbon per km2,445.0,5.331000026315451
PAK,WHEA,agri_potential_carbon,1560.5408506353058,32.50861710847025,mean tonnes carbon per km2,6206.0,89713.80198754936
PLW,WHEA,agri_potential_carbon,,,mean tonnes carbon per km2,,
PAN,WHEA,agri_potential_carbon,,,mean tonnes carbon per km2,,
PNG,WHEA,agri_potential_carbon,,,mean tonnes carbon per km2,,
PRY,WHEA,agri_potential_carbon,9558.894396374371,94.25861355443632,mean tonnes carbon per km2,1541.0,5496.432009302378
PER,WHEA,agri_potential_carbon,4967.8867866427645,281.7768662428355,mean tonnes carbon per km2,549.0,1332.5180044398458
PHL,WHEA,agri_potential_carbon,,,mean tonnes carbon per km2,,
POL,WHEA,agri_potential_carbon,14492.36462826488,60.2814108682292,mean tonnes carbon per km2,5753.0,23341.735012817608
PRT,WHEA,agri_potential_carbon,8562.549031446028,92.37859435844857,mean tonnes carbon per km2,1303.0,578.5300001371653
ROU,WHEA,agri_potential_carbon,4817.205947717513,80.42837114103386,mean tonnes carbon per km2,3355.0,20901.642014108824
RUS,WHEA,agri_potential_carbon,7099.615287629632,19.18990434137361,mean tonnes carbon per km2,52983.0,242982.76999165566
RWA,WHEA,agri_potential_carbon,12526.168269647564,609.8664053675669,mean tonnes carbon per km2,207.0,331.4500003770738
WSM,WHEA,agri_potential_carbon,,,mean tonnes carbon per km2,,
SMR,WHEA,agri_potential_carbon,,,mean tonnes carbon per km2,,
TON,WHEA,agri_potential_carbon,,,mean tonnes carbon per km2,,
TTO,WHEA,agri_potential_carbon,,,mean tonnes carbon per km2,,
TUN,WHEA,agri_potential_carbon,4314.040537103679,122.82196933006995,mean tonnes carbon per km2,1177.0,6619.366999011263
TKM,WHEA,agri_potential_carbon,854.2279236240256,18.910321965911677,mean tonnes carbon per km2,1011.0,6726.439996408895
STP,WHEA,agri_potential_carbon,,,mean tonnes carbon per km2,,
SAU,WHEA,agri_potential_carbon,68.03414216102266,31.302436996785705,mean tonnes carbon per km2,2464.0,2022.9329976887257
SEN,WHEA,agri_potential_carbon,,,mean tonnes carbon per km2,,
SVK,WHEA,agri_potential_carbon,9411.987052811033,159.65274067622715,mean tonnes carbon per km2,776.0,3617.1850030497462
SVN,WHEA,agri_potential_carbon,11773.628921152369,294.88641230832224,mean tonnes carbon per km2,242.0,326.8529995286465
SLB,WHEA,agri_potential_carbon,,,mean tonnes carbon per km2,,
SOM,WHEA,agri_potential_carbon,1064.0039586194168,387.27908820644905,mean tonnes carbon per km2,12.0,25.489000066518784
ZAF,WHEA,agri_potential_carbon,4863.852627604678,69.05369929808592,mean tonnes carbon per km2,9297.0,5995.250000897273
SSD,WHEA,agri_potential_carbon,3924.6988460930156,82.04846817414686,mean tonnes carbon per km2,2472.0,21.921000062748792
ESP,WHEA,agri_potential_carbon,7146.507955719989,45.98838177009576,mean tonnes carbon per km2,7255.0,19056.667001959904
LKA,WHEA,agri_potential_carbon,,,mean tonnes carbon per km2,,
KNA,WHEA,agri_potential_carbon,,,mean tonnes carbon per km2,,
LCA,WHEA,agri_potential_carbon,,,mean tonnes carbon per km2,,
VCT,WHEA,agri_potential_carbon,,,mean tonnes carbon per km2,,
SDN,WHEA,agri_potential_carbon,400.59628248405625,76.74422477181528,mean tonnes carbon per km2,2070.0,2668.279998510256
SUR,WHEA,agri_potential_carbon,,,mean tonnes carbon per km2,,
SWZ,WHEA,agri_potential_carbon,8499.805397423817,189.54366835312743,mean tonnes carbon per km2,224.0,3.072999999597669
SWE,WHEA,agri_potential_carbon,15428.579762001576,193.8715836615977,mean tonnes carbon per km2,3632.0,3944.499000312984
CHE,WHEA,agri_potential_carbon,12753.336578766546,203.6640273203278,mean tonnes carbon per km2,342.0,893.9589994838088
SYR,WHEA,agri_potential_carbon,823.9768512894411,46.758122334461156,mean tonnes carbon per km2,1283.0,15247.663015715256
TWN,WHEA,agri_potential_carbon,17530.970198572777,1382.8122363770724,mean tonnes carbon per km2,72.0,7.449999958574772
TJK,WHEA,agri_potential_carbon,1400.6248100295868,112.5943050215586,mean tonnes carbon per km2,709.0,3347.3729968625307
TZA,WHEA,agri_potential_carbon,8108.3705823255605,150.2466521299238,mean tonnes carbon per km2,1029.0,1006.7289989204705
THA,WHEA,agri_potential_carbon,11781.371462236046,250.61119732158315,mean tonnes carbon per km2,594.0,12.114000028371812
TLS,WHEA,agri_potential_carbon,,,mean tonnes carbon per km2,,
TGO,WHEA,agri_potential_carbon,,,mean tonnes carbon per km2,,
TUV,WHEA,agri_potential_carbon,,,mean tonnes carbon per km2,,
UGA,WHEA,agri_potential_carbon,10102.432569284647,163.55582574120248,mean tonnes carbon per km2,337.0,118.05100018434226
URY,WHEA,agri_potential_carbon,2884.255784561783,77.9926275646597,mean tonnes carbon per km2,1066.0,5145.368009105623
UZB,WHEA,agri_potential_carbon,1299.9458045120211,21.23957935604316,mean tonnes carbon per km2,1761.0,14028.527987177447
VUT,WHEA,agri_potential_carbon,,,mean tonnes carbon per km2,,
VAT,WHEA,agri_potential_carbon,,,mean tonnes carbon per km2,,
VEN,WHEA,agri_potential_carbon,5127.07993217088,1609.6032360231034,mean tonnes carbon per km2,39.0,1.0439999833703044
VNM,WHEA,agri_potential_carbon,14515.48010557371,406.10870548755787,mean tonnes carbon per km2,2.0,0.004000000134110451
ZMB,WHEA,agri_potential_carbon,6040.314864276283,253.93892250186025,mean tonnes carbon per km2,320.0,327.40700125873093
ZWE,WHEA,agri_potential_carbon,6496.721017601737,121.4129819082256,mean tonnes carbon per km2,1918.0,64.34899998620153
YEM,WHEA,agri_potential_carbon,1820.4198582867969,86.0819615668712,mean tonnes carbon per km2,1688.0,1275.7180001290888
UKR,WHEA,agri_potential_carbon,7909.907605130527,56.693581974660844,mean tonnes carbon per km2,10342.0,65536.95597871885
BHR,WHEA,agri_potential_carbon,,,mean tonnes carbon per km2,,
KWT,WHEA,agri_potential_carbon,23.652284389563356,43.706898081161285,mean tonnes carbon per km2,52.0,0.5890000028163196
QAT,WHEA,agri_potential_carbon,126.94402849793373,51.138583352945105,mean tonnes carbon per km2,57.0,0.15100000217556955
ARE,WHEA,agri_potential_carbon,51.57045174741413,47.18410883055967,mean tonnes carbon per km2,28.0,0.16000000074505807
TUR,WHEA,agri_potential_carbon,2230.257719287752,28.04139744672981,mean tonnes carbon per km2,10999.0,80513.35499030404
ISR,WHEA,agri_potential_carbon,3011.7655003289024,278.0828584376956,mean tonnes carbon per km2,114.0,630.6089986212552
BGD,WHEA,agri_potential_carbon,9661.975792731397,221.7350882126264,mean tonnes carbon per km2,825.0,2757.187997249365
MMR,WHEA,agri_potential_carbon,7998.083847432749,362.66170892068453,mean tonnes carbon per km2,2199.0,832.41899985075
IND,WHEA,agri_potential_carbon,3750.813482648515,33.736302096979905,mean tonnes carbon per km2,25599.0,197144.36308076128
BEN,WHEA,agri_potential_carbon,,,mean tonnes carbon per km2,,
NER,WHEA,agri_potential_carbon,853.0986114301933,350.77861450200686,mean tonnes carbon per km2,2839.0,64.08599974796176
NGA,WHEA,agri_potential_carbon,1800.291575697461,192.69087558822577,mean tonnes carbon per km2,1086.0,821.3109973276407
111,WHEA,agri_potential_carbon,,,mean tonnes carbon per km2,,
112,WHEA,agri_potential_carbon,,,mean tonnes carbon per km2,,
113,WHEA,agri_potential_carbon,,,mean tonnes carbon per km2,,
114,WHEA,agri_potential_carbon,,,mean tonnes carbon per km2,,
115,WHEA,agri_potential_carbon,,,mean tonnes carbon per km2,,
116,WHEA,agri_potential_carbon,,,mean tonnes carbon per km2,,
117,WHEA,agri_potential_carbon,,,mean tonnes carbon per km2,,
118,WHEA,agri_potential_carbon,,,mean tonnes carbon per km2,,
119,WHEA,agri_potential_carbon,,,mean tonnes carbon per km2,,
120,WHEA,agri_potential_carbon,,,mean tonnes carbon per km2,,
121,WHEA,agri_potential_carbon,,,mean tonnes carbon per km2,,
122,WHEA,agri_potential_carbon,,,mean tonnes carbon per km2,,
123,WHEA,agri_potential_carbon,,,mean tonnes carbon per km2,,
124,WHEA,agri_potential_carbon,,,mean tonnes carbon per km2,,
125,WHEA,agri_potential_carbon,,,mean tonnes carbon per km2,,
126,WHEA,agri_potential_carbon,,,mean tonnes carbon per km2,,
127,WHEA,agri_potential_carbon,,,mean tonnes carbon per km2,,
128,WHEA,agri_potential_carbon,,,mean tonnes carbon per km2,,
129,WHEA,agri_potential_carbon,,,mean tonnes carbon per km2,,
ESH,WHEA,agri_potential_carbon,,,mean tonnes carbon per km2,,
AFG,SORG,agri_potential_carbon,1671.4028136650613,1313.2950097070632,mean tonnes carbon per km2,4.0,0.036000000089406965
GBR,SORG,agri_potential_carbon,,,mean tonnes carbon per km2,,
ALB,SORG,agri_potential_carbon,,,mean tonnes carbon per km2,,
DZA,SORG,agri_potential_carbon,5104.1301328332265,326.7346591954721,mean tonnes carbon per km2,73.0,0.5560000055283308
USA,SORG,agri_potential_carbon,4038.4690093708873,68.6231150814921,mean tonnes carbon per km2,13975.0,19064.752000039967
ATA,SORG,agri_potential_carbon,,,mean tonnes carbon per km2,,
ATG,SORG,agri_potential_carbon,,,mean tonnes carbon per km2,,
ARG,SORG,agri_potential_carbon,4191.549920672599,35.442789715520895,mean tonnes carbon per km2,11065.0,6429.1199952843035
AND,SORG,agri_potential_carbon,,,mean tonnes carbon per km2,,
AGO,SORG,agri_potential_carbon,7104.429247754806,81.14470012335295,mean tonnes carbon per km2,3861.0,1477.3229990724476
ARM,SORG,agri_potential_carbon,,,mean tonnes carbon per km2,,
NLD,SORG,agri_potential_carbon,,,mean tonnes carbon per km2,,
AUS,SORG,agri_potential_carbon,5548.4177587396825,67.68414326253313,mean tonnes carbon per km2,12698.0,4953.208000411614
AUT,SORG,agri_potential_carbon,9860.110185519861,170.99387282662292,mean tonnes carbon per km2,465.0,7.727000004127621
AZE,SORG,agri_potential_carbon,,,mean tonnes carbon per km2,,
BHS,SORG,agri_potential_carbon,,,mean tonnes carbon per km2,,
BRB,SORG,agri_potential_carbon,,,mean tonnes carbon per km2,,
BLR,SORG,agri_potential_carbon,13344.024183071811,1073.619993020485,mean tonnes carbon per km2,11.0,0.05500000067055225
BEL,SORG,agri_potential_carbon,,,mean tonnes carbon per km2,,
BLZ,SORG,agri_potential_carbon,7079.447333972516,700.1982428493634,mean tonnes carbon per km2,35.0,42.91099990367889
BTN,SORG,agri_potential_carbon,,,mean tonnes carbon per km2,,
BOL,SORG,agri_potential_carbon,6277.898916538042,88.73415731824562,mean tonnes carbon per km2,2128.0,938.4669998744131
BIH,SORG,agri_potential_carbon,6456.021573097037,1315.497649889952,mean tonnes carbon per km2,5.0,0.028000000640749933
BWA,SORG,agri_potential_carbon,3797.258389225908,85.46162112087171,mean tonnes carbon per km2,721.0,540.588997695744
NOR,SORG,agri_potential_carbon,,,mean tonnes carbon per km2,,
COL,SORG,agri_potential_carbon,8967.969003548347,762.8517395571076,mean tonnes carbon per km2,466.0,185.0570000784844
COM,SORG,agri_potential_carbon,,,mean tonnes carbon per km2,,
BRA,SORG,agri_potential_carbon,4555.209014900708,39.73445349343353,mean tonnes carbon per km2,16845.0,7031.580993145183
FRA,SORG,agri_potential_carbon,11400.527520133,40.08429269179544,mean tonnes carbon per km2,6301.0,510.7129997964949
COD,SORG,agri_potential_carbon,11550.661683989041,268.04505311407286,mean tonnes carbon per km2,10091.0,97.90900040611626
COG,SORG,agri_potential_carbon,4339.718281804826,2762.545819254576,mean tonnes carbon per km2,11.0,0.17099999807775024
NZL,SORG,agri_potential_carbon,,,mean tonnes carbon per km2,,
BRN,SORG,agri_potential_carbon,,,mean tonnes carbon per km2,,
BGR,SORG,agri_potential_carbon,5896.098253381486,60.91477793827996,mean tonnes carbon per km2,1513.0,23.470999990403655
BFA,SORG,agri_potential_carbon,3148.9528633659447,53.666934556757,mean tonnes carbon per km2,2684.0,16023.877997101023
BDI,SORG,agri_potential_carbon,10380.084672508081,210.44794591159985,mean tonnes carbon per km2,258.0,803.9729982554913
CPV,SORG,agri_potential_carbon,,,mean tonnes carbon per km2,,
KHM,SORG,agri_potential_carbon,,,mean tonnes carbon per km2,,
CMR,SORG,agri_potential_carbon,4913.515143526471,120.35092211594353,mean tonnes carbon per km2,1296.0,7089.194989156797
CAN,SORG,agri_potential_carbon,,,mean tonnes carbon per km2,,
CRI,SORG,agri_potential_carbon,,,mean tonnes carbon per km2,,
CIV,SORG,agri_potential_carbon,8022.587722666849,199.5827419629316,mean tonnes carbon per km2,1850.0,666.1750004402548
HRV,SORG,agri_potential_carbon,8915.709115112657,130.69869185780692,mean tonnes carbon per km2,647.0,4.1130000263452535
CUB,SORG,agri_potential_carbon,12052.934976995672,130.768143955688,mean tonnes carbon per km2,1216.0,1.9240000338852403
CAF,SORG,agri_potential_carbon,8002.119954017363,240.54219019235987,mean tonnes carbon per km2,1230.0,233.2969998064637
TCD,SORG,agri_potential_carbon,2767.651438936791,36.19498000960264,mean tonnes carbon per km2,4121.0,9313.100001413002
CHL,SORG,agri_potential_carbon,,,mean tonnes carbon per km2,,
CHN,SORG,agri_potential_carbon,5555.340275790327,56.92324758576111,mean tonnes carbon per km2,26929.0,5374.877001365424
CYP,SORG,agri_potential_carbon,,,mean tonnes carbon per km2,,
CZE,SORG,agri_potential_carbon,,,mean tonnes carbon per km2,,
DNK,SORG,agri_potential_carbon,,,mean tonnes carbon per km2,,
DJI,SORG,agri_potential_carbon,,,mean tonnes carbon per km2,,
DMA,SORG,agri_potential_carbon,,,mean tonnes carbon per km2,,
DOM,SORG,agri_potential_carbon,6169.497754168366,681.4643675897844,mean tonnes carbon per km2,112.0,8.771999998018146
ECU,SORG,agri_potential_carbon,8462.591867154399,464.4160418714629,mean tonnes carbon per km2,429.0,72.25800012357533
EGY,SORG,agri_potential_carbon,1686.3703678029242,88.28916009998441,mean tonnes carbon per km2,431.0,1461.333997633159
SLV,SORG,agri_potential_carbon,9929.606485070823,153.99262684987445,mean tonnes carbon per km2,251.0,966.7519974207878
GNQ,SORG,agri_potential_carbon,,,mean tonnes carbon per km2,,
ERI,SORG,agri_potential_carbon,1605.1369515356691,65.53260317412713,mean tonnes carbon per km2,567.0,2717.731002158001
EST,SORG,agri_potential_carbon,,,mean tonnes carbon per km2,,
ETH,SORG,agri_potential_carbon,7329.88325969067,80.25710226188603,mean tonnes carbon per km2,5403.0,17375.60898743048
FJI,SORG,agri_potential_carbon,12250.305713571699,608.2357442328184,mean tonnes carbon per km2,29.0,0.08300000108778478
FIN,SORG,agri_potential_carbon,4356.8726985915455,0.0,mean tonnes carbon per km2,1.0,0.0010000000149011613
GAB,SORG,agri_potential_carbon,,,mean tonnes carbon per km2,,
GMB,SORG,agri_potential_carbon,6059.824021179507,369.7053915629816,mean tonnes carbon per km2,123.0,294.0879998493195
MAR,SORG,agri_potential_carbon,5458.467088388075,139.23632740263085,mean tonnes carbon per km2,108.0,102.84700074434281
MOZ,SORG,agri_potential_carbon,7519.267588568655,38.0795367649592,mean tonnes carbon per km2,6187.0,5947.944997729137
NAM,SORG,agri_potential_carbon,2197.5584562321947,111.06405356014469,mean tonnes carbon per km2,997.0,192.36200053974989
GEO,SORG,agri_potential_carbon,,,mean tonnes carbon per km2,,
DEU,SORG,agri_potential_carbon,11530.640054823993,2053.647961896935,mean tonnes carbon per km2,3.0,0.047999999821186065
GHA,SORG,agri_potential_carbon,5746.8779517050425,175.2676889139173,mean tonnes carbon per km2,1076.0,2543.287000766322
GRC,SORG,agri_potential_carbon,5229.089647982945,77.25139928243846,mean tonnes carbon per km2,638.0,0.877000015154481
GRL,SORG,agri_potential_carbon,,,mean tonnes carbon per km2,,
GRD,SORG,agri_potential_carbon,,,mean tonnes carbon per km2,,
NRU,SORG,agri_potential_carbon,,,mean tonnes carbon per km2,,
GTM,SORG,agri_potential_carbon,9520.93036643058,273.8479406386135,mean tonnes carbon per km2,353.0,269.4679999059439
NPL,SORG,agri_potential_carbon,6272.346250947534,590.9381957265575,mean tonnes carbon per km2,3.0,0.25000000417232515
GIN,SORG,agri_potential_carbon,9725.331463585877,102.48239032660365,mean tonnes carbon per km2,1750.0,293.16899997919796
GNB,SORG,agri_potential_carbon,18912.641304152836,2157.3382635286716,mean tonnes carbon per km2,40.0,51.32000060081482
GUY,SORG,agri_potential_carbon,,,mean tonnes carbon per km2,,
HTI,SORG,agri_potential_carbon,9449.927335875866,249.88879114673801,mean tonnes carbon per km2,274.0,1264.9179971571266
JOR,SORG,agri_potential_carbon,113.17851583155907,55.771277753568704,mean tonnes carbon per km2,31.0,11.54499990619719
HND,SORG,agri_potential_carbon,10073.371775199776,142.19276785489635,mean tonnes carbon per km2,946.0,436.05099955186245
HUN,SORG,agri_potential_carbon,6946.484966721784,84.31720157169059,mean tonnes carbon per km2,1258.0,46.82199996732175
ISL,SORG,agri_potential_carbon,,,mean tonnes carbon per km2,,
IDN,SORG,agri_potential_carbon,,,mean tonnes carbon per km2,,
IRN,SORG,agri_potential_carbon,,,mean tonnes carbon per km2,,
IRQ,SORG,agri_potential_carbon,358.89508076880026,19.61715450943412,mean tonnes carbon per km2,1445.0,208.151999559775
IRL,SORG,agri_potential_carbon,,,mean tonnes carbon per km2,,
KAZ,SORG,agri_potential_carbon,6171.7359597932,1755.6153771350557,mean tonnes carbon per km2,84.0,7.765000002160669
KEN,SORG,agri_potential_carbon,7349.989679427496,178.90165603977815,mean tonnes carbon per km2,1881.0,2054.919004098326
KIR,SORG,agri_potential_carbon,,,mean tonnes carbon per km2,,
PRK,SORG,agri_potential_carbon,8755.291934818455,59.11023956733218,mean tonnes carbon per km2,1101.0,205.7029998525977
KOR,SORG,agri_potential_carbon,7444.821785626414,315.90330559360365,mean tonnes carbon per km2,747.0,15.834000002369283
XKX,SORG,agri_potential_carbon,,,mean tonnes carbon per km2,,
SRB,SORG,agri_potential_carbon,5220.170383314213,80.98383985179386,mean tonnes carbon per km2,970.0,25.02400000669062
SYC,SORG,agri_potential_carbon,,,mean tonnes carbon per km2,,
SLE,SORG,agri_potential_carbon,15203.646154940136,220.24766516651775,mean tonnes carbon per km2,369.0,142.89199991643426
SGP,SORG,agri_potential_carbon,,,mean tonnes carbon per km2,,
ITA,SORG,agri_potential_carbon,7314.002225829992,61.62088012655437,mean tonnes carbon per km2,3557.0,409.3259997818619
JAM,SORG,agri_potential_carbon,,,mean tonnes carbon per km2,,
JPN,SORG,agri_potential_carbon,,,mean tonnes carbon per km2,,
KGZ,SORG,agri_potential_carbon,1909.5798472342476,169.36143958272825,mean tonnes carbon per km2,36.0,0.20599999859929086
LAO,SORG,agri_potential_carbon,10479.921808691099,2977.4272601616885,mean tonnes carbon per km2,7.0,2.7920001220703115
LVA,SORG,agri_potential_carbon,,,mean tonnes carbon per km2,,
LBN,SORG,agri_potential_carbon,5836.785679524039,221.0615973060017,mean tonnes carbon per km2,127.0,2.42999999627471
LSO,SORG,agri_potential_carbon,4759.485145986291,128.08745744769902,mean tonnes carbon per km2,169.0,233.05300083160398
LBR,SORG,agri_potential_carbon,19900.0,0.0,mean tonnes carbon per km2,1.0,0.11
LBY,SORG,agri_potential_carbon,,,mean tonnes carbon per km2,,
LIE,SORG,agri_potential_carbon,,,mean tonnes carbon per km2,,
LTU,SORG,agri_potential_carbon,,,mean tonnes carbon per km2,,
LUX,SORG,agri_potential_carbon,,,mean tonnes carbon per km2,,
MCO,SORG,agri_potential_carbon,,,mean tonnes carbon per km2,,
MNG,SORG,agri_potential_carbon,3044.7688712549225,132.66614952855372,mean tonnes carbon per km2,2.0,0.16699999809265137
MNE,SORG,agri_potential_carbon,,,mean tonnes carbon per km2,,
MKD,SORG,agri_potential_carbon,4562.249842971618,578.720368744348,mean tonnes carbon per km2,39.0,0.3399999979883432
MDG,SORG,agri_potential_carbon,8904.005001135934,73.77505920768947,mean tonnes carbon per km2,4332.0,16.581000103056432
MWI,SORG,agri_potential_carbon,6228.86892021235,104.54860076514193,mean tonnes carbon per km2,725.0,842.412001087293
MYS,SORG,agri_potential_carbon,,,mean tonnes carbon per km2,,
MDV,SORG,agri_potential_carbon,,,mean tonnes carbon per km2,,
MLI,SORG,agri_potential_carbon,3501.470903901804,51.31786364817891,mean tonnes carbon per km2,4431.0,13304.153001858816
MLT,SORG,agri_potential_carbon,,,mean tonnes carbon per km2,,
MHL,SORG,agri_potential_carbon,,,mean tonnes carbon per km2,,
MRT,SORG,agri_potential_carbon,2303.2024467662145,65.04811674712593,mean tonnes carbon per km2,1343.0,1510.0750006220487
MUS,SORG,agri_potential_carbon,,,mean tonnes carbon per km2,,
MEX,SORG,agri_potential_carbon,4811.74429902713,159.41757268648533,mean tonnes carbon per km2,6839.0,16630.65999748781
FSM,SORG,agri_potential_carbon,0.0,0.0,mean tonnes carbon per km2,3.0,0.003000000044703484
MDA,SORG,agri_potential_carbon,5494.43352397211,188.62714575411437,mean tonnes carbon per km2,415.0,1.8100000209361315
NIC,SORG,agri_potential_carbon,9066.562540687502,152.11317917422988,mean tonnes carbon per km2,887.0,383.506999867782
OMN,SORG,agri_potential_carbon,139.64622346697732,43.89648910783733,mean tonnes carbon per km2,399.0,13.9580000962317
PAK,SORG,agri_potential_carbon,1518.7560386559196,70.82143044822875,mean tonnes carbon per km2,2587.0,2283.453003001213
PLW,SORG,agri_potential_carbon,,,mean tonnes carbon per km2,,
PAN,SORG,agri_potential_carbon,10698.701482041562,799.4314985943637,mean tonnes carbon per km2,489.0,8.141000042781233
PNG,SORG,agri_potential_carbon,5270.221303483998,964.7700709368488,mean tonnes carbon per km2,61.0,6.795000042915343
PRY,SORG,agri_potential_carbon,5970.795642762025,76.85540372558663,mean tonnes carbon per km2,3427.0,203.49300005927682
PER,SORG,agri_potential_carbon,5191.685256541747,764.043536231885,mean tonnes carbon per km2,54.0,0.1870000018179417
PHL,SORG,agri_potential_carbon,14690.498585024692,121.93768171875847,mean tonnes carbon per km2,507.0,0.5180000077933073
POL,SORG,agri_potential_carbon,,,mean tonnes carbon per km2,,
PRT,SORG,agri_potential_carbon,7275.223908077063,986.0732792405914,mean tonnes carbon per km2,3.0,0.009000000059604645
ROU,SORG,agri_potential_carbon,5318.503792188661,58.71468989155729,mean tonnes carbon per km2,2896.0,93.91000002682208
RUS,SORG,agri_potential_carbon,6941.263970936692,29.40437749373299,mean tonnes carbon per km2,33598.0,290.54200074069206
RWA,SORG,agri_potential_carbon,13039.733193829159,421.92205946317983,mean tonnes carbon per km2,188.0,1161.8910013300178
WSM,SORG,agri_potential_carbon,,,mean tonnes carbon per km2,,
SMR,SORG,agri_potential_carbon,,,mean tonnes carbon per km2,,
TON,SORG,agri_potential_carbon,,,mean tonnes carbon per km2,,
TTO,SORG,agri_potential_carbon,,,mean tonnes carbon per km2,,
TUN,SORG,agri_potential_carbon,3542.1175401481555,144.96505856077476,mean tonnes carbon per km2,1068.0,24.63500001937151
TKM,SORG,agri_potential_carbon,1582.6858731479608,0.0,mean tonnes carbon per km2,1.0,0.008999999761581421
STP,SORG,agri_potential_carbon,,,mean tonnes carbon per km2,,
SAU,SORG,agri_potential_carbon,70.4642844078139,45.95709795976037,mean tonnes carbon per km2,462.0,606.3090020097792
SEN,SORG,agri_potential_carbon,5391.181005239306,97.78472329357018,mean tonnes carbon per km2,1627.0,1784.325001974851
SVK,SORG,agri_potential_carbon,8947.872132466982,138.56193660961114,mean tonnes carbon per km2,450.0,3.484000018760562
SVN,SORG,agri_potential_carbon,11448.137535451093,1406.8875701188585,mean tonnes carbon per km2,6.0,0.03099999986588955
SLB,SORG,agri_potential_carbon,,,mean tonnes carbon per km2,,
SOM,SORG,agri_potential_carbon,2464.9176421978154,103.91198979716918,mean tonnes carbon per km2,1450.0,3933.1830051757397
ZAF,SORG,agri_potential_carbon,5274.152336749976,62.0859263253711,mean tonnes carbon per km2,7820.0,799.4389997065067
SSD,SORG,agri_potential_carbon,4713.763059031759,50.828987138172295,mean tonnes carbon per km2,4334.0,18684.375993606227
ESP,SORG,agri_potential_carbon,7106.054209305616,40.841957486708964,mean tonnes carbon per km2,5955.0,77.1610000360012
LKA,SORG,agri_potential_carbon,8244.603674508264,267.7750212672906,mean tonnes carbon per km2,320.0,0.9630000127106906
KNA,SORG,agri_potential_carbon,,,mean tonnes carbon per km2,,
LCA,SORG,agri_potential_carbon,,,mean tonnes carbon per km2,,
VCT,SORG,agri_potential_carbon,,,mean tonnes carbon per km2,,
SDN,SORG,agri_potential_carbon,1661.6099639546178,31.944939067321446,mean tonnes carbon per km2,5898.0,45057.455035979074
SUR,SORG,agri_potential_carbon,,,mean tonnes carbon per km2,,
SWZ,SORG,agri_potential_carbon,8014.4037707879725,199.03152687548683,mean tonnes carbon per km2,174.0,8.804999989271165
SWE,SORG,agri_potential_carbon,,,mean tonnes carbon per km2,,
CHE,SORG,agri_potential_carbon,,,mean tonnes carbon per km2,,
SYR,SORG,agri_potential_carbon,807.3682701651414,43.982397000666914,mean tonnes carbon per km2,1370.0,16.643000009432434
TWN,SORG,agri_potential_carbon,12812.262376705456,1174.168948968145,mean tonnes carbon per km2,75.0,1.0700000096857545
TJK,SORG,agri_potential_carbon,1562.7944112748505,167.64394421286255,mean tonnes carbon per km2,273.0,0.618000008687377
TZA,SORG,agri_potential_carbon,7052.881179757899,66.55722349532994,mean tonnes carbon per km2,6065.0,6595.528001919762
THA,SORG,agri_potential_carbon,9607.509350777227,77.18552408064572,mean tonnes carbon per km2,4764.0,287.52399995535615
TLS,SORG,agri_potential_carbon,,,mean tonnes carbon per km2,,
TGO,SORG,agri_potential_carbon,7458.406441439865,135.00300741563223,mean tonnes carbon per km2,599.0,2092.4890014708044
TUV,SORG,agri_potential_carbon,,,mean tonnes carbon per km2,,
UGA,SORG,agri_potential_carbon,9036.899429216404,215.7476564612949,mean tonnes carbon per km2,2012.0,1843.8980002954602
URY,SORG,agri_potential_carbon,2884.1412669026377,61.73372178556412,mean tonnes carbon per km2,2014.0,448.70000020898874
UZB,SORG,agri_potential_carbon,1197.605466273502,23.847399576393485,mean tonnes carbon per km2,945.0,26.04199997723103
VUT,SORG,agri_potential_carbon,,,mean tonnes carbon per km2,,
VAT,SORG,agri_potential_carbon,,,mean tonnes carbon per km2,,
VEN,SORG,agri_potential_carbon,7887.651758336164,208.54298329191755,mean tonnes carbon per km2,2239.0,2089.4680036891996
VNM,SORG,agri_potential_carbon,,,mean tonnes carbon per km2,,
ZMB,SORG,agri_potential_carbon,6435.451819784113,103.57618603849276,mean tonnes carbon per km2,4921.0,267.6589997071028
ZWE,SORG,agri_potential_carbon,5895.206787443076,45.621916163661474,mean tonnes carbon per km2,4097.0,2418.3499997644876
YEM,SORG,agri_potential_carbon,941.6178192175221,69.80914600295141,mean tonnes carbon per km2,1574.0,4634.186000934393
UKR,SORG,agri_potential_carbon,7751.292523569423,57.875191120668575,mean tonnes carbon per km2,9697.0,382.28799998037516
BHR,SORG,agri_potential_carbon,,,mean tonnes carbon per km2,,
KWT,SORG,agri_potential_carbon,,,mean tonnes carbon per km2,,
QAT,SORG,agri_potential_carbon,,,mean tonnes carbon per km2,,
ARE,SORG,agri_potential_carbon,0.588301580768489,52.41273710518818,mean tonnes carbon per km2,8.0,12.947000002861023
TUR,SORG,agri_potential_carbon,3554.5865428645275,560.716762217745,mean tonnes carbon per km2,7.0,0.025999999940395355
ISR,SORG,agri_potential_carbon,3013.172752242087,275.75069725078816,mean tonnes carbon per km2,114.0,56.5530001283437
BGD,SORG,agri_potential_carbon,10024.194157605989,477.21663186026865,mean tonnes carbon per km2,167.0,1.7620000024139884
MMR,SORG,agri_potential_carbon,9701.537310948377,175.2997076599914,mean tonnes carbon per km2,1190.0,2189.1219944069535
IND,SORG,agri_potential_carbon,4472.916942778821,42.18756454093967,mean tonnes carbon per km2,25752.0,75648.78006656878
BEN,SORG,agri_potential_carbon,6095.022067121819,70.98760074375637,mean tonnes carbon per km2,963.0,761.9180009984225
NER,SORG,agri_potential_carbon,2184.469264164663,32.902598606959266,mean tonnes carbon per km2,3515.0,14331.705004030317
NGA,SORG,agri_potential_carbon,4693.968853352174,51.013275254297206,mean tonnes carbon per km2,8529.0,45614.20598852664
111,SORG,agri_potential_carbon,3762.6486198289235,272.06844400763714,mean tonnes carbon per km2,39.0,62.764999495521195
112,SORG,agri_potential_carbon,,,mean tonnes carbon per km2,,
113,SORG,agri_potential_carbon,,,mean tonnes carbon per km2,,
114,SORG,agri_potential_carbon,,,mean tonnes carbon per km2,,
115,SORG,agri_potential_carbon,,,mean tonnes carbon per km2,,
116,SORG,agri_potential_carbon,,,mean tonnes carbon per km2,,
117,SORG,agri_potential_carbon,,,mean tonnes carbon per km2,,
118,SORG,agri_potential_carbon,,,mean tonnes carbon per km2,,
119,SORG,agri_potential_carbon,,,mean tonnes carbon per km2,,
120,SORG,agri_potential_carbon,,,mean tonnes carbon per km2,,
121,SORG,agri_potential_carbon,,,mean tonnes carbon per km2,,
122,SORG,agri_potential_carbon,,,mean tonnes carbon per km2,,
123,SORG,agri_potential_carbon,,,mean tonnes carbon per km2,,
124,SORG,agri_potential_carbon,,,mean tonnes carbon per km2,,
125,SORG,agri_potential_carbon,,,mean tonnes carbon per km2,,
126,SORG,agri_potential_carbon,,,mean tonnes carbon per km2,,
127,SORG,agri_potential_carbon,,,mean tonnes carbon per km2,,
128,SORG,agri_potential_carbon,,,mean tonnes carbon per km2,,
129,SORG,agri_potential_carbon,,,mean tonnes carbon per km2,,
ESH,SORG,agri_potential_carbon,,,mean tonnes carbon per km2,,
AFG,REST,agri_potential_carbon,687.248646797658,54.84380719690469,mean tonnes carbon per km2,2539.0,348.9810008062422
GBR,REST,agri_potential_carbon,17171.54154230833,100.58610660100842,mean tonnes carbon per km2,2184.0,6.80000011973083
ALB,REST,agri_potential_carbon,6024.178359386221,163.2514025250462,mean tonnes carbon per km2,339.0,70.6200000090152
DZA,REST,agri_potential_carbon,3247.61903371097,267.23445559407395,mean tonnes carbon per km2,899.0,434.4920001199097
USA,REST,agri_potential_carbon,2685.3660262360763,164.82564117179635,mean tonnes carbon per km2,16163.0,5389.43000032194
ATA,REST,agri_potential_carbon,,,mean tonnes carbon per km2,,
ATG,REST,agri_potential_carbon,,,mean tonnes carbon per km2,,
ARG,REST,agri_potential_carbon,5366.388692366393,138.11663373691277,mean tonnes carbon per km2,4455.0,1923.4150054898114
AND,REST,agri_potential_carbon,,,mean tonnes carbon per km2,,
AGO,REST,agri_potential_carbon,7171.55383113342,170.58746324039086,mean tonnes carbon per km2,3813.0,24.420000146925453
ARM,REST,agri_potential_carbon,4486.942348543953,307.46166210311077,mean tonnes carbon per km2,267.0,17.53999993599951
NLD,REST,agri_potential_carbon,12120.02843417727,509.47155629295696,mean tonnes carbon per km2,77.0,2.4510000004619363
AUS,REST,agri_potential_carbon,6762.155615101654,97.83698858237581,mean tonnes carbon per km2,11718.0,536.0889999044687
AUT,REST,agri_potential_carbon,8555.369486614989,378.9835248145936,mean tonnes carbon per km2,447.0,9.278000034987926
AZE,REST,agri_potential_carbon,2826.504181101864,180.12555967622984,mean tonnes carbon per km2,359.0,296.6029989629239
BHS,REST,agri_potential_carbon,,,mean tonnes carbon per km2,,
BRB,REST,agri_potential_carbon,,,mean tonnes carbon per km2,,
BLR,REST,agri_potential_carbon,14855.271488735361,111.22942946362105,mean tonnes carbon per km2,2387.0,75.26299994006753
BEL,REST,agri_potential_carbon,13702.064554821345,155.07657511515816,mean tonnes carbon per km2,293.0,3.59800000756979
BLZ,REST,agri_potential_carbon,6844.645134148093,675.2865341154628,mean tonnes carbon per km2,34.0,3.4529999899864197
BTN,REST,agri_potential_carbon,8212.519967856191,1027.4179181127572,mean tonnes carbon per km2,84.0,116.39099967271088
BOL,REST,agri_potential_carbon,5960.554829558314,452.4820166290649,mean tonnes carbon per km2,3941.0,385.28300087206065
BIH,REST,agri_potential_carbon,8151.291512588705,127.04962807313134,mean tonnes carbon per km2,485.0,85.78100007280707
BWA,REST,agri_potential_carbon,,,mean tonnes carbon per km2,,
NOR,REST,agri_potential_carbon,,,mean tonnes carbon per km2,,
COL,REST,agri_potential_carbon,7832.638126710548,402.7962032799945,mean tonnes carbon per km2,833.0,18.978000029549005
COM,REST,agri_potential_carbon,,,mean tonnes carbon per km2,,
BRA,REST,agri_potential_carbon,5229.46000906956,175.53526800810747,mean tonnes carbon per km2,21262.0,8981.333000429197
FRA,REST,agri_potential_carbon,10027.367608125507,63.68369072243896,mean tonnes carbon per km2,6413.0,293.18400008812546
COD,REST,agri_potential_carbon,12335.284898158601,97.10276823277201,mean tonnes carbon per km2,10897.0,573.0889997252822
COG,REST,agri_potential_carbon,12330.826893750349,507.6209677076824,mean tonnes carbon per km2,597.0,10.5120000885427
NZL,REST,agri_potential_carbon,7788.025157554515,193.3288079916879,mean tonnes carbon per km2,641.0,2.941000017896295
BRN,REST,agri_potential_carbon,13752.36641003519,699.7625751382255,mean tonnes carbon per km2,38.0,42.40699937343597
BGR,REST,agri_potential_carbon,5899.125094591231,60.522038324714764,mean tonnes carbon per km2,1517.0,506.9570004606246
BFA,REST,agri_potential_carbon,6057.909261327077,62.35541075382165,mean tonnes carbon per km2,811.0,520.0190007616579
BDI,REST,agri_potential_carbon,,,mean tonnes carbon per km2,,
CPV,REST,agri_potential_carbon,3794.836403251146,578.7366444735601,mean tonnes carbon per km2,35.0,0.7590000003576279
KHM,REST,agri_potential_carbon,14040.194253104839,287.3705867442273,mean tonnes carbon per km2,1376.0,528.9569983129949
CMR,REST,agri_potential_carbon,11629.09113270047,810.7909535213931,mean tonnes carbon per km2,159.0,1190.1530063295363
CAN,REST,agri_potential_carbon,10823.127373963574,112.18009738355231,mean tonnes carbon per km2,1636.0,120.71200022518636
CRI,REST,agri_potential_carbon,9794.670299896658,925.6364474865503,mean tonnes carbon per km2,125.0,8.814000000208615
CIV,REST,agri_potential_carbon,14681.725363021516,118.94802426689074,mean tonnes carbon per km2,3138.0,11926.278004126176
HRV,REST,agri_potential_carbon,8899.303921107055,194.98629605871366,mean tonnes carbon per km2,755.0,82.45899999074638
CUB,REST,agri_potential_carbon,,,mean tonnes carbon per km2,,
CAF,REST,agri_potential_carbon,7971.003290803094,232.6350890431224,mean tonnes carbon per km2,1341.0,6.402000029906631
TCD,REST,agri_potential_carbon,3878.3133724090267,931.0683939682481,mean tonnes carbon per km2,2.0,0.013999999538064002
CHL,REST,agri_potential_carbon,3263.5793253768743,146.12445848503657,mean tonnes carbon per km2,1436.0,292.585999379009
CHN,REST,agri_potential_carbon,7600.871066487358,28.36121374132263,mean tonnes carbon per km2,55533.0,14862.248997560144
CYP,REST,agri_potential_carbon,2549.48282992521,314.06901013053994,mean tonnes carbon per km2,111.0,37.51899992391466
CZE,REST,agri_potential_carbon,9142.868184915198,325.47086616743235,mean tonnes carbon per km2,454.0,94.42099963404237
DNK,REST,agri_potential_carbon,14563.60929707341,1870.4158365408139,mean tonnes carbon per km2,288.0,1.9480000392347572
DJI,REST,agri_potential_carbon,379.5752245790234,69.00509905743759,mean tonnes carbon per km2,32.0,2.656999998092651
DMA,REST,agri_potential_carbon,7627.3046875597365,594.8178485754571,mean tonnes carbon per km2,9.0,1.8100000095367432
DOM,REST,agri_potential_carbon,5772.474211436165,418.11654071071086,mean tonnes carbon per km2,130.0,79.47299999117851
ECU,REST,agri_potential_carbon,7442.109431453177,585.9394904713647,mean tonnes carbon per km2,438.0,135.91800002016126
EGY,REST,agri_potential_carbon,668.4074310605702,87.64023691376643,mean tonnes carbon per km2,385.0,396.80400107197465
SLV,REST,agri_potential_carbon,9984.209219984732,179.60876843485832,mean tonnes carbon per km2,239.0,23.229000057950618
GNQ,REST,agri_potential_carbon,,,mean tonnes carbon per km2,,
ERI,REST,agri_potential_carbon,785.9866744594452,157.34194832037988,mean tonnes carbon per km2,90.0,9.534000003188849
EST,REST,agri_potential_carbon,,,mean tonnes carbon per km2,,
ETH,REST,agri_potential_carbon,7705.934929203033,110.43744822525342,mean tonnes carbon per km2,5265.0,2306.987999488041
FJI,REST,agri_potential_carbon,11709.64390287516,1059.0231387707868,mean tonnes carbon per km2,36.0,13.88199988126755
FIN,REST,agri_potential_carbon,4356.8726985915455,0.0,mean tonnes carbon per km2,1.0,0.0030000001192092896
GAB,REST,agri_potential_carbon,13181.652749206332,719.9471853406691,mean tonnes carbon per km2,277.0,31.1399999435246
GMB,REST,agri_potential_carbon,7839.396473890259,245.36236795282613,mean tonnes carbon per km2,125.0,21.761000008583068
MAR,REST,agri_potential_carbon,665.4148153064313,199.1259091535383,mean tonnes carbon per km2,464.0,1776.198999917954
MOZ,REST,agri_potential_carbon,6912.6401724444095,33.74518593812203,mean tonnes carbon per km2,6225.0,1014.3679999195784
NAM,REST,agri_potential_carbon,,,mean tonnes carbon per km2,,
GEO,REST,agri_potential_carbon,7703.123975206523,319.835387655714,mean tonnes carbon per km2,251.0,209.19899908483026
DEU,REST,agri_potential_carbon,12724.165496180685,198.3388342996701,mean tonnes carbon per km2,978.0,235.76799936078487
GHA,REST,agri_potential_carbon,11221.848658381956,626.8773649693799,mean tonnes carbon per km2,330.0,1494.5339999146759
GRC,REST,agri_potential_carbon,4949.298685525264,98.31299317712732,mean tonnes carbon per km2,1704.0,381.9030004119128
GRL,REST,agri_potential_carbon,,,mean tonnes carbon per km2,,
GRD,REST,agri_potential_carbon,14337.268595677393,571.5026463140384,mean tonnes carbon per km2,5.0,8.385
NRU,REST,agri_potential_carbon,,,mean tonnes carbon per km2,,
GTM,REST,agri_potential_carbon,9990.907298869995,219.2711897706132,mean tonnes carbon per km2,796.0,1604.4719947835058
NPL,REST,agri_potential_carbon,8653.943948248416,280.2380627751186,mean tonnes carbon per km2,530.0,472.614998479262
GIN,REST,agri_potential_carbon,10051.384798936171,227.74423492168512,mean tonnes carbon per km2,1753.0,133.3430001501739
GNB,REST,agri_potential_carbon,13072.925359306066,664.1405386750779,mean tonnes carbon per km2,144.0,1378.8489949975906
GUY,REST,agri_potential_carbon,7678.163859432839,498.7655112780871,mean tonnes carbon per km2,306.0,5.781999995037914
HTI,REST,agri_potential_carbon,,,mean tonnes carbon per km2,,
JOR,REST,agri_potential_carbon,214.37683244290125,109.61807851591601,mean tonnes carbon per km2,61.0,5.938000030890107
HND,REST,agri_potential_carbon,10284.89711466449,178.16931384054882,mean tonnes carbon per km2,999.0,31.011000021919607
HUN,REST,agri_potential_carbon,6091.4374399568715,151.2256240187725,mean tonnes carbon per km2,592.0,104.99099984936416
ISL,REST,agri_potential_carbon,,,mean tonnes carbon per km2,,
IDN,REST,agri_potential_carbon,11939.102613839528,73.52544940773635,mean tonnes carbon per km2,13056.0,49097.89097249291
IRN,REST,agri_potential_carbon,551.3149829380311,41.14022373355538,mean tonnes carbon per km2,5169.0,4915.7580094265195
IRQ,REST,agri_potential_carbon,1348.7139190809448,112.50513528076328,mean tonnes carbon per km2,1332.0,32.044000022038816
IRL,REST,agri_potential_carbon,11788.933413354662,893.5653137970078,mean tonnes carbon per km2,34.0,0.05600000083446503
KAZ,REST,agri_potential_carbon,2949.838773176992,191.46084048343812,mean tonnes carbon per km2,1164.0,7.997000027373434
KEN,REST,agri_potential_carbon,5241.410397768151,344.21580047132164,mean tonnes carbon per km2,1076.0,466.31399965576827
KIR,REST,agri_potential_carbon,0.0,0.0,mean tonnes carbon per km2,2.0,0.14599999904632568
PRK,REST,agri_potential_carbon,8632.470862143755,54.11864634694609,mean tonnes carbon per km2,1352.0,172.4989999926835
KOR,REST,agri_potential_carbon,7708.223317595324,149.08907094856406,mean tonnes carbon per km2,1232.0,459.46199977032836
XKX,REST,agri_potential_carbon,7499.4117291577095,159.85693184763736,mean tonnes carbon per km2,126.0,3.576999985277652
SRB,REST,agri_potential_carbon,5287.837901690192,80.76665249691168,mean tonnes carbon per km2,940.0,168.9920000976324
SYC,REST,agri_potential_carbon,,,mean tonnes carbon per km2,,
SLE,REST,agri_potential_carbon,15208.003272146576,228.47348020182775,mean tonnes carbon per km2,370.0,128.74400005437434
SGP,REST,agri_potential_carbon,,,mean tonnes carbon per km2,,
ITA,REST,agri_potential_carbon,7237.254124021825,66.11326365933652,mean tonnes carbon per km2,3714.0,1782.718001139015
JAM,REST,agri_potential_carbon,10162.98060541163,651.504035385694,mean tonnes carbon per km2,124.0,12.521000043153762
JPN,REST,agri_potential_carbon,6663.738963790119,251.44185745211234,mean tonnes carbon per km2,3466.0,235.96700018711385
KGZ,REST,agri_potential_carbon,2235.411212561963,63.717318756410315,mean tonnes carbon per km2,532.0,93.39600001491605
LAO,REST,agri_potential_carbon,12569.611348179189,207.51621604924625,mean tonnes carbon per km2,1581.0,114.37300007283689
LVA,REST,agri_potential_carbon,15363.82071544503,2698.5001611934717,mean tonnes carbon per km2,10.0,0.02400000013411045
LBN,REST,agri_potential_carbon,5492.90099631797,305.8488712312099,mean tonnes carbon per km2,83.0,78.80999976277351
LSO,REST,agri_potential_carbon,5094.578107327852,154.7474830739309,mean tonnes carbon per km2,2.0,0.004000000059604645
LBR,REST,agri_potential_carbon,17052.940763018116,745.2541901260925,mean tonnes carbon per km2,112.0,181.71200048446656
LBY,REST,agri_potential_carbon,1306.8894585220612,140.39743024617508,mean tonnes carbon per km2,982.0,520.2550006097555
LIE,REST,agri_potential_carbon,,,mean tonnes carbon per km2,,
LTU,REST,agri_potential_carbon,12030.06518098283,185.84139674301827,mean tonnes carbon per km2,1277.0,13.349000028148293
LUX,REST,agri_potential_carbon,13676.097048507108,412.54840901738936,mean tonnes carbon per km2,20.0,0.11200000122189523
MCO,REST,agri_potential_carbon,,,mean tonnes carbon per km2,,
MNG,REST,agri_potential_carbon,3903.6231553564985,253.09539558522303,mean tonnes carbon per km2,248.0,17.577000113874675
MNE,REST,agri_potential_carbon,7490.66309209732,500.7172915323868,mean tonnes carbon per km2,100.0,4.182000004649162
MKD,REST,agri_potential_carbon,5863.226106982665,250.2140999071421,mean tonnes carbon per km2,223.0,80.59999978542328
MDG,REST,agri_potential_carbon,9951.502154763448,324.1959600800131,mean tonnes carbon per km2,1083.0,892.2279977140577
MWI,REST,agri_potential_carbon,6781.9552841180775,63.9019337840879,mean tonnes carbon per km2,589.0,111.84099980473518
MYS,REST,agri_potential_carbon,14511.845450133405,175.62019740775392,mean tonnes carbon per km2,1759.0,10395.785011104868
MDV,REST,agri_potential_carbon,,,mean tonnes carbon per km2,,
MLI,REST,agri_potential_carbon,2923.577220228281,88.92148314357688,mean tonnes carbon per km2,4794.0,161.9220001361519
MLT,REST,agri_potential_carbon,,,mean tonnes carbon per km2,,
MHL,REST,agri_potential_carbon,,,mean tonnes carbon per km2,,
MRT,REST,agri_potential_carbon,3355.266139621176,580.868948455247,mean tonnes carbon per km2,4.0,0.039999998807907104
MUS,REST,agri_potential_carbon,10159.797991881585,1108.4542273345858,mean tonnes carbon per km2,23.0,0.27200000345706943
MEX,REST,agri_potential_carbon,5087.510980900458,536.725139861418,mean tonnes carbon per km2,1141.0,1857.190995737836
FSM,REST,agri_potential_carbon,,,mean tonnes carbon per km2,,
MDA,REST,agri_potential_carbon,5354.884177742551,147.83346067843124,mean tonnes carbon per km2,535.0,51.66600002646446
NIC,REST,agri_potential_carbon,9762.884361265094,2156.228662504976,mean tonnes carbon per km2,2.0,0.041000000014901165
OMN,REST,agri_potential_carbon,1.3205177872285736,5.9725882230805825,mean tonnes carbon per km2,4.0,0.14199999824166298
PAK,REST,agri_potential_carbon,964.9055320430869,135.14063863536154,mean tonnes carbon per km2,3554.0,1055.5309961380067
PLW,REST,agri_potential_carbon,,,mean tonnes carbon per km2,,
PAN,REST,agri_potential_carbon,,,mean tonnes carbon per km2,,
PNG,REST,agri_potential_carbon,7983.837728747124,584.2536015276207,mean tonnes carbon per km2,714.0,110.31400008134544
PRY,REST,agri_potential_carbon,7690.921523744783,111.65331319668853,mean tonnes carbon per km2,1330.0,195.07399999007583
PER,REST,agri_potential_carbon,2116.0587633032324,275.1775237282325,mean tonnes carbon per km2,443.0,287.0230006942153
PHL,REST,agri_potential_carbon,14229.43752522391,286.6697804540808,mean tonnes carbon per km2,2657.0,1689.3059985070677
POL,REST,agri_potential_carbon,14391.700027782124,56.85232015269306,mean tonnes carbon per km2,4875.0,303.06300020910794
PRT,REST,agri_potential_carbon,8614.016762348409,66.97418205256133,mean tonnes carbon per km2,1310.0,701.4360006146132
ROU,REST,agri_potential_carbon,4063.7083773659415,84.9330070821776,mean tonnes carbon per km2,3069.0,569.4249999718368
RUS,REST,agri_potential_carbon,6999.251172621196,29.841260353712364,mean tonnes carbon per km2,34982.0,235.02800054810942
RWA,REST,agri_potential_carbon,13133.341387017794,420.88531974766454,mean tonnes carbon per km2,236.0,6.951000056415797
WSM,REST,agri_potential_carbon,,,mean tonnes carbon per km2,,
SMR,REST,agri_potential_carbon,,,mean tonnes carbon per km2,,
TON,REST,agri_potential_carbon,3347.165287841557,1542.5282395318197,mean tonnes carbon per km2,3.0,0.4189999961853027
TTO,REST,agri_potential_carbon,11794.144029475807,1158.1118937911529,mean tonnes carbon per km2,40.0,7.0420000052452085
TUN,REST,agri_potential_carbon,2345.370080484634,175.83562500547131,mean tonnes carbon per km2,957.0,2395.3459976456315
TKM,REST,agri_potential_carbon,817.934158685842,42.31972481320484,mean tonnes carbon per km2,533.0,22.331999963000417
STP,REST,agri_potential_carbon,2213.6680811331744,1069.3652759350066,mean tonnes carbon per km2,11.0,1.08899995803833
SAU,REST,agri_potential_carbon,0.0,0.0,mean tonnes carbon per km2,1.0,0.0030000001192092896
SEN,REST,agri_potential_carbon,5212.025686654537,104.05023717315673,mean tonnes carbon per km2,1643.0,187.9619998936355
SVK,REST,agri_potential_carbon,8670.508978036807,163.49269387254185,mean tonnes carbon per km2,489.0,20.283000018149615
SVN,REST,agri_potential_carbon,10413.491379791509,336.70530580010296,mean tonnes carbon per km2,217.0,20.47299996457994
SLB,REST,agri_potential_carbon,9147.939014783855,376.99192018809583,mean tonnes carbon per km2,137.0,2.879999996200204
SOM,REST,agri_potential_carbon,,,mean tonnes carbon per km2,,
ZAF,REST,agri_potential_carbon,6059.097421136923,97.63025156334125,mean tonnes carbon per km2,5457.0,141.16300009012224
SSD,REST,agri_potential_carbon,3899.5191983152185,82.74331853152209,mean tonnes carbon per km2,3697.0,74.66099994167686
ESP,REST,agri_potential_carbon,6959.634515561613,54.348325559807726,mean tonnes carbon per km2,6697.0,6127.345998291522
LKA,REST,agri_potential_carbon,11746.273780087304,257.93446124744804,mean tonnes carbon per km2,697.0,2388.618999299556
KNA,REST,agri_potential_carbon,,,mean tonnes carbon per km2,,
LCA,REST,agri_potential_carbon,9380.838792590885,903.7800629746861,mean tonnes carbon per km2,7.0,4.108000040054321
VCT,REST,agri_potential_carbon,12095.577357870607,4140.956315466689,mean tonnes carbon per km2,3.0,1.9110000038146973
SDN,REST,agri_potential_carbon,2548.4947068469623,1242.4705953499322,mean tonnes carbon per km2,4.0,1.5179999375343323
SUR,REST,agri_potential_carbon,,,mean tonnes carbon per km2,,
SWZ,REST,agri_potential_carbon,5894.147024059057,409.7553842062112,mean tonnes carbon per km2,53.0,8.369000048115849
SWE,REST,agri_potential_carbon,,,mean tonnes carbon per km2,,
CHE,REST,agri_potential_carbon,11936.869210737157,448.4780250102373,mean tonnes carbon per km2,166.0,15.746999939456582
SYR,REST,agri_potential_carbon,1108.072792574616,57.76398789504425,mean tonnes carbon per km2,1063.0,1623.7670018536596
TWN,REST,agri_potential_carbon,14178.50099970451,624.3447045256587,mean tonnes carbon per km2,173.0,481.08800177790226
TJK,REST,agri_potential_carbon,1057.2936522014834,49.35377848054997,mean tonnes carbon per km2,325.0,64.2799999127537
TZA,REST,agri_potential_carbon,8768.715820168223,173.19526787264,mean tonnes carbon per km2,2372.0,2677.0549983792753
THA,REST,agri_potential_carbon,11056.611953892601,92.38932320798007,mean tonnes carbon per km2,3820.0,20778.85699435845
TLS,REST,agri_potential_carbon,11483.72333734974,344.699808339604,mean tonnes carbon per km2,146.0,2.7739999949932095
TGO,REST,agri_potential_carbon,9149.12158384651,257.99890978413544,mean tonnes carbon per km2,598.0,112.9299996483326
TUV,REST,agri_potential_carbon,,,mean tonnes carbon per km2,,
UGA,REST,agri_potential_carbon,9418.088304898689,121.82657873077282,mean tonnes carbon per km2,1932.0,58.90300000414252
URY,REST,agri_potential_carbon,3574.5979769699334,480.01893843031684,mean tonnes carbon per km2,2.0,0.01600000023841858
UZB,REST,agri_potential_carbon,1322.337565261121,16.98378374573857,mean tonnes carbon per km2,1450.0,163.63199972502886
VUT,REST,agri_potential_carbon,6372.877778819186,1922.5259216581728,mean tonnes carbon per km2,5.0,0.007000000104308129
VAT,REST,agri_potential_carbon,,,mean tonnes carbon per km2,,
VEN,REST,agri_potential_carbon,,,mean tonnes carbon per km2,,
VNM,REST,agri_potential_carbon,13603.346106192272,160.2512263500765,mean tonnes carbon per km2,3430.0,9387.876006715445
ZMB,REST,agri_potential_carbon,7130.360120673496,123.88200779346438,mean tonnes carbon per km2,1232.0,49.326000114902854
ZWE,REST,agri_potential_carbon,6079.832608605148,78.28264888764708,mean tonnes carbon per km2,3130.0,161.30199974261222
YEM,REST,agri_potential_carbon,1548.41653811028,98.080166316324,mean tonnes carbon per km2,497.0,2.349000020474196
UKR,REST,agri_potential_carbon,7893.390861094208,58.01112700056364,mean tonnes carbon per km2,10093.0,213.89199977315963
BHR,REST,agri_potential_carbon,38.22284653385888,19.852183886685467,mean tonnes carbon per km2,2.0,0.7879999923706055
KWT,REST,agri_potential_carbon,23.12247645121771,45.047251125736906,mean tonnes carbon per km2,50.0,0.41800000160932543
QAT,REST,agri_potential_carbon,,,mean tonnes carbon per km2,,
ARE,REST,agri_potential_carbon,18.94668039689706,14.59260012709362,mean tonnes carbon per km2,332.0,4.264000014811755
TUR,REST,agri_potential_carbon,2538.2278362612556,32.065574137181436,mean tonnes carbon per km2,8938.0,6791.67000451982
ISR,REST,agri_potential_carbon,3140.3128124265686,270.8301337262255,mean tonnes carbon per km2,139.0,29.049999918639656
BGD,REST,agri_potential_carbon,9726.675289563425,151.44572233500583,mean tonnes carbon per km2,745.0,3213.5689988261465
MMR,REST,agri_potential_carbon,10031.249039768794,262.0834708038723,mean tonnes carbon per km2,3406.0,3655.855994829387
IND,REST,agri_potential_carbon,3401.2181556212986,65.41684507930604,mean tonnes carbon per km2,27409.0,42855.38100919954
BEN,REST,agri_potential_carbon,8037.860903565996,96.76271177119665,mean tonnes carbon per km2,156.0,3282.490988490582
NER,REST,agri_potential_carbon,1892.649016920265,72.13238199656972,mean tonnes carbon per km2,3222.0,94.6440000334382
NGA,REST,agri_potential_carbon,6464.420083814844,75.5023140973212,mean tonnes carbon per km2,7047.0,8122.530997665301
111,REST,agri_potential_carbon,,,mean tonnes carbon per km2,,
112,REST,agri_potential_carbon,,,mean tonnes carbon per km2,,
113,REST,agri_potential_carbon,,,mean tonnes carbon per km2,,
114,REST,agri_potential_carbon,,,mean tonnes carbon per km2,,
115,REST,agri_potential_carbon,,,mean tonnes carbon per km2,,
116,REST,agri_potential_carbon,,,mean tonnes carbon per km2,,
117,REST,agri_potential_carbon,,,mean tonnes carbon per km2,,
118,REST,agri_potential_carbon,,,mean tonnes carbon per km2,,
119,REST,agri_potential_carbon,,,mean tonnes carbon per km2,,
120,REST,agri_potential_carbon,,,mean tonnes carbon per km2,,
121,REST,agri_potential_carbon,,,mean tonnes carbon per km2,,
122,REST,agri_potential_carbon,,,mean tonnes carbon per km2,,
123,REST,agri_potential_carbon,,,mean tonnes carbon per km2,,
124,REST,agri_potential_carbon,,,mean tonnes carbon per km2,,
125,REST,agri_potential_carbon,,,mean tonnes carbon per km2,,
126,REST,agri_potential_carbon,,,mean tonnes carbon per km2,,
127,REST,agri_potential_carbon,,,mean tonnes carbon per km2,,
128,REST,agri_potential_carbon,,,mean tonnes carbon per km2,,
129,REST,agri_potential_carbon,,,mean tonnes carbon per km2,,
ESH,REST,agri_potential_carbon,,,mean tonnes carbon per km2,,
AFG,MAIZ,agri_potential_carbon,1076.602341744221,50.56784895433479,mean tonnes carbon per km2,4551.0,1368.5180002342165
GBR,MAIZ,agri_potential_carbon,11200.0,0.0,mean tonnes carbon per km2,1.0,0.08
ALB,MAIZ,agri_potential_carbon,6153.22832092442,163.7461849516469,mean tonnes carbon per km2,346.0,537.3679983901977
DZA,MAIZ,agri_potential_carbon,771.1469981434294,393.4774977640421,mean tonnes carbon per km2,152.0,1.7690000178664924
USA,MAIZ,agri_potential_carbon,8779.120933552516,32.419332743669386,mean tonnes carbon per km2,50436.0,328183.8530494331
ATA,MAIZ,agri_potential_carbon,,,mean tonnes carbon per km2,,
ATG,MAIZ,agri_potential_carbon,11539.55530646636,745.6743044988177,mean tonnes carbon per km2,6.0,0.3919999969005585
ARG,MAIZ,agri_potential_carbon,3979.0931076256793,26.185048697704644,mean tonnes carbon per km2,14939.0,27464.66199875459
AND,MAIZ,agri_potential_carbon,,,mean tonnes carbon per km2,,
AGO,MAIZ,agri_potential_carbon,7218.746297426583,59.560827212061646,mean tonnes carbon per km2,6267.0,12003.745991840362
ARM,MAIZ,agri_potential_carbon,3704.6172916041705,277.3269973884121,mean tonnes carbon per km2,268.0,29.823999959006905
NLD,MAIZ,agri_potential_carbon,11851.386012143428,326.8680674581168,mean tonnes carbon per km2,484.0,179.08299955457449
AUS,MAIZ,agri_potential_carbon,5953.287188766724,71.32614041185346,mean tonnes carbon per km2,5646.0,614.0939997195453
AUT,MAIZ,agri_potential_carbon,10578.583911724052,171.32778775928682,mean tonnes carbon per km2,525.0,1998.1630040571094
AZE,MAIZ,agri_potential_carbon,3826.4560534581556,216.18773601459492,mean tonnes carbon per km2,435.0,315.98100005641584
BHS,MAIZ,agri_potential_carbon,7044.969544083147,6021.452624781921,mean tonnes carbon per km2,8.0,0.8769999921321869
BRB,MAIZ,agri_potential_carbon,12474.425612399265,895.9729532720876,mean tonnes carbon per km2,6.0,0.8209999990463257
BLR,MAIZ,agri_potential_carbon,14191.504089775193,124.36126357343954,mean tonnes carbon per km2,3417.0,1303.4609989465027
BEL,MAIZ,agri_potential_carbon,13224.793524884943,274.9853329379758,mean tonnes carbon per km2,212.0,670.2930003881454
BLZ,MAIZ,agri_potential_carbon,7036.2132233076545,698.445432230308,mean tonnes carbon per km2,35.0,152.4990001583099
BTN,MAIZ,agri_potential_carbon,9988.00526605951,923.4901350829329,mean tonnes carbon per km2,113.0,219.63099900752306
BOL,MAIZ,agri_potential_carbon,6130.967990318231,131.9138483822255,mean tonnes carbon per km2,4451.0,3343.186000828892
BIH,MAIZ,agri_potential_carbon,8369.05950063984,142.03168862038928,mean tonnes carbon per km2,485.0,1929.7099978029728
BWA,MAIZ,agri_potential_carbon,3417.833492277636,61.38678740190896,mean tonnes carbon per km2,627.0,822.8180001918226
NOR,MAIZ,agri_potential_carbon,,,mean tonnes carbon per km2,,
COL,MAIZ,agri_potential_carbon,9099.46991504889,178.98363953576157,mean tonnes carbon per km2,5204.0,5304.4699997141215
COM,MAIZ,agri_potential_carbon,,,mean tonnes carbon per km2,,
BRA,MAIZ,agri_potential_carbon,6058.5791166375575,37.660374549470596,mean tonnes carbon per km2,51327.0,126964.16100427433
FRA,MAIZ,agri_potential_carbon,11272.51734334615,56.79596033595979,mean tonnes carbon per km2,6948.0,16177.236994877534
COD,MAIZ,agri_potential_carbon,11856.623048912745,66.84450596003889,mean tonnes carbon per km2,9230.0,14380.706996973528
COG,MAIZ,agri_potential_carbon,11250.224728775045,345.87608390742,mean tonnes carbon per km2,588.0,50.83999995835125
NZL,MAIZ,agri_potential_carbon,7740.004914657185,189.68014116207095,mean tonnes carbon per km2,592.0,178.9179997391999
BRN,MAIZ,agri_potential_carbon,13070.03778430631,4105.549806589432,mean tonnes carbon per km2,2.0,0.024999999999999998
BGR,MAIZ,agri_potential_carbon,5817.495662339739,71.20386898970884,mean tonnes carbon per km2,1513.0,3304.825000481308
BFA,MAIZ,agri_potential_carbon,4809.069952999864,57.439532665914136,mean tonnes carbon per km2,2653.0,6769.851997736394
BDI,MAIZ,agri_potential_carbon,11040.619064484352,206.56286765692477,mean tonnes carbon per km2,256.0,1183.7750000164658
CPV,MAIZ,agri_potential_carbon,2626.5027228292356,478.29259162762355,mean tonnes carbon per km2,36.0,205.88399953842168
KHM,MAIZ,agri_potential_carbon,13794.994078056247,185.5371370649815,mean tonnes carbon per km2,1320.0,2029.7629926791788
CMR,MAIZ,agri_potential_carbon,6612.50553504643,153.77263367894778,mean tonnes carbon per km2,2452.0,7081.446995098739
CAN,MAIZ,agri_potential_carbon,10549.433998572105,128.5992631971548,mean tonnes carbon per km2,6290.0,11789.71999422237
CRI,MAIZ,agri_potential_carbon,10290.031254185425,284.92230514977103,mean tonnes carbon per km2,433.0,95.88399990424514
CIV,MAIZ,agri_potential_carbon,9941.320559599493,185.26274686016438,mean tonnes carbon per km2,3127.0,3213.8900065914545
HRV,MAIZ,agri_potential_carbon,9270.911611955133,131.00517896413538,mean tonnes carbon per km2,753.0,2999.3819969683136
CUB,MAIZ,agri_potential_carbon,12388.618035893269,167.32563514244367,mean tonnes carbon per km2,1205.0,1880.328000902161
CAF,MAIZ,agri_potential_carbon,8547.356088009712,211.17295405294544,mean tonnes carbon per km2,982.0,561.5460005623847
TCD,MAIZ,agri_potential_carbon,2951.691043028592,44.83878392461144,mean tonnes carbon per km2,3348.0,2360.82699966304
CHL,MAIZ,agri_potential_carbon,4063.8097647900076,84.4706767459452,mean tonnes carbon per km2,1042.0,1226.511000711322
CHN,MAIZ,agri_potential_carbon,6358.990521959374,28.27294542348236,mean tonnes carbon per km2,55622.0,264332.85199936246
CYP,MAIZ,agri_potential_carbon,,,mean tonnes carbon per km2,,
CZE,MAIZ,agri_potential_carbon,9649.801142050641,190.85415328954113,mean tonnes carbon per km2,454.0,1098.5579982557892
DNK,MAIZ,agri_potential_carbon,14067.273404241201,125.63946670611499,mean tonnes carbon per km2,881.0,52.81100000143053
DJI,MAIZ,agri_potential_carbon,82.60623517173313,152.783651835372,mean tonnes carbon per km2,4.0,0.03600000038743019
DMA,MAIZ,agri_potential_carbon,7713.095616777956,618.2032682076941,mean tonnes carbon per km2,9.0,0.9699999976158142
DOM,MAIZ,agri_potential_carbon,7871.417487239454,306.2245728676384,mean tonnes carbon per km2,543.0,225.28000025406482
ECU,MAIZ,agri_potential_carbon,10005.981037164882,256.8817955573127,mean tonnes carbon per km2,885.0,4345.861999300643
EGY,MAIZ,agri_potential_carbon,2487.3382364280624,91.15147284079015,mean tonnes carbon per km2,1053.0,9442.394003067016
SLV,MAIZ,agri_potential_carbon,10030.261177624016,140.37072644575161,mean tonnes carbon per km2,250.0,2623.487991851568
GNQ,MAIZ,agri_potential_carbon,,,mean tonnes carbon per km2,,
ERI,MAIZ,agri_potential_carbon,1764.0326014773905,68.52922700691104,mean tonnes carbon per km2,503.0,202.9159999334812
EST,MAIZ,agri_potential_carbon,,,mean tonnes carbon per km2,,
ETH,MAIZ,agri_potential_carbon,8695.756270900325,73.73899551305779,mean tonnes carbon per km2,5409.0,10598.297001333161
FJI,MAIZ,agri_potential_carbon,12512.534682562075,695.6054141800073,mean tonnes carbon per km2,34.0,3.513999980911613
FIN,MAIZ,agri_potential_carbon,,,mean tonnes carbon per km2,,
GAB,MAIZ,agri_potential_carbon,13102.271263378017,710.3379112639916,mean tonnes carbon per km2,278.0,53.40100023455918
GMB,MAIZ,agri_potential_carbon,7320.58505707273,266.99514333680685,mean tonnes carbon per km2,123.0,409.31799980163566
MAR,MAIZ,agri_potential_carbon,2811.6801635331212,207.11379961000353,mean tonnes carbon per km2,1945.0,2121.370992722139
MOZ,MAIZ,agri_potential_carbon,7257.638032042181,40.061819741590476,mean tonnes carbon per km2,6210.0,16394.292001946495
NAM,MAIZ,agri_potential_carbon,2590.8259870762563,58.9632933752884,mean tonnes carbon per km2,1275.0,217.6499998797476
GEO,MAIZ,agri_potential_carbon,7044.982539318406,261.59468700310595,mean tonnes carbon per km2,780.0,1136.842001784444
DEU,MAIZ,agri_potential_carbon,13419.613372100812,94.51929667249884,mean tonnes carbon per km2,2800.0,4702.775994151458
GHA,MAIZ,agri_potential_carbon,12268.161443582514,176.43617990037214,mean tonnes carbon per km2,1911.0,7919.5649910581105
GRC,MAIZ,agri_potential_carbon,4937.640722401415,99.74615707140224,mean tonnes carbon per km2,1707.0,1990.2960014151038
GRL,MAIZ,agri_potential_carbon,,,mean tonnes carbon per km2,,
GRD,MAIZ,agri_potential_carbon,14373.666132525457,605.0587890557968,mean tonnes carbon per km2,5.0,2.6430000019073487
NRU,MAIZ,agri_potential_carbon,,,mean tonnes carbon per km2,,
GTM,MAIZ,agri_potential_carbon,9974.033926252578,116.47652449955707,mean tonnes carbon per km2,1055.0,8344.748002740816
NPL,MAIZ,agri_potential_carbon,8589.714345634144,180.5796926047181,mean tonnes carbon per km2,1180.0,7355.666995348483
GIN,MAIZ,agri_potential_carbon,9602.907692065972,102.20399379848067,mean tonnes carbon per km2,1695.0,2792.947000836581
GNB,MAIZ,agri_potential_carbon,10926.31627523365,391.70380941818865,mean tonnes carbon per km2,294.0,115.10900000736117
GUY,MAIZ,agri_potential_carbon,6346.192089907574,403.9377371571627,mean tonnes carbon per km2,322.0,19.625999988913534
HTI,MAIZ,agri_potential_carbon,9757.185392563668,242.62354652310518,mean tonnes carbon per km2,321.0,3889.389996037484
JOR,MAIZ,agri_potential_carbon,533.1600950154735,198.8512629787334,mean tonnes carbon per km2,86.0,11.118999992758031
HND,MAIZ,agri_potential_carbon,10577.65429611276,114.13310168325657,mean tonnes carbon per km2,989.0,3303.9010003187504
HUN,MAIZ,agri_potential_carbon,7130.955408739629,88.19501658937659,mean tonnes carbon per km2,1342.0,11534.741984332948
ISL,MAIZ,agri_potential_carbon,,,mean tonnes carbon per km2,,
IDN,MAIZ,agri_potential_carbon,11193.034927237051,132.05851528618115,mean tonnes carbon per km2,13066.0,28515.200974670646
IRN,MAIZ,agri_potential_carbon,428.3257289339033,41.099076019960215,mean tonnes carbon per km2,4432.0,2435.0939987671377
IRQ,MAIZ,agri_potential_carbon,743.1136503737239,23.983973148983036,mean tonnes carbon per km2,1967.0,1187.485000056252
IRL,MAIZ,agri_potential_carbon,,,mean tonnes carbon per km2,,
KAZ,MAIZ,agri_potential_carbon,3485.871043344373,85.04749567730298,mean tonnes carbon per km2,3547.0,970.7349999591709
KEN,MAIZ,agri_potential_carbon,8384.855173019438,130.46571173430831,mean tonnes carbon per km2,1886.0,18906.506995739343
KIR,MAIZ,agri_potential_carbon,,,mean tonnes carbon per km2,,
PRK,MAIZ,agri_potential_carbon,8780.945677628813,53.170114971568466,mean tonnes carbon per km2,1338.0,5005.214995583072
KOR,MAIZ,agri_potential_carbon,7372.48781159559,241.1794089188131,mean tonnes carbon per km2,1080.0,102.66600001804531
XKX,MAIZ,agri_potential_carbon,7500.523907619344,168.92084393237528,mean tonnes carbon per km2,129.0,382.06500066995625
SRB,MAIZ,agri_potential_carbon,5743.588034417169,96.77411977488745,mean tonnes carbon per km2,1083.0,12314.126987849251
SYC,MAIZ,agri_potential_carbon,,,mean tonnes carbon per km2,,
SLE,MAIZ,agri_potential_carbon,14967.443150960291,219.0864867937692,mean tonnes carbon per km2,369.0,164.52900006212295
SGP,MAIZ,agri_potential_carbon,,,mean tonnes carbon per km2,,
ITA,MAIZ,agri_potential_carbon,8608.726839349272,80.48942782117022,mean tonnes carbon per km2,3846.0,8084.949009399861
JAM,MAIZ,agri_potential_carbon,11380.29997288592,467.40596084923595,mean tonnes carbon per km2,118.0,20.050999931693074
JPN,MAIZ,agri_potential_carbon,11255.78150227456,225.59080210954664,mean tonnes carbon per km2,103.0,0.6500000061094763
KGZ,MAIZ,agri_potential_carbon,2384.4646126143225,64.13835341167916,mean tonnes carbon per km2,552.0,730.0470006003976
LAO,MAIZ,agri_potential_carbon,12890.447709162632,230.67535492280487,mean tonnes carbon per km2,1487.0,2020.2899972264468
LVA,MAIZ,agri_potential_carbon,10537.887454531185,4739.141202229241,mean tonnes carbon per km2,3.0,0.40099999189376834
LBN,MAIZ,agri_potential_carbon,5523.139253922833,597.7158567159321,mean tonnes carbon per km2,54.0,12.390000019967554
LSO,MAIZ,agri_potential_carbon,4747.703778775258,117.13044204234829,mean tonnes carbon per km2,183.0,1329.2660022044183
LBR,MAIZ,agri_potential_carbon,19900.0,0.0,mean tonnes carbon per km2,1.0,0.6730000305175782
LBY,MAIZ,agri_potential_carbon,1460.0993106506858,173.68856764525248,mean tonnes carbon per km2,439.0,13.373999997153877
LIE,MAIZ,agri_potential_carbon,,,mean tonnes carbon per km2,,
LTU,MAIZ,agri_potential_carbon,13134.099779090633,225.52376317928224,mean tonnes carbon per km2,1202.0,74.94299991883338
LUX,MAIZ,agri_potential_carbon,13688.42393329201,415.9115896871203,mean tonnes carbon per km2,20.0,3.3889999806880953
MCO,MAIZ,agri_potential_carbon,,,mean tonnes carbon per km2,,
MNG,MAIZ,agri_potential_carbon,,,mean tonnes carbon per km2,,
MNE,MAIZ,agri_potential_carbon,7932.293045291987,323.0348288401473,mean tonnes carbon per km2,94.0,25.16399992495775
MKD,MAIZ,agri_potential_carbon,5968.210682576682,273.82013314450535,mean tonnes carbon per km2,229.0,311.4749998220801
MDG,MAIZ,agri_potential_carbon,7724.601364006312,136.47253287788266,mean tonnes carbon per km2,4300.0,2340.3639945171026
MWI,MAIZ,agri_potential_carbon,7041.132684940817,66.29898362626348,mean tonnes carbon per km2,971.0,16316.06700418137
MYS,MAIZ,agri_potential_carbon,13764.970553422627,256.31567953286753,mean tonnes carbon per km2,2214.0,81.94700007610022
MDV,MAIZ,agri_potential_carbon,,,mean tonnes carbon per km2,,
MLI,MAIZ,agri_potential_carbon,4091.333600878885,61.19200076098852,mean tonnes carbon per km2,3893.0,6241.305005934239
MLT,MAIZ,agri_potential_carbon,,,mean tonnes carbon per km2,,
MHL,MAIZ,agri_potential_carbon,,,mean tonnes carbon per km2,,
MRT,MAIZ,agri_potential_carbon,2220.345630576438,68.23361545621157,mean tonnes carbon per km2,1102.0,181.13400018431244
MUS,MAIZ,agri_potential_carbon,11764.376286470084,776.1053186461337,mean tonnes carbon per km2,19.0,0.22599999964237216
MEX,MAIZ,agri_potential_carbon,7267.898559828063,81.19533007522023,mean tonnes carbon per km2,11735.0,57453.800960989
FSM,MAIZ,agri_potential_carbon,0.0,0.0,mean tonnes carbon per km2,3.0,0.04700000047683716
MDA,MAIZ,agri_potential_carbon,6187.739310293677,115.09181907099592,mean tonnes carbon per km2,475.0,4187.551990661621
NIC,MAIZ,agri_potential_carbon,10558.03685049883,120.06743773375331,mean tonnes carbon per km2,1115.0,3422.821001758799
OMN,MAIZ,agri_potential_carbon,0.0,0.0,mean tonnes carbon per km2,2.0,0.0690000019222498
PAK,MAIZ,agri_potential_carbon,2596.852584817215,79.35231135784836,mean tonnes carbon per km2,3344.0,5809.84699102424
PLW,MAIZ,agri_potential_carbon,,,mean tonnes carbon per km2,,
PAN,MAIZ,agri_potential_carbon,11554.499184228582,294.0591551370585,mean tonnes carbon per km2,541.0,495.81899994090196
PNG,MAIZ,agri_potential_carbon,9634.088168879869,441.1812619453576,mean tonnes carbon per km2,424.0,10.734000054597853
PRY,MAIZ,agri_potential_carbon,8789.392878977535,79.59258894509473,mean tonnes carbon per km2,2414.0,8053.8929860121
PER,MAIZ,agri_potential_carbon,3827.353844752797,205.2890371250724,mean tonnes carbon per km2,2446.0,4366.893999145925
PHL,MAIZ,agri_potential_carbon,14687.0201101817,95.75072362203666,mean tonnes carbon per km2,2822.0,25181.341972881182
POL,MAIZ,agri_potential_carbon,14369.365613985003,75.21549623908331,mean tonnes carbon per km2,4875.0,3002.490000739023
PRT,MAIZ,agri_potential_carbon,8602.773129927784,77.45771416354712,mean tonnes carbon per km2,1289.0,963.8380005995928
ROU,MAIZ,agri_potential_carbon,5293.534327295067,53.85292663041608,mean tonnes carbon per km2,3052.0,23427.16299105875
RUS,MAIZ,agri_potential_carbon,6165.298410947337,40.60559515348922,mean tonnes carbon per km2,25981.0,12464.44200019732
RWA,MAIZ,agri_potential_carbon,11444.774126176057,410.51569134741004,mean tonnes carbon per km2,189.0,1521.515002578497
WSM,MAIZ,agri_potential_carbon,,,mean tonnes carbon per km2,,
SMR,MAIZ,agri_potential_carbon,,,mean tonnes carbon per km2,,
TON,MAIZ,agri_potential_carbon,,,mean tonnes carbon per km2,,
TTO,MAIZ,agri_potential_carbon,11742.754395345064,1182.6816584831797,mean tonnes carbon per km2,34.0,12.476000027060508
TUN,MAIZ,agri_potential_carbon,,,mean tonnes carbon per km2,,
TKM,MAIZ,agri_potential_carbon,862.9184697808175,23.186414108895466,mean tonnes carbon per km2,543.0,148.03299982450903
STP,MAIZ,agri_potential_carbon,2250.3898537380887,1070.0007976905508,mean tonnes carbon per km2,11.0,5.640000038146972
SAU,MAIZ,agri_potential_carbon,478.7349499961982,65.13596060720187,mean tonnes carbon per km2,1265.0,194.06000073306262
SEN,MAIZ,agri_potential_carbon,5975.669122807722,116.5708094164546,mean tonnes carbon per km2,1632.0,1452.4010021926463
SVK,MAIZ,agri_potential_carbon,8508.352997784254,141.25682873886686,mean tonnes carbon per km2,502.0,1709.7750023102762
SVN,MAIZ,agri_potential_carbon,11638.324662115458,299.96990691151746,mean tonnes carbon per km2,220.0,404.66299989432093
SLB,MAIZ,agri_potential_carbon,,,mean tonnes carbon per km2,,
SOM,MAIZ,agri_potential_carbon,1505.8859711741256,121.79014685154374,mean tonnes carbon per km2,1703.0,688.373000254184
ZAF,MAIZ,agri_potential_carbon,5339.5235115646865,55.63771389139812,mean tonnes carbon per km2,9149.0,25064.011992892698
SSD,MAIZ,agri_potential_carbon,4915.361450275351,55.661284874217394,mean tonnes carbon per km2,4171.0,299.5370002258569
ESP,MAIZ,agri_potential_carbon,7400.302695594707,79.49876427455959,mean tonnes carbon per km2,5461.0,3428.98900424473
LKA,MAIZ,agri_potential_carbon,7939.0949506957895,293.94217525384437,mean tonnes carbon per km2,662.0,522.6650007200241
KNA,MAIZ,agri_potential_carbon,,,mean tonnes carbon per km2,,
LCA,MAIZ,agri_potential_carbon,,,mean tonnes carbon per km2,,
VCT,MAIZ,agri_potential_carbon,12593.822643354993,4322.604375565191,mean tonnes carbon per km2,3.0,0.11099999964237213
SDN,MAIZ,agri_potential_carbon,2630.898864490729,1290.3352852240746,mean tonnes carbon per km2,4.0,4.5860000622272485
SUR,MAIZ,agri_potential_carbon,7404.510343270265,1019.8406084553064,mean tonnes carbon per km2,28.0,0.11900000244379044
SWZ,MAIZ,agri_potential_carbon,8420.998389923952,197.03967143977695,mean tonnes carbon per km2,221.0,617.1360010063647
SWE,MAIZ,agri_potential_carbon,,,mean tonnes carbon per km2,,
CHE,MAIZ,agri_potential_carbon,12256.661519885194,325.2118253040641,mean tonnes carbon per km2,162.0,167.27699972875413
SYR,MAIZ,agri_potential_carbon,1045.9619462185499,58.85702947352158,mean tonnes carbon per km2,700.0,463.3049992466718
TWN,MAIZ,agri_potential_carbon,16055.58593484999,957.4867323793007,mean tonnes carbon per km2,86.0,91.74100007526575
TJK,MAIZ,agri_potential_carbon,1246.2054486345787,73.25748038122933,mean tonnes carbon per km2,488.0,137.1119999589771
TZA,MAIZ,agri_potential_carbon,8235.609615409856,46.41918366547184,mean tonnes carbon per km2,6691.0,23778.22200320698
THA,MAIZ,agri_potential_carbon,9265.216739999838,90.13982577224154,mean tonnes carbon per km2,4978.0,11373.222992131412
TLS,MAIZ,agri_potential_carbon,11883.327373789136,415.3612912544316,mean tonnes carbon per km2,126.0,463.18599888756876
TGO,MAIZ,agri_potential_carbon,9586.74205338993,140.6037207923841,mean tonnes carbon per km2,601.0,5044.2419993038475
TUV,MAIZ,agri_potential_carbon,,,mean tonnes carbon per km2,,
UGA,MAIZ,agri_potential_carbon,9034.648155339335,160.58867775259532,mean tonnes carbon per km2,2082.0,5487.094002009034
URY,MAIZ,agri_potential_carbon,2902.882458230116,53.81737106340909,mean tonnes carbon per km2,2076.0,878.8919995412231
UZB,MAIZ,agri_potential_carbon,1290.516553895848,27.817941013740683,mean tonnes carbon per km2,1453.0,319.6679993941635
VUT,MAIZ,agri_potential_carbon,7767.59278512647,1006.990913333461,mean tonnes carbon per km2,24.0,2.425999999642372
VAT,MAIZ,agri_potential_carbon,,,mean tonnes carbon per km2,,
VEN,MAIZ,agri_potential_carbon,7641.3732442210785,200.94747756090646,mean tonnes carbon per km2,4214.0,5499.487003364488
VNM,MAIZ,agri_potential_carbon,13651.593635836804,99.52818774797035,mean tonnes carbon per km2,3230.0,7691.520002094209
ZMB,MAIZ,agri_potential_carbon,6990.752930545228,45.4834391279851,mean tonnes carbon per km2,5960.0,10292.91900614962
ZWE,MAIZ,agri_potential_carbon,5762.310811254587,42.73888157246936,mean tonnes carbon per km2,3808.0,14476.270007879733
YEM,MAIZ,agri_potential_carbon,1456.968088111437,99.56990840910382,mean tonnes carbon per km2,1649.0,449.2489986443519
UKR,MAIZ,agri_potential_carbon,7895.179912912119,56.76143187514412,mean tonnes carbon per km2,10080.0,27566.462007028313
BHR,MAIZ,agri_potential_carbon,,,mean tonnes carbon per km2,,
KWT,MAIZ,agri_potential_carbon,65.76442101497523,41.70010274750726,mean tonnes carbon per km2,59.0,7.763000015765429
QAT,MAIZ,agri_potential_carbon,112.93798564440785,58.11177130841251,mean tonnes carbon per km2,78.0,0.8159999947994947
ARE,MAIZ,agri_potential_carbon,15.80445139931245,22.32212988694056,mean tonnes carbon per km2,131.0,1.7960000029951333
TUR,MAIZ,agri_potential_carbon,3425.6022445072067,51.74540311996391,mean tonnes carbon per km2,8930.0,5899.703003137483
ISR,MAIZ,agri_potential_carbon,3171.6240523688416,265.50629236312597,mean tonnes carbon per km2,86.0,30.10000016927719
BGD,MAIZ,agri_potential_carbon,9131.590975245648,239.53442569777542,mean tonnes carbon per km2,535.0,1482.2989995671064
MMR,MAIZ,agri_potential_carbon,8674.353321079123,230.01068559981792,mean tonnes carbon per km2,3368.0,3571.2490001841634
IND,MAIZ,agri_potential_carbon,4754.5723670807265,39.4350911719981,mean tonnes carbon per km2,29176.0,75727.19399736442
BEN,MAIZ,agri_potential_carbon,9014.339522451386,128.66268781501154,mean tonnes carbon per km2,1096.0,5590.670997016728
NER,MAIZ,agri_potential_carbon,1581.9313612886492,159.02936027205016,mean tonnes carbon per km2,2100.0,49.167999931052336
NGA,MAIZ,agri_potential_carbon,7527.612879186031,52.36456728377167,mean tonnes carbon per km2,9707.0,38363.30398431979
111,MAIZ,agri_potential_carbon,,,mean tonnes carbon per km2,,
112,MAIZ,agri_potential_carbon,,,mean tonnes carbon per km2,,
113,MAIZ,agri_potential_carbon,,,mean tonnes carbon per km2,,
114,MAIZ,agri_potential_carbon,,,mean tonnes carbon per km2,,
115,MAIZ,agri_potential_carbon,,,mean tonnes carbon per km2,,
116,MAIZ,agri_potential_carbon,,,mean tonnes carbon per km2,,
117,MAIZ,agri_potential_carbon,,,mean tonnes carbon per km2,,
118,MAIZ,agri_potential_carbon,,,mean tonnes carbon per km2,,
119,MAIZ,agri_potential_carbon,,,mean tonnes carbon per km2,,
120,MAIZ,agri_potential_carbon,,,mean tonnes carbon per km2,,
121,MAIZ,agri_potential_carbon,,,mean tonnes carbon per km2,,
122,MAIZ,agri_potential_carbon,,,mean tonnes carbon per km2,,
123,MAIZ,agri_potential_carbon,,,mean tonnes carbon per km2,,
124,MAIZ,agri_potential_carbon,,,mean tonnes carbon per km2,,
125,MAIZ,agri_potential_carbon,,,mean tonnes carbon per km2,,
126,MAIZ,agri_potential_carbon,,,mean tonnes carbon per km2,,
127,MAIZ,agri_potential_carbon,,,mean tonnes carbon per km2,,
128,MAIZ,agri_potential_carbon,,,mean tonnes carbon per km2,,
129,MAIZ,agri_potential_carbon,,,mean tonnes carbon per km2,,
ESH,MAIZ,agri_potential_carbon,,,mean tonnes carbon per km2,,
AFG,OPUL,agri_potential_carbon,603.9079041981462,33.18789827338734,mean tonnes carbon per km2,4272.0,691.2350001619756
GBR,OPUL,agri_potential_carbon,17546.384061756104,117.88092935039778,mean tonnes carbon per km2,2721.0,2119.933002150431
ALB,OPUL,agri_potential_carbon,6049.592320518037,136.42609336535295,mean tonnes carbon per km2,293.0,69.62000002861022
DZA,OPUL,agri_potential_carbon,4316.603443524194,65.5716385923475,mean tonnes carbon per km2,2657.0,436.4999998941272
USA,OPUL,agri_potential_carbon,2475.0511885999144,59.40926196752378,mean tonnes carbon per km2,6119.0,2552.0849973700942
ATA,OPUL,agri_potential_carbon,,,mean tonnes carbon per km2,,
ATG,OPUL,agri_potential_carbon,,,mean tonnes carbon per km2,,
ARG,OPUL,agri_potential_carbon,4246.951543804133,214.05547814166846,mean tonnes carbon per km2,2219.0,481.2599984392524
AND,OPUL,agri_potential_carbon,,,mean tonnes carbon per km2,,
AGO,OPUL,agri_potential_carbon,9854.4185424455,1502.1145025977532,mean tonnes carbon per km2,8.0,0.8359999966621399
ARM,OPUL,agri_potential_carbon,3603.707306431072,340.59644421343575,mean tonnes carbon per km2,157.0,0.9259999977052212
NLD,OPUL,agri_potential_carbon,10818.550919958241,168.20771408800954,mean tonnes carbon per km2,480.0,10.734999992549419
AUS,OPUL,agri_potential_carbon,4979.856275592297,37.157299538747125,mean tonnes carbon per km2,11320.0,11026.708010986224
AUT,OPUL,agri_potential_carbon,8287.770460385402,316.0615043843462,mean tonnes carbon per km2,83.0,230.79399943389
AZE,OPUL,agri_potential_carbon,3740.385790117075,241.85770908689406,mean tonnes carbon per km2,524.0,66.15800017207862
BHS,OPUL,agri_potential_carbon,,,mean tonnes carbon per km2,,
BRB,OPUL,agri_potential_carbon,12487.493385058355,898.6063481854246,mean tonnes carbon per km2,6.0,6.546000003814697
BLR,OPUL,agri_potential_carbon,14059.658288890905,81.26635784723051,mean tonnes carbon per km2,3909.0,651.5510017649084
BEL,OPUL,agri_potential_carbon,13705.342228367204,124.94027306558142,mean tonnes carbon per km2,448.0,14.282999974638223
BLZ,OPUL,agri_potential_carbon,6336.779712177666,580.5636222244805,mean tonnes carbon per km2,34.0,12.719999999999999
BTN,OPUL,agri_potential_carbon,7136.574696461899,1882.1387998910252,mean tonnes carbon per km2,45.0,17.17400004863739
BOL,OPUL,agri_potential_carbon,2480.4738477061255,315.7287656417571,mean tonnes carbon per km2,1276.0,123.63599999979138
BIH,OPUL,agri_potential_carbon,8286.161133194677,125.42438618842439,mean tonnes carbon per km2,258.0,16.112000045999885
BWA,OPUL,agri_potential_carbon,3613.6654495559887,243.40256057158896,mean tonnes carbon per km2,115.0,156.42899909019468
NOR,OPUL,agri_potential_carbon,4786.361632816789,135.1654391411037,mean tonnes carbon per km2,1791.0,16.657000033557416
COL,OPUL,agri_potential_carbon,8080.135412831987,442.79260471363585,mean tonnes carbon per km2,852.0,263.55199953772126
COM,OPUL,agri_potential_carbon,,,mean tonnes carbon per km2,,
BRA,OPUL,agri_potential_carbon,5571.515271054082,168.93019718694546,mean tonnes carbon per km2,3894.0,351.60200033538047
FRA,OPUL,agri_potential_carbon,9699.866788659667,78.27228161278671,mean tonnes carbon per km2,2061.0,2977.408999710977
COD,OPUL,agri_potential_carbon,11332.684329485222,128.7726447155033,mean tonnes carbon per km2,5690.0,1373.1149966227263
COG,OPUL,agri_potential_carbon,11707.700031899041,354.8723986053231,mean tonnes carbon per km2,586.0,28.577999897301197
NZL,OPUL,agri_potential_carbon,6950.595494996771,69.79353596102725,mean tonnes carbon per km2,757.0,94.45999967269599
BRN,OPUL,agri_potential_carbon,,,mean tonnes carbon per km2,,
BGR,OPUL,agri_potential_carbon,5789.722271021076,64.26906643275719,mean tonnes carbon per km2,1305.0,19.111999973356724
BFA,OPUL,agri_potential_carbon,3326.3519758269804,66.06578242979933,mean tonnes carbon per km2,2604.0,543.4110001263023
BDI,OPUL,agri_potential_carbon,11063.309364794051,300.55694369466363,mean tonnes carbon per km2,121.0,299.2240009403229
CPV,OPUL,agri_potential_carbon,2652.2122857591694,480.45073143945996,mean tonnes carbon per km2,36.0,152.2089995729923
KHM,OPUL,agri_potential_carbon,14233.337198496802,1268.867453331966,mean tonnes carbon per km2,4.0,5.997999992370605
CMR,OPUL,agri_potential_carbon,8329.43866092098,226.61650241377808,mean tonnes carbon per km2,147.0,407.5880001926422
CAN,OPUL,agri_potential_carbon,2557.248013331461,82.494394750322,mean tonnes carbon per km2,10394.0,12795.81105591975
CRI,OPUL,agri_potential_carbon,,,mean tonnes carbon per km2,,
CIV,OPUL,agri_potential_carbon,14440.140337220044,113.46872360328427,mean tonnes carbon per km2,3184.0,173.79700013965368
HRV,OPUL,agri_potential_carbon,9343.376693024857,131.8484766922481,mean tonnes carbon per km2,611.0,9.679999989718198
CUB,OPUL,agri_potential_carbon,,,mean tonnes carbon per km2,,
CAF,OPUL,agri_potential_carbon,7233.544767579667,157.26380679090923,mean tonnes carbon per km2,1465.0,136.58299898140132
TCD,OPUL,agri_potential_carbon,4033.5360928096907,80.54254765979437,mean tonnes carbon per km2,1487.0,155.1539999590814
CHL,OPUL,agri_potential_carbon,3601.8257227811055,95.08585357067221,mean tonnes carbon per km2,1175.0,221.89399993613364
CHN,OPUL,agri_potential_carbon,6856.50962459143,41.74376774770524,mean tonnes carbon per km2,48850.0,17820.446992666126
CYP,OPUL,agri_potential_carbon,2374.9092334613138,299.5979600773652,mean tonnes carbon per km2,105.0,4.216999982744456
CZE,OPUL,agri_potential_carbon,14130.80762700825,123.53933916519321,mean tonnes carbon per km2,1174.0,295.83600051760675
DNK,OPUL,agri_potential_carbon,13487.297818056133,450.7477348498618,mean tonnes carbon per km2,604.0,68.00000000201166
DJI,OPUL,agri_potential_carbon,,,mean tonnes carbon per km2,,
DMA,OPUL,agri_potential_carbon,9371.975019850697,2041.9974569992332,mean tonnes carbon per km2,10.0,1.0539999696612359
DOM,OPUL,agri_potential_carbon,8525.357307811933,596.5627099319739,mean tonnes carbon per km2,195.0,90.61200015068056
ECU,OPUL,agri_potential_carbon,5642.624112428933,1433.0558167841998,mean tonnes carbon per km2,20.0,140.61300055503847
EGY,OPUL,agri_potential_carbon,688.7563543892851,106.41601788164965,mean tonnes carbon per km2,378.0,607.024002046287
SLV,OPUL,agri_potential_carbon,,,mean tonnes carbon per km2,,
GNQ,OPUL,agri_potential_carbon,,,mean tonnes carbon per km2,,
ERI,OPUL,agri_potential_carbon,1766.9695835339603,170.2450134792508,mean tonnes carbon per km2,66.0,421.3019970464706
EST,OPUL,agri_potential_carbon,11074.351035617772,144.83648232331905,mean tonnes carbon per km2,855.0,64.11600000798701
ETH,OPUL,agri_potential_carbon,7363.953920798781,107.3216596618732,mean tonnes carbon per km2,2373.0,5696.321005182192
FJI,OPUL,agri_potential_carbon,11946.322986438758,564.5320539756067,mean tonnes carbon per km2,34.0,19.027000141143798
FIN,OPUL,agri_potential_carbon,12747.243714381511,157.42064315256144,mean tonnes carbon per km2,3840.0,44.99700009964407
GAB,OPUL,agri_potential_carbon,14592.876850245186,1380.133896490973,mean tonnes carbon per km2,128.0,0.4140000085532666
GMB,OPUL,agri_potential_carbon,7726.876378478178,229.0705606856384,mean tonnes carbon per km2,125.0,104.41599984742703
MAR,OPUL,agri_potential_carbon,4356.676333927388,104.29902559346273,mean tonnes carbon per km2,2165.0,2731.2280032180997
MOZ,OPUL,agri_potential_carbon,8292.044406152796,90.06996549561363,mean tonnes carbon per km2,2703.0,3013.2459966894985
NAM,OPUL,agri_potential_carbon,2120.4219002834316,109.53343407955204,mean tonnes carbon per km2,767.0,163.476999739334
GEO,OPUL,agri_potential_carbon,6237.4733341183855,375.71759260531655,mean tonnes carbon per km2,162.0,1.1220000015944245
DEU,OPUL,agri_potential_carbon,13618.478223247286,93.67196547451555,mean tonnes carbon per km2,5548.0,938.9929995037614
GHA,OPUL,agri_potential_carbon,6520.038487234048,150.58236015037068,mean tonnes carbon per km2,1368.0,2380.952996870652
GRC,OPUL,agri_potential_carbon,4723.352607486417,106.1322707983598,mean tonnes carbon per km2,1589.0,112.44799991346895
GRL,OPUL,agri_potential_carbon,,,mean tonnes carbon per km2,,
GRD,OPUL,agri_potential_carbon,13481.812930353624,0.0,mean tonnes carbon per km2,1.0,0.7219999694824218
NRU,OPUL,agri_potential_carbon,,,mean tonnes carbon per km2,,
GTM,OPUL,agri_potential_carbon,8475.499314206352,773.640991293379,mean tonnes carbon per km2,53.0,246.42500091031192
NPL,OPUL,agri_potential_carbon,9540.364942407456,224.4132977369125,mean tonnes carbon per km2,509.0,340.8010004068911
GIN,OPUL,agri_potential_carbon,9781.760788031635,360.00748300632205,mean tonnes carbon per km2,1754.0,561.2120020592213
GNB,OPUL,agri_potential_carbon,11013.653304531847,313.7549924852576,mean tonnes carbon per km2,291.0,31.29399988412857
GUY,OPUL,agri_potential_carbon,6298.250314138975,466.0997932388771,mean tonnes carbon per km2,322.0,8.264000002741813
HTI,OPUL,agri_potential_carbon,,,mean tonnes carbon per km2,,
JOR,OPUL,agri_potential_carbon,1363.1769107666369,196.27596842078358,mean tonnes carbon per km2,85.0,17.12599998228252
HND,OPUL,agri_potential_carbon,,,mean tonnes carbon per km2,,
HUN,OPUL,agri_potential_carbon,6315.823675128331,131.17487249000607,mean tonnes carbon per km2,1224.0,186.52299953967332
ISL,OPUL,agri_potential_carbon,,,mean tonnes carbon per km2,,
IDN,OPUL,agri_potential_carbon,13033.531276214559,1311.2041634196146,mean tonnes carbon per km2,728.0,19.354000118747354
IRN,OPUL,agri_potential_carbon,575.6883135392804,52.669689658975905,mean tonnes carbon per km2,5760.0,1601.846999374181
IRQ,OPUL,agri_potential_carbon,1138.4270119999144,37.48100094269094,mean tonnes carbon per km2,1897.0,54.7520000191778
IRL,OPUL,agri_potential_carbon,11029.120905296728,193.71108165727867,mean tonnes carbon per km2,1185.0,9.395000037103891
KAZ,OPUL,agri_potential_carbon,4774.0654536464035,37.44901431120022,mean tonnes carbon per km2,15194.0,660.3220003498345
KEN,OPUL,agri_potential_carbon,6445.84570501569,261.7390961208664,mean tonnes carbon per km2,776.0,729.7230017565937
KIR,OPUL,agri_potential_carbon,,,mean tonnes carbon per km2,,
PRK,OPUL,agri_potential_carbon,,,mean tonnes carbon per km2,,
KOR,OPUL,agri_potential_carbon,7694.4235746878785,165.61574565052555,mean tonnes carbon per km2,954.0,55.063000001907355
XKX,OPUL,agri_potential_carbon,7188.681056671197,218.81877186928864,mean tonnes carbon per km2,70.0,1.8079999834299088
SRB,OPUL,agri_potential_carbon,4860.976834798377,76.27263333542813,mean tonnes carbon per km2,760.0,88.40599990703166
SYC,OPUL,agri_potential_carbon,,,mean tonnes carbon per km2,,
SLE,OPUL,agri_potential_carbon,15096.881849995596,236.4848573114904,mean tonnes carbon per km2,370.0,523.3930003900825
SGP,OPUL,agri_potential_carbon,,,mean tonnes carbon per km2,,
ITA,OPUL,agri_potential_carbon,6764.159103261665,67.00281133825025,mean tonnes carbon per km2,3563.0,713.048001216501
JAM,OPUL,agri_potential_carbon,10457.95521159145,330.31651235380457,mean tonnes carbon per km2,124.0,6.920999889373778
JPN,OPUL,agri_potential_carbon,5170.866636490151,286.1251069359427,mean tonnes carbon per km2,312.0,5.704999999552966
KGZ,OPUL,agri_potential_carbon,1843.8630244827734,156.22681808835534,mean tonnes carbon per km2,356.0,18.653000076711177
LAO,OPUL,agri_potential_carbon,12549.957277747231,276.95753975269366,mean tonnes carbon per km2,809.0,140.66200028754773
LVA,OPUL,agri_potential_carbon,13528.73488637205,315.57291103938854,mean tonnes carbon per km2,1269.0,13.769000067561864
LBN,OPUL,agri_potential_carbon,4551.189423176944,279.8653350419796,mean tonnes carbon per km2,109.0,21.283000160008665
LSO,OPUL,agri_potential_carbon,4619.743732247727,122.61024225842313,mean tonnes carbon per km2,95.0,18.143000007197262
LBR,OPUL,agri_potential_carbon,16872.117674634377,734.0593990695061,mean tonnes carbon per km2,114.0,11.783000002503394
LBY,OPUL,agri_potential_carbon,362.9678416356636,87.00479851019591,mean tonnes carbon per km2,785.0,42.27800000779331
LIE,OPUL,agri_potential_carbon,,,mean tonnes carbon per km2,,
LTU,OPUL,agri_potential_carbon,12332.816058174007,178.49165811771158,mean tonnes carbon per km2,1274.0,450.81099973440166
LUX,OPUL,agri_potential_carbon,14454.362104318758,309.640783376775,mean tonnes carbon per km2,46.0,3.002999999523163
MCO,OPUL,agri_potential_carbon,,,mean tonnes carbon per km2,,
MNG,OPUL,agri_potential_carbon,3647.7241666266564,279.64966785888447,mean tonnes carbon per km2,93.0,11.795999984070662
MNE,OPUL,agri_potential_carbon,7494.028719359874,394.804552702417,mean tonnes carbon per km2,55.0,5.399000025987625
MKD,OPUL,agri_potential_carbon,5536.39583906808,275.8258320177612,mean tonnes carbon per km2,169.0,40.69499988995493
MDG,OPUL,agri_potential_carbon,5481.5971180124525,246.75239081069157,mean tonnes carbon per km2,209.0,207.94899991989138
MWI,OPUL,agri_potential_carbon,7194.229983476287,109.75104356224874,mean tonnes carbon per km2,633.0,400.73699841834605
MYS,OPUL,agri_potential_carbon,10475.431044348405,462.49020307291767,mean tonnes carbon per km2,2.0,0.19300000190734862
MDV,OPUL,agri_potential_carbon,,,mean tonnes carbon per km2,,
MLI,OPUL,agri_potential_carbon,2987.766199144808,54.04439705117152,mean tonnes carbon per km2,4659.0,378.6059998057038
MLT,OPUL,agri_potential_carbon,8435.843993297662,1205.8414208855756,mean tonnes carbon per km2,5.0,4.75
MHL,OPUL,agri_potential_carbon,,,mean tonnes carbon per km2,,
MRT,OPUL,agri_potential_carbon,1787.9715754174551,40.021858725047494,mean tonnes carbon per km2,1417.0,721.7179994329065
MUS,OPUL,agri_potential_carbon,,,mean tonnes carbon per km2,,
MEX,OPUL,agri_potential_carbon,8185.165094105331,621.0321596321575,mean tonnes carbon per km2,878.0,275.8289993990957
FSM,OPUL,agri_potential_carbon,,,mean tonnes carbon per km2,,
MDA,OPUL,agri_potential_carbon,6179.484400516825,131.97508207432674,mean tonnes carbon per km2,450.0,149.54700030744075
NIC,OPUL,agri_potential_carbon,,,mean tonnes carbon per km2,,
OMN,OPUL,agri_potential_carbon,,,mean tonnes carbon per km2,,
PAK,OPUL,agri_potential_carbon,1589.39471960833,140.0732656823532,mean tonnes carbon per km2,3239.0,2825.001995228752
PLW,OPUL,agri_potential_carbon,,,mean tonnes carbon per km2,,
PAN,OPUL,agri_potential_carbon,11274.571285004742,389.60112834795535,mean tonnes carbon per km2,172.0,49.220999689027664
PNG,OPUL,agri_potential_carbon,8244.604939786921,310.13309565138826,mean tonnes carbon per km2,813.0,26.101999756544828
PRY,OPUL,agri_potential_carbon,8287.834298187849,74.98382668358636,mean tonnes carbon per km2,3475.0,215.19799999684093
PER,OPUL,agri_potential_carbon,1676.9947091263462,148.9999756096248,mean tonnes carbon per km2,1204.0,959.8240023038536
PHL,OPUL,agri_potential_carbon,11404.447007070596,1925.4194833545555,mean tonnes carbon per km2,47.0,229.57699959278108
POL,OPUL,agri_potential_carbon,14080.64730300811,53.57925711260644,mean tonnes carbon per km2,5775.0,1320.0959998807311
PRT,OPUL,agri_potential_carbon,8577.45381961395,67.26472879923087,mean tonnes carbon per km2,1203.0,242.65000030569732
ROU,OPUL,agri_potential_carbon,4848.921478753624,57.876083760314856,mean tonnes carbon per km2,2067.0,249.548999902755
RUS,OPUL,agri_potential_carbon,6722.169494714494,38.706711876902425,mean tonnes carbon per km2,41627.0,11000.239003521876
RWA,OPUL,agri_potential_carbon,9391.9452746609,402.0839751595027,mean tonnes carbon per km2,87.0,454.41399844169626
WSM,OPUL,agri_potential_carbon,,,mean tonnes carbon per km2,,
SMR,OPUL,agri_potential_carbon,,,mean tonnes carbon per km2,,
TON,OPUL,agri_potential_carbon,,,mean tonnes carbon per km2,,
TTO,OPUL,agri_potential_carbon,15568.56527518104,708.0249511010533,mean tonnes carbon per km2,2.0,0.07099999785423279
TUN,OPUL,agri_potential_carbon,5937.972357206621,186.21793727708075,mean tonnes carbon per km2,826.0,954.2820016286522
TKM,OPUL,agri_potential_carbon,739.3465578845239,30.121213355674396,mean tonnes carbon per km2,668.0,63.24600003823638
STP,OPUL,agri_potential_carbon,,,mean tonnes carbon per km2,,
SAU,OPUL,agri_potential_carbon,382.98080758333913,14.444720587887595,mean tonnes carbon per km2,3302.0,41.96099862001836
SEN,OPUL,agri_potential_carbon,3658.571351903713,1067.9210851083694,mean tonnes carbon per km2,728.0,4.173999970778823
SVK,OPUL,agri_potential_carbon,7689.681104014366,153.68297210269802,mean tonnes carbon per km2,129.0,90.59099993228912
SVN,OPUL,agri_potential_carbon,11308.56933095308,447.1972878494144,mean tonnes carbon per km2,46.0,7.064000023603439
SLB,OPUL,agri_potential_carbon,8450.984950079855,429.27802749087687,mean tonnes carbon per km2,146.0,13.078999999463559
SOM,OPUL,agri_potential_carbon,,,mean tonnes carbon per km2,,
ZAF,OPUL,agri_potential_carbon,5305.455046590916,62.00261917340141,mean tonnes carbon per km2,4884.0,114.67500001579522
SSD,OPUL,agri_potential_carbon,4856.850596386281,110.65129571331232,mean tonnes carbon per km2,3532.0,1583.1800022272764
ESP,OPUL,agri_potential_carbon,6979.394445135567,42.80856179563732,mean tonnes carbon per km2,5725.0,3092.1799985472117
LKA,OPUL,agri_potential_carbon,,,mean tonnes carbon per km2,,
KNA,OPUL,agri_potential_carbon,13545.251239704201,488.892716456089,mean tonnes carbon per km2,3.0,1.0839999961853026
LCA,OPUL,agri_potential_carbon,9356.821071182556,972.5563182991783,mean tonnes carbon per km2,7.0,0.20200000107288363
VCT,OPUL,agri_potential_carbon,12588.481235899373,4316.291028910786,mean tonnes carbon per km2,3.0,1.8470000076293946
SDN,OPUL,agri_potential_carbon,2159.7078677958093,942.622127749168,mean tonnes carbon per km2,3.0,1.453000030517578
SUR,OPUL,agri_potential_carbon,7358.396397483182,960.1853051833308,mean tonnes carbon per km2,29.0,0.35000000387430186
SWZ,OPUL,agri_potential_carbon,8304.683090654236,187.41875274105416,mean tonnes carbon per km2,211.0,12.869999982118607
SWE,OPUL,agri_potential_carbon,11801.388027417772,239.3362496364026,mean tonnes carbon per km2,3851.0,147.8290002695471
CHE,OPUL,agri_potential_carbon,12410.37637177517,225.60717146056666,mean tonnes carbon per km2,313.0,38.66999999150633
SYR,OPUL,agri_potential_carbon,861.7631344276538,46.565385476011826,mean tonnes carbon per km2,1311.0,415.70599975295363
TWN,OPUL,agri_potential_carbon,,,mean tonnes carbon per km2,,
TJK,OPUL,agri_potential_carbon,2134.7040341996744,97.28660825771294,mean tonnes carbon per km2,582.0,110.24999983683227
TZA,OPUL,agri_potential_carbon,8413.160174477347,147.6577904366334,mean tonnes carbon per km2,1859.0,2194.5060030023005
THA,OPUL,agri_potential_carbon,11862.817081764113,266.0409675425897,mean tonnes carbon per km2,1312.0,902.0470001795888
TLS,OPUL,agri_potential_carbon,,,mean tonnes carbon per km2,,
TGO,OPUL,agri_potential_carbon,8615.621914328467,115.29315767374791,mean tonnes carbon per km2,599.0,64.39
TUV,OPUL,agri_potential_carbon,,,mean tonnes carbon per km2,,
UGA,OPUL,agri_potential_carbon,7902.680451903794,578.503343004434,mean tonnes carbon per km2,1188.0,163.75300062760712
URY,OPUL,agri_potential_carbon,3193.2241625342913,65.15599688229929,mean tonnes carbon per km2,2033.0,17.54400002382696
UZB,OPUL,agri_potential_carbon,1351.0554245901017,30.804928757213297,mean tonnes carbon per km2,1263.0,178.90200018733742
VUT,OPUL,agri_potential_carbon,,,mean tonnes carbon per km2,,
VAT,OPUL,agri_potential_carbon,,,mean tonnes carbon per km2,,
VEN,OPUL,agri_potential_carbon,6109.223816815955,1055.0194467911265,mean tonnes carbon per km2,109.0,3.9120000270754103
VNM,OPUL,agri_potential_carbon,13264.537600103606,139.9777503056599,mean tonnes carbon per km2,2461.0,1435.7569980430603
ZMB,OPUL,agri_potential_carbon,7967.511709521312,63.00167779146317,mean tonnes carbon per km2,5576.0,577.1980003360659
ZWE,OPUL,agri_potential_carbon,6603.824150092378,82.18996251004425,mean tonnes carbon per km2,2713.0,59.306999995782974
YEM,OPUL,agri_potential_carbon,2223.138913406034,173.4444314155609,mean tonnes carbon per km2,785.0,159.56899925500153
UKR,OPUL,agri_potential_carbon,7779.897901762484,106.82754651115128,mean tonnes carbon per km2,8316.0,3374.766996897906
BHR,OPUL,agri_potential_carbon,37.78318694868381,17.544220464384303,mean tonnes carbon per km2,4.0,0.05499999955296517
KWT,OPUL,agri_potential_carbon,,,mean tonnes carbon per km2,,
QAT,OPUL,agri_potential_carbon,,,mean tonnes carbon per km2,,
ARE,OPUL,agri_potential_carbon,,,mean tonnes carbon per km2,,
TUR,OPUL,agri_potential_carbon,2996.555804958384,37.68182088613644,mean tonnes carbon per km2,8857.0,1183.3180008820445
ISR,OPUL,agri_potential_carbon,3053.253150619674,279.61428930755136,mean tonnes carbon per km2,115.0,18.027000008001924
BGD,OPUL,agri_potential_carbon,10282.516383166165,294.1863296829832,mean tonnes carbon per km2,329.0,786.5509998460113
MMR,OPUL,agri_potential_carbon,7435.527530303378,190.30841280921612,mean tonnes carbon per km2,2149.0,507.845000160411
IND,OPUL,agri_potential_carbon,5674.0194476208435,44.40465204786448,mean tonnes carbon per km2,23327.0,22443.777002466246
BEN,OPUL,agri_potential_carbon,6993.520752834167,110.99246968591409,mean tonnes carbon per km2,903.0,222.66100003339352
NER,OPUL,agri_potential_carbon,1606.5300439668429,50.94939050895273,mean tonnes carbon per km2,3709.0,682.4239980260282
NGA,OPUL,agri_potential_carbon,6128.000323965112,65.78095100122866,mean tonnes carbon per km2,2902.0,1017.2380005850644
111,OPUL,agri_potential_carbon,,,mean tonnes carbon per km2,,
112,OPUL,agri_potential_carbon,,,mean tonnes carbon per km2,,
113,OPUL,agri_potential_carbon,,,mean tonnes carbon per km2,,
114,OPUL,agri_potential_carbon,,,mean tonnes carbon per km2,,
115,OPUL,agri_potential_carbon,,,mean tonnes carbon per km2,,
116,OPUL,agri_potential_carbon,,,mean tonnes carbon per km2,,
117,OPUL,agri_potential_carbon,,,mean tonnes carbon per km2,,
118,OPUL,agri_potential_carbon,,,mean tonnes carbon per km2,,
119,OPUL,agri_potential_carbon,,,mean tonnes carbon per km2,,
120,OPUL,agri_potential_carbon,,,mean tonnes carbon per km2,,
121,OPUL,agri_potential_carbon,,,mean tonnes carbon per km2,,
122,OPUL,agri_potential_carbon,,,mean tonnes carbon per km2,,
123,OPUL,agri_potential_carbon,,,mean tonnes carbon per km2,,
124,OPUL,agri_potential_carbon,,,mean tonnes carbon per km2,,
125,OPUL,agri_potential_carbon,,,mean tonnes carbon per km2,,
126,OPUL,agri_potential_carbon,,,mean tonnes carbon per km2,,
127,OPUL,agri_potential_carbon,,,mean tonnes carbon per km2,,
128,OPUL,agri_potential_carbon,,,mean tonnes carbon per km2,,
129,OPUL,agri_potential_carbon,,,mean tonnes carbon per km2,,
ESH,OPUL,agri_potential_carbon,,,mean tonnes carbon per km2,,
AFG,BEAN,agri_potential_carbon,4035.163120361923,2642.074437249901,mean tonnes carbon per km2,14.0,1.4949999839812513
GBR,BEAN,agri_potential_carbon,,,mean tonnes carbon per km2,,
ALB,BEAN,agri_potential_carbon,6311.278347897324,164.46015559262534,mean tonnes carbon per km2,405.0,138.10299991846085
DZA,BEAN,agri_potential_carbon,4399.991529172915,227.2825738166364,mean tonnes carbon per km2,325.0,13.388000056818129
USA,BEAN,agri_potential_carbon,5525.960396231418,53.73825917617845,mean tonnes carbon per km2,25858.0,6018.111997900531
ATA,BEAN,agri_potential_carbon,,,mean tonnes carbon per km2,,
ATG,BEAN,agri_potential_carbon,,,mean tonnes carbon per km2,,
ARG,BEAN,agri_potential_carbon,7194.245858527036,121.71178961572399,mean tonnes carbon per km2,2732.0,2411.8750052946807
AND,BEAN,agri_potential_carbon,,,mean tonnes carbon per km2,,
AGO,BEAN,agri_potential_carbon,7782.3219433921395,66.49241237423561,mean tonnes carbon per km2,6325.0,5510.888003162294
ARM,BEAN,agri_potential_carbon,3715.1959716167185,191.21289587985228,mean tonnes carbon per km2,362.0,18.388000078052283
NLD,BEAN,agri_potential_carbon,11029.211278095492,159.41338584387753,mean tonnes carbon per km2,467.0,15.299000027179716
AUS,BEAN,agri_potential_carbon,5584.222151032973,68.55869662314767,mean tonnes carbon per km2,7647.0,618.3370004999638
AUT,BEAN,agri_potential_carbon,7159.278784063206,1336.0315084645279,mean tonnes carbon per km2,3.0,0.03299999907612801
AZE,BEAN,agri_potential_carbon,3805.217386331135,244.8102406411726,mean tonnes carbon per km2,512.0,44.65299999743699
BHS,BEAN,agri_potential_carbon,,,mean tonnes carbon per km2,,
BRB,BEAN,agri_potential_carbon,12600.022058061611,920.1749723466912,mean tonnes carbon per km2,6.0,0.36399999737739563
BLR,BEAN,agri_potential_carbon,14423.513544498825,85.2035469983383,mean tonnes carbon per km2,3903.0,615.5120001787692
BEL,BEAN,agri_potential_carbon,14048.366684534274,152.29112807813505,mean tonnes carbon per km2,383.0,1.6430000183731317
BLZ,BEAN,agri_potential_carbon,6942.150039105625,692.5366886921735,mean tonnes carbon per km2,35.0,46.058000168800355
BTN,BEAN,agri_potential_carbon,8032.157562083772,2021.2272989404794,mean tonnes carbon per km2,23.0,21.38999997802079
BOL,BEAN,agri_potential_carbon,6517.72020847985,109.85447665546046,mean tonnes carbon per km2,3727.0,330.9519999978691
BIH,BEAN,agri_potential_carbon,8690.18609130454,169.275579737471,mean tonnes carbon per km2,365.0,89.71799980223179
BWA,BEAN,agri_potential_carbon,3280.056793753349,0.0,mean tonnes carbon per km2,1.0,0.33599998474121096
NOR,BEAN,agri_potential_carbon,,,mean tonnes carbon per km2,,
COL,BEAN,agri_potential_carbon,8920.178266442072,252.6199754569048,mean tonnes carbon per km2,2385.0,1105.1279997470974
COM,BEAN,agri_potential_carbon,,,mean tonnes carbon per km2,,
BRA,BEAN,agri_potential_carbon,5286.597921024709,51.515726352754925,mean tonnes carbon per km2,46229.0,32742.501008202285
FRA,BEAN,agri_potential_carbon,11727.374446293046,36.14983664820615,mean tonnes carbon per km2,7246.0,29.142000363022092
COD,BEAN,agri_potential_carbon,12116.588760569153,168.0790840152652,mean tonnes carbon per km2,6297.0,2847.0840060386063
COG,BEAN,agri_potential_carbon,11690.134587824417,417.7415851242289,mean tonnes carbon per km2,575.0,17.93299998670816
NZL,BEAN,agri_potential_carbon,,,mean tonnes carbon per km2,,
BRN,BEAN,agri_potential_carbon,,,mean tonnes carbon per km2,,
BGR,BEAN,agri_potential_carbon,5981.507443947716,77.12320662071895,mean tonnes carbon per km2,1598.0,13.82500003732741
BFA,BEAN,agri_potential_carbon,4893.388085495337,1083.0183765049353,mean tonnes carbon per km2,11.0,12.78300048828125
BDI,BEAN,agri_potential_carbon,10661.537690484869,212.82606966729082,mean tonnes carbon per km2,251.0,2441.626999078393
CPV,BEAN,agri_potential_carbon,,,mean tonnes carbon per km2,,
KHM,BEAN,agri_potential_carbon,12957.9764192649,133.9605864895788,mean tonnes carbon per km2,1196.0,613.9159995698185
CMR,BEAN,agri_potential_carbon,7827.853421447156,287.8013004684704,mean tonnes carbon per km2,2019.0,2712.854002918899
CAN,BEAN,agri_potential_carbon,7092.488230556118,72.82530871555782,mean tonnes carbon per km2,7454.0,1048.656999730617
CRI,BEAN,agri_potential_carbon,10511.560740889294,429.4381380684326,mean tonnes carbon per km2,431.0,195.20699971601368
CIV,BEAN,agri_potential_carbon,14521.428491947654,113.55542503222875,mean tonnes carbon per km2,3173.0,370.1000002035498
HRV,BEAN,agri_potential_carbon,9265.87623549447,121.50630683427654,mean tonnes carbon per km2,750.0,14.704000015184283
CUB,BEAN,agri_potential_carbon,12598.113160030629,174.5143698605418,mean tonnes carbon per km2,1206.0,1264.4000010544062
CAF,BEAN,agri_potential_carbon,3692.856796952476,1704.7131812639911,mean tonnes carbon per km2,6.0,0.238999999538064
TCD,BEAN,agri_potential_carbon,2372.2861144245394,40.79864507080792,mean tonnes carbon per km2,4843.0,1106.7669994143398
CHL,BEAN,agri_potential_carbon,4295.175641604357,92.65671032015275,mean tonnes carbon per km2,1474.0,142.01700034603476
CHN,BEAN,agri_potential_carbon,6801.025465230225,36.81704311884193,mean tonnes carbon per km2,51652.0,9102.434000859408
CYP,BEAN,agri_potential_carbon,2630.0412007782643,301.94861726987455,mean tonnes carbon per km2,104.0,1.414000004604459
CZE,BEAN,agri_potential_carbon,11507.548362959173,0.0,mean tonnes carbon per km2,1.0,0.0020000000298023225
DNK,BEAN,agri_potential_carbon,,,mean tonnes carbon per km2,,
DJI,BEAN,agri_potential_carbon,56.15226163314058,30.776570887190612,mean tonnes carbon per km2,3.0,28.278999633789063
DMA,BEAN,agri_potential_carbon,,,mean tonnes carbon per km2,,
DOM,BEAN,agri_potential_carbon,7616.6118866191955,307.1875899961652,mean tonnes carbon per km2,540.0,356.7849980390072
ECU,BEAN,agri_potential_carbon,9195.819736315221,491.70009604916237,mean tonnes carbon per km2,799.0,425.30399966999886
EGY,BEAN,agri_potential_carbon,1952.9085240365728,160.08226852819868,mean tonnes carbon per km2,219.0,259.5459985311329
SLV,BEAN,agri_potential_carbon,10008.789940927072,160.99783743147958,mean tonnes carbon per km2,253.0,1009.8539977836609
GNQ,BEAN,agri_potential_carbon,,,mean tonnes carbon per km2,,
ERI,BEAN,agri_potential_carbon,1537.0451522084165,68.88967919025292,mean tonnes carbon per km2,509.0,34.97300008051097
EST,BEAN,agri_potential_carbon,13266.634260891162,184.44884711744055,mean tonnes carbon per km2,648.0,1.7570000298321249
ETH,BEAN,agri_potential_carbon,7992.842118583786,92.25204784670362,mean tonnes carbon per km2,5330.0,1552.4549995274097
FJI,BEAN,agri_potential_carbon,,,mean tonnes carbon per km2,,
FIN,BEAN,agri_potential_carbon,,,mean tonnes carbon per km2,,
GAB,BEAN,agri_potential_carbon,7505.362979954172,0.0,mean tonnes carbon per km2,1.0,0.005
GMB,BEAN,agri_potential_carbon,,,mean tonnes carbon per km2,,
MAR,BEAN,agri_potential_carbon,,,mean tonnes carbon per km2,,
MOZ,BEAN,agri_potential_carbon,5990.359688823938,62.157094195397214,mean tonnes carbon per km2,5314.0,5526.5989952736345
NAM,BEAN,agri_potential_carbon,2692.878920306255,89.39615074582642,mean tonnes carbon per km2,273.0,0.353000006377697
GEO,BEAN,agri_potential_carbon,6677.437923271194,307.3303519953507,mean tonnes carbon per km2,602.0,59.16999993115664
DEU,BEAN,agri_potential_carbon,10843.119569941746,1089.2479148680452,mean tonnes carbon per km2,10.0,0.33700000233948235
GHA,BEAN,agri_potential_carbon,6685.556367376985,133.8025935835155,mean tonnes carbon per km2,816.0,1794.1819989952442
GRC,BEAN,agri_potential_carbon,5049.662721707895,91.90707101559613,mean tonnes carbon per km2,1713.0,92.08600006371736
GRL,BEAN,agri_potential_carbon,,,mean tonnes carbon per km2,,
GRD,BEAN,agri_potential_carbon,14467.087411810233,658.0409810845537,mean tonnes carbon per km2,4.0,0.7710000038146974
NRU,BEAN,agri_potential_carbon,,,mean tonnes carbon per km2,,
GTM,BEAN,agri_potential_carbon,10383.927465789606,150.74306433382048,mean tonnes carbon per km2,1002.0,2330.0780018564315
NPL,BEAN,agri_potential_carbon,9414.242608626479,280.43381008100164,mean tonnes carbon per km2,531.0,300.3949997652322
GIN,BEAN,agri_potential_carbon,11632.232580011974,945.0812099313123,mean tonnes carbon per km2,2.0,0.07899999916553498
GNB,BEAN,agri_potential_carbon,,,mean tonnes carbon per km2,,
GUY,BEAN,agri_potential_carbon,,,mean tonnes carbon per km2,,
HTI,BEAN,agri_potential_carbon,10933.662978739792,280.1851534250456,mean tonnes carbon per km2,323.0,1239.9070011109113
JOR,BEAN,agri_potential_carbon,,,mean tonnes carbon per km2,,
HND,BEAN,agri_potential_carbon,10769.920250984287,136.76488926927792,mean tonnes carbon per km2,1012.0,1023.5980010606348
HUN,BEAN,agri_potential_carbon,6427.485209230135,137.83694259207587,mean tonnes carbon per km2,1270.0,5.202000015974045
ISL,BEAN,agri_potential_carbon,,,mean tonnes carbon per km2,,
IDN,BEAN,agri_potential_carbon,9619.302259927568,225.42694034939524,mean tonnes carbon per km2,9686.0,2625.4749982826415
IRN,BEAN,agri_potential_carbon,683.8173605893569,45.99844828013485,mean tonnes carbon per km2,5033.0,990.5929998295009
IRQ,BEAN,agri_potential_carbon,1205.6543890161315,40.97628282674745,mean tonnes carbon per km2,1613.0,9.541000044792892
IRL,BEAN,agri_potential_carbon,14399.08674560601,326.12279970280105,mean tonnes carbon per km2,256.0,26.77199999906123
KAZ,BEAN,agri_potential_carbon,3066.7233505630165,1493.8255948644148,mean tonnes carbon per km2,470.0,11.315999525487424
KEN,BEAN,agri_potential_carbon,8229.483543583894,140.76661186477537,mean tonnes carbon per km2,1417.0,8220.704994989484
KIR,BEAN,agri_potential_carbon,,,mean tonnes carbon per km2,,
PRK,BEAN,agri_potential_carbon,8751.83727550961,53.882631890540274,mean tonnes carbon per km2,1581.0,3744.758997268826
KOR,BEAN,agri_potential_carbon,7649.144893487726,179.41550759371478,mean tonnes carbon per km2,977.0,56.10899995096028
XKX,BEAN,agri_potential_carbon,7543.795137239955,178.58224869379785,mean tonnes carbon per km2,137.0,33.82199996650219
SRB,BEAN,agri_potential_carbon,5905.463633509655,90.83333574029726,mean tonnes carbon per km2,1035.0,202.833000003919
SYC,BEAN,agri_potential_carbon,,,mean tonnes carbon per km2,,
SLE,BEAN,agri_potential_carbon,,,mean tonnes carbon per km2,,
SGP,BEAN,agri_potential_carbon,,,mean tonnes carbon per km2,,
ITA,BEAN,agri_potential_carbon,6737.659339311452,64.03721582538324,mean tonnes carbon per km2,3383.0,64.98900015130639
JAM,BEAN,agri_potential_carbon,11361.239555636233,465.89363552201854,mean tonnes carbon per km2,117.0,1.7380000071972603
JPN,BEAN,agri_potential_carbon,11126.098837764426,233.67904779394718,mean tonnes carbon per km2,3641.0,419.03800013884904
KGZ,BEAN,agri_potential_carbon,1832.6284655100696,145.9378231346879,mean tonnes carbon per km2,736.0,337.05999918706715
LAO,BEAN,agri_potential_carbon,13317.066265422887,294.2740824489816,mean tonnes carbon per km2,1017.0,32.66200003445148
LVA,BEAN,agri_potential_carbon,13298.897144223742,172.97772050288734,mean tonnes carbon per km2,1228.0,15.292999993413687
LBN,BEAN,agri_potential_carbon,4800.701394561365,274.4250409010844,mean tonnes carbon per km2,127.0,3.6060000263154497
LSO,BEAN,agri_potential_carbon,5188.887229934478,161.34499344819682,mean tonnes carbon per km2,203.0,172.39699987508357
LBR,BEAN,agri_potential_carbon,,,mean tonnes carbon per km2,,
LBY,BEAN,agri_potential_carbon,428.19651162331127,87.06059250854406,mean tonnes carbon per km2,619.0,3.3350000220537193
LIE,BEAN,agri_potential_carbon,,,mean tonnes carbon per km2,,
LTU,BEAN,agri_potential_carbon,12667.432945881576,213.932315964753,mean tonnes carbon per km2,1059.0,24.564999994710085
LUX,BEAN,agri_potential_carbon,14722.815368817284,334.7864173649567,mean tonnes carbon per km2,46.0,0.5419999982416631
MCO,BEAN,agri_potential_carbon,,,mean tonnes carbon per km2,,
MNG,BEAN,agri_potential_carbon,,,mean tonnes carbon per km2,,
MNE,BEAN,agri_potential_carbon,9177.301196472163,338.9555452857721,mean tonnes carbon per km2,173.0,6.991000011041761
MKD,BEAN,agri_potential_carbon,6161.504016041392,280.4868825440008,mean tonnes carbon per km2,229.0,50.652000023052096
MDG,BEAN,agri_potential_carbon,9510.86453061683,184.41028559203525,mean tonnes carbon per km2,3496.0,694.0799997045845
MWI,BEAN,agri_potential_carbon,7050.493941043695,97.18508168082866,mean tonnes carbon per km2,951.0,2795.5359967733175
MYS,BEAN,agri_potential_carbon,14180.27086509492,1316.148385482494,mean tonnes carbon per km2,2.0,0.014999999552965163
MDV,BEAN,agri_potential_carbon,,,mean tonnes carbon per km2,,
MLI,BEAN,agri_potential_carbon,4177.915892946893,858.9254337526212,mean tonnes carbon per km2,5.0,1.0139999735355378
MLT,BEAN,agri_potential_carbon,7860.195143360939,1284.6463391278633,mean tonnes carbon per km2,5.0,1.4860000038146972
MHL,BEAN,agri_potential_carbon,,,mean tonnes carbon per km2,,
MRT,BEAN,agri_potential_carbon,2039.4574160518268,48.23278756394352,mean tonnes carbon per km2,1453.0,102.81200017914176
MUS,BEAN,agri_potential_carbon,,,mean tonnes carbon per km2,,
MEX,BEAN,agri_potential_carbon,5277.172963799243,163.26235059391269,mean tonnes carbon per km2,10393.0,11333.893995093851
FSM,BEAN,agri_potential_carbon,,,mean tonnes carbon per km2,,
MDA,BEAN,agri_potential_carbon,6209.549165997693,133.2469392985769,mean tonnes carbon per km2,450.0,144.0180000716448
NIC,BEAN,agri_potential_carbon,10667.580461403853,127.17500980768722,mean tonnes carbon per km2,1113.0,2546.882998942882
OMN,BEAN,agri_potential_carbon,,,mean tonnes carbon per km2,,
PAK,BEAN,agri_potential_carbon,2770.916448500101,135.89805362481167,mean tonnes carbon per km2,3249.0,1744.167998124957
PLW,BEAN,agri_potential_carbon,,,mean tonnes carbon per km2,,
PAN,BEAN,agri_potential_carbon,11771.231389993023,528.6198742378343,mean tonnes carbon per km2,553.0,80.20500017903746
PNG,BEAN,agri_potential_carbon,,,mean tonnes carbon per km2,,
PRY,BEAN,agri_potential_carbon,8080.107198597502,77.2864542417076,mean tonnes carbon per km2,3091.0,599.985000662431
PER,BEAN,agri_potential_carbon,2711.460541044592,393.80359827644804,mean tonnes carbon per km2,1162.0,714.7690037243068
PHL,BEAN,agri_potential_carbon,14268.02329220761,85.51610765846675,mean tonnes carbon per km2,2320.0,402.45399970956146
POL,BEAN,agri_potential_carbon,14011.104818945301,54.40754421084741,mean tonnes carbon per km2,5775.0,165.54899996951224
PRT,BEAN,agri_potential_carbon,8713.612952848154,63.706144306650955,mean tonnes carbon per km2,1292.0,35.452000003084535
ROU,BEAN,agri_potential_carbon,5948.815543747124,63.067583214260395,mean tonnes carbon per km2,3432.0,262.3110002706945
RUS,BEAN,agri_potential_carbon,7049.772767699944,54.33176772573364,mean tonnes carbon per km2,20997.0,29.007000430598854
RWA,BEAN,agri_potential_carbon,12318.844828653408,376.41240696277714,mean tonnes carbon per km2,187.0,1910.9360093116761
WSM,BEAN,agri_potential_carbon,,,mean tonnes carbon per km2,,
SMR,BEAN,agri_potential_carbon,,,mean tonnes carbon per km2,,
TON,BEAN,agri_potential_carbon,,,mean tonnes carbon per km2,,
TTO,BEAN,agri_potential_carbon,,,mean tonnes carbon per km2,,
TUN,BEAN,agri_potential_carbon,6022.2434954610035,186.53751339539366,mean tonnes carbon per km2,356.0,1.5070000183582306
TKM,BEAN,agri_potential_carbon,172.56733689648433,0.0,mean tonnes carbon per km2,1.0,0.025
STP,BEAN,agri_potential_carbon,,,mean tonnes carbon per km2,,
SAU,BEAN,agri_potential_carbon,,,mean tonnes carbon per km2,,
SEN,BEAN,agri_potential_carbon,1924.5522286671473,1596.3292458439364,mean tonnes carbon per km2,3.0,0.5260000038146972
SVK,BEAN,agri_potential_carbon,10138.616826824653,132.47475571207582,mean tonnes carbon per km2,680.0,1.9880000365525485
SVN,BEAN,agri_potential_carbon,10608.293262296293,231.52446408833802,mean tonnes carbon per km2,256.0,3.100999999493361
SLB,BEAN,agri_potential_carbon,,,mean tonnes carbon per km2,,
SOM,BEAN,agri_potential_carbon,2101.5251028721686,97.38602584765293,mean tonnes carbon per km2,1801.0,794.2429999990761
ZAF,BEAN,agri_potential_carbon,5545.48059249332,55.781482431715865,mean tonnes carbon per km2,7481.0,431.4410000324249
SSD,BEAN,agri_potential_carbon,4856.678769637293,420.0382945458487,mean tonnes carbon per km2,3477.0,64.15899971865119
ESP,BEAN,agri_potential_carbon,7205.117432170254,39.52080764800084,mean tonnes carbon per km2,6426.0,73.1470000781864
LKA,BEAN,agri_potential_carbon,7993.415509451614,239.14825353818765,mean tonnes carbon per km2,646.0,86.12100012511016
KNA,BEAN,agri_potential_carbon,,,mean tonnes carbon per km2,,
LCA,BEAN,agri_potential_carbon,,,mean tonnes carbon per km2,,
VCT,BEAN,agri_potential_carbon,,,mean tonnes carbon per km2,,
SDN,BEAN,agri_potential_carbon,2549.847000697525,1102.29389115447,mean tonnes carbon per km2,4.0,0.30099999606609346
SUR,BEAN,agri_potential_carbon,,,mean tonnes carbon per km2,,
SWZ,BEAN,agri_potential_carbon,8143.9136788560245,197.40088177195517,mean tonnes carbon per km2,224.0,33.469000052213666
SWE,BEAN,agri_potential_carbon,14990.580704789805,180.56090892458866,mean tonnes carbon per km2,1586.0,6.028000064343214
CHE,BEAN,agri_potential_carbon,,,mean tonnes carbon per km2,,
SYR,BEAN,agri_potential_carbon,1018.368663144272,62.526228575696564,mean tonnes carbon per km2,1093.0,9.029000027552247
TWN,BEAN,agri_potential_carbon,19285.473506086557,1158.1217386321275,mean tonnes carbon per km2,57.0,52.16600008256734
TJK,BEAN,agri_potential_carbon,2560.5819240113615,134.23276166645235,mean tonnes carbon per km2,579.0,35.44100006110966
TZA,BEAN,agri_potential_carbon,8689.814255451034,63.505683551199496,mean tonnes carbon per km2,4993.0,6063.41900622949
THA,BEAN,agri_potential_carbon,9333.16226455843,106.30901495161923,mean tonnes carbon per km2,4750.0,1357.5029993011058
TLS,BEAN,agri_potential_carbon,11466.973180924422,312.241154628221,mean tonnes carbon per km2,140.0,60.37299993500113
TGO,BEAN,agri_potential_carbon,7710.48726341449,148.52795609929765,mean tonnes carbon per km2,599.0,2005.7009976196289
TUV,BEAN,agri_potential_carbon,,,mean tonnes carbon per km2,,
UGA,BEAN,agri_potential_carbon,8251.48210917367,165.8159462964556,mean tonnes carbon per km2,2029.0,5036.450997808501
URY,BEAN,agri_potential_carbon,3186.693930959851,65.82939701876069,mean tonnes carbon per km2,2062.0,55.39300015255809
UZB,BEAN,agri_potential_carbon,949.5983783188078,310.76992995559624,mean tonnes carbon per km2,7.0,0.11999999716877938
VUT,BEAN,agri_potential_carbon,,,mean tonnes carbon per km2,,
VAT,BEAN,agri_potential_carbon,,,mean tonnes carbon per km2,,
VEN,BEAN,agri_potential_carbon,7623.314334108325,229.91246643059299,mean tonnes carbon per km2,3155.0,528.7020006690175
VNM,BEAN,agri_potential_carbon,13583.307238331185,104.06622870963811,mean tonnes carbon per km2,2959.0,2023.6890010364355
ZMB,BEAN,agri_potential_carbon,7712.901334275004,971.7186007782051,mean tonnes carbon per km2,23.0,21.38699995473027
ZWE,BEAN,agri_potential_carbon,5687.614096338848,58.33853371615808,mean tonnes carbon per km2,3788.0,624.17399977386
YEM,BEAN,agri_potential_carbon,1951.181418658196,128.0840468655196,mean tonnes carbon per km2,739.0,13.82100006133318
UKR,BEAN,agri_potential_carbon,7911.536862470664,57.304340320730404,mean tonnes carbon per km2,10203.0,224.3769999051839
BHR,BEAN,agri_potential_carbon,,,mean tonnes carbon per km2,,
KWT,BEAN,agri_potential_carbon,,,mean tonnes carbon per km2,,
QAT,BEAN,agri_potential_carbon,,,mean tonnes carbon per km2,,
ARE,BEAN,agri_potential_carbon,,,mean tonnes carbon per km2,,
TUR,BEAN,agri_potential_carbon,3060.870222638457,35.770776114875765,mean tonnes carbon per km2,10676.0,980.5919993232935
ISR,BEAN,agri_potential_carbon,,,mean tonnes carbon per km2,,
BGD,BEAN,agri_potential_carbon,10584.632177768219,186.10945733265802,mean tonnes carbon per km2,348.0,455.64300224095587
MMR,BEAN,agri_potential_carbon,7885.782558105495,125.66927578648772,mean tonnes carbon per km2,3440.0,26864.441018151043
IND,BEAN,agri_potential_carbon,3547.6013655036786,40.67396412688137,mean tonnes carbon per km2,30228.0,90999.04099749312
BEN,BEAN,agri_potential_carbon,7007.383115981076,78.3710089456432,mean tonnes carbon per km2,990.0,837.8850007204711
NER,BEAN,agri_potential_carbon,1931.2164649901472,27.86740765101884,mean tonnes carbon per km2,3230.0,271.84699997723106
NGA,BEAN,agri_potential_carbon,8905.73759026837,1682.0467455233197,mean tonnes carbon per km2,25.0,27.87900025486946
111,BEAN,agri_potential_carbon,,,mean tonnes carbon per km2,,
112,BEAN,agri_potential_carbon,,,mean tonnes carbon per km2,,
113,BEAN,agri_potential_carbon,,,mean tonnes carbon per km2,,
114,BEAN,agri_potential_carbon,,,mean tonnes carbon per km2,,
115,BEAN,agri_potential_carbon,,,mean tonnes carbon per km2,,
116,BEAN,agri_potential_carbon,,,mean tonnes carbon per km2,,
117,BEAN,agri_potential_carbon,,,mean tonnes carbon per km2,,
118,BEAN,agri_potential_carbon,,,mean tonnes carbon per km2,,
119,BEAN,agri_potential_carbon,,,mean tonnes carbon per km2,,
120,BEAN,agri_potential_carbon,,,mean tonnes carbon per km2,,
121,BEAN,agri_potential_carbon,,,mean tonnes carbon per km2,,
122,BEAN,agri_potential_carbon,,,mean tonnes carbon per km2,,
123,BEAN,agri_potential_carbon,,,mean tonnes carbon per km2,,
124,BEAN,agri_potential_carbon,,,mean tonnes carbon per km2,,
125,BEAN,agri_potential_carbon,,,mean tonnes carbon per km2,,
126,BEAN,agri_potential_carbon,,,mean tonnes carbon per km2,,
127,BEAN,agri_potential_carbon,,,mean tonnes carbon per km2,,
128,BEAN,agri_potential_carbon,,,mean tonnes carbon per km2,,
129,BEAN,agri_potential_carbon,,,mean tonnes carbon per km2,,
ESH,BEAN,agri_potential_carbon,,,mean tonnes carbon per km2,,
AFG,TEMF,agri_potential_carbon,994.4864602652907,99.42988256891728,mean tonnes carbon per km2,3569.0,1038.1949974339454
GBR,TEMF,agri_potential_carbon,17252.644301963515,96.61861489659258,mean tonnes carbon per km2,2849.0,270.3219999437034
ALB,TEMF,agri_potential_carbon,6246.1151029623425,154.5316179938505,mean tonnes carbon per km2,350.0,238.1099998188019
DZA,TEMF,agri_potential_carbon,3507.9758071464994,137.96582232226774,mean tonnes carbon per km2,1458.0,2251.4670030695943
USA,TEMF,agri_potential_carbon,5755.787299462147,157.07061402777205,mean tonnes carbon per km2,37356.0,7576.840982757434
ATA,TEMF,agri_potential_carbon,,,mean tonnes carbon per km2,,
ATG,TEMF,agri_potential_carbon,,,mean tonnes carbon per km2,,
ARG,TEMF,agri_potential_carbon,924.2802702864052,150.1301138864286,mean tonnes carbon per km2,5478.0,3119.701988781244
AND,TEMF,agri_potential_carbon,,,mean tonnes carbon per km2,,
AGO,TEMF,agri_potential_carbon,7254.39110001284,89.27320126983044,mean tonnes carbon per km2,4291.0,67.99000004932284
ARM,TEMF,agri_potential_carbon,3275.8932609572976,296.70783516566144,mean tonnes carbon per km2,272.0,439.5480004738272
NLD,TEMF,agri_potential_carbon,10232.85818269919,187.86796960249507,mean tonnes carbon per km2,583.0,204.95599987581372
AUS,TEMF,agri_potential_carbon,7270.3380238798,56.15422641663406,mean tonnes carbon per km2,11753.0,2217.351000252291
AUT,TEMF,agri_potential_carbon,9487.848545377154,179.65800457855053,mean tonnes carbon per km2,501.0,785.4740009126067
AZE,TEMF,agri_potential_carbon,4268.9875105628025,159.73370528677182,mean tonnes carbon per km2,834.0,734.6180022493005
BHS,TEMF,agri_potential_carbon,,,mean tonnes carbon per km2,,
BRB,TEMF,agri_potential_carbon,12445.027215985254,886.7427717485397,mean tonnes carbon per km2,6.0,0.8339999866485596
BLR,TEMF,agri_potential_carbon,14848.206470633897,109.03700584840047,mean tonnes carbon per km2,2387.0,939.2169994798303
BEL,TEMF,agri_potential_carbon,14081.021361944448,267.38951581801206,mean tonnes carbon per km2,293.0,198.78699979752304
BLZ,TEMF,agri_potential_carbon,6893.882484261605,711.2359516658826,mean tonnes carbon per km2,35.0,4.988000012561679
BTN,TEMF,agri_potential_carbon,5485.374556393689,1166.9289947511186,mean tonnes carbon per km2,83.0,43.591999724283816
BOL,TEMF,agri_potential_carbon,5406.423702556137,516.6403023341829,mean tonnes carbon per km2,3459.0,121.15000029839575
BIH,TEMF,agri_potential_carbon,8400.988671917985,135.6801104234693,mean tonnes carbon per km2,488.0,1268.7329970183969
BWA,TEMF,agri_potential_carbon,3616.614711046223,77.62786937794742,mean tonnes carbon per km2,653.0,17.607000021412965
NOR,TEMF,agri_potential_carbon,5483.543737032507,121.3157648268876,mean tonnes carbon per km2,2104.0,35.32600001007319
COL,TEMF,agri_potential_carbon,8778.429190999886,396.46007289521907,mean tonnes carbon per km2,929.0,828.7559984757751
COM,TEMF,agri_potential_carbon,,,mean tonnes carbon per km2,,
BRA,TEMF,agri_potential_carbon,4946.199675751937,138.33110037871572,mean tonnes carbon per km2,8384.0,1414.8250024744125
FRA,TEMF,agri_potential_carbon,9512.875886203336,73.51865506965216,mean tonnes carbon per km2,7073.0,8947.31700231865
COD,TEMF,agri_potential_carbon,12230.434721477728,116.00973199560178,mean tonnes carbon per km2,10179.0,107.12500016145408
COG,TEMF,agri_potential_carbon,11905.161101069498,423.1498690946055,mean tonnes carbon per km2,588.0,21.942000008225442
NZL,TEMF,agri_potential_carbon,7868.76411701071,94.47192900758408,mean tonnes carbon per km2,1493.0,622.9950000681729
BRN,TEMF,agri_potential_carbon,14399.769892492572,811.376469441331,mean tonnes carbon per km2,37.0,7.976999989897013
BGR,TEMF,agri_potential_carbon,6037.998002902658,63.93558842609284,mean tonnes carbon per km2,1516.0,1472.7860006266833
BFA,TEMF,agri_potential_carbon,3755.6690482952704,88.69769620020793,mean tonnes carbon per km2,2668.0,122.17099990017712
BDI,TEMF,agri_potential_carbon,10886.664553920367,170.02200810826093,mean tonnes carbon per km2,233.0,237.44899987697602
CPV,TEMF,agri_potential_carbon,3546.378944161062,558.0010909847911,mean tonnes carbon per km2,35.0,6.537999994754791
KHM,TEMF,agri_potential_carbon,13297.134298046101,172.1128298072636,mean tonnes carbon per km2,1454.0,125.07700027294456
CMR,TEMF,agri_potential_carbon,6754.328425013247,147.92131431274922,mean tonnes carbon per km2,2495.0,200.64199978873134
CAN,TEMF,agri_potential_carbon,9646.973532724392,253.67516759411916,mean tonnes carbon per km2,2520.0,742.3899983846395
CRI,TEMF,agri_potential_carbon,9015.379942650286,755.5785129891874,mean tonnes carbon per km2,65.0,330.01500006034973
CIV,TEMF,agri_potential_carbon,14500.905783077313,114.28910841637916,mean tonnes carbon per km2,3112.0,33.507999981716274
HRV,TEMF,agri_potential_carbon,9144.412621399046,122.55579344505723,mean tonnes carbon per km2,756.0,567.5350002260507
CUB,TEMF,agri_potential_carbon,12432.400469001563,145.13653447945694,mean tonnes carbon per km2,1210.0,257.25600000351665
CAF,TEMF,agri_potential_carbon,4501.312727128687,1502.0360988693326,mean tonnes carbon per km2,5.0,0.027000000029802323
TCD,TEMF,agri_potential_carbon,2329.360022144852,42.16929071116625,mean tonnes carbon per km2,4853.0,118.92600023135543
CHL,TEMF,agri_potential_carbon,3431.3996970440203,105.54817579218313,mean tonnes carbon per km2,1290.0,3194.649005592167
CHN,TEMF,agri_potential_carbon,6274.563383690868,52.07315838095974,mean tonnes carbon per km2,50018.0,70528.02203196264
CYP,TEMF,agri_potential_carbon,4342.438508344634,304.47480574194674,mean tonnes carbon per km2,111.0,108.58100012302398
CZE,TEMF,agri_potential_carbon,9521.044161293303,202.93783578024053,mean tonnes carbon per km2,456.0,389.9100003880262
DNK,TEMF,agri_potential_carbon,15004.281860225881,195.25159458039963,mean tonnes carbon per km2,875.0,52.91600003376603
DJI,TEMF,agri_potential_carbon,,,mean tonnes carbon per km2,,
DMA,TEMF,agri_potential_carbon,7619.174510511582,593.3962633536973,mean tonnes carbon per km2,9.0,1.3080000019073488
DOM,TEMF,agri_potential_carbon,6226.595601909748,461.3485757640124,mean tonnes carbon per km2,549.0,95.3999999152869
ECU,TEMF,agri_potential_carbon,9101.340371016704,517.2072556407871,mean tonnes carbon per km2,421.0,288.0849994701892
EGY,TEMF,agri_potential_carbon,3057.2463195669775,170.38783614370203,mean tonnes carbon per km2,650.0,1553.0000015592573
SLV,TEMF,agri_potential_carbon,9904.214702804024,135.04156696409922,mean tonnes carbon per km2,238.0,54.62700020030141
GNQ,TEMF,agri_potential_carbon,,,mean tonnes carbon per km2,,
ERI,TEMF,agri_potential_carbon,1522.9940474532264,71.13297756609956,mean tonnes carbon per km2,506.0,6.5550000070780525
EST,TEMF,agri_potential_carbon,11141.008349171192,145.46645347664847,mean tonnes carbon per km2,855.0,71.05599999174476
ETH,TEMF,agri_potential_carbon,6773.668220232217,221.90411487051878,mean tonnes carbon per km2,3531.0,137.00700044237078
FJI,TEMF,agri_potential_carbon,12366.437842492443,670.2327898328042,mean tonnes carbon per km2,36.0,10.866000057458878
FIN,TEMF,agri_potential_carbon,10583.247552601148,201.55073851872672,mean tonnes carbon per km2,3691.0,59.31800009943545
GAB,TEMF,agri_potential_carbon,13129.522262893463,718.2251926719988,mean tonnes carbon per km2,278.0,17.64099997207522
GMB,TEMF,agri_potential_carbon,7848.410103837005,244.4940768675432,mean tonnes carbon per km2,124.0,14.322000052928924
MAR,TEMF,agri_potential_carbon,2512.253245411766,246.35398308781674,mean tonnes carbon per km2,760.0,1173.2510002832116
MOZ,TEMF,agri_potential_carbon,6910.201757236429,34.16763856703469,mean tonnes carbon per km2,6221.0,261.2520001993328
NAM,TEMF,agri_potential_carbon,2538.3978379324803,71.01854376013736,mean tonnes carbon per km2,1356.0,71.97600002862512
GEO,TEMF,agri_potential_carbon,7537.783197689801,236.6015802143996,mean tonnes carbon per km2,780.0,720.7320019058138
DEU,TEMF,agri_potential_carbon,12729.947242345866,125.84243635857983,mean tonnes carbon per km2,3465.0,1773.1899966545404
GHA,TEMF,agri_potential_carbon,5458.415773445459,1189.5168629286427,mean tonnes carbon per km2,7.0,0.21999999932944772
GRC,TEMF,agri_potential_carbon,5076.415859483869,77.26753262083871,mean tonnes carbon per km2,1387.0,1855.3889990246296
GRL,TEMF,agri_potential_carbon,,,mean tonnes carbon per km2,,
GRD,TEMF,agri_potential_carbon,14355.7601070466,577.6191716456782,mean tonnes carbon per km2,5.0,8.216000022888183
NRU,TEMF,agri_potential_carbon,,,mean tonnes carbon per km2,,
GTM,TEMF,agri_potential_carbon,10066.491715291508,412.93737035516006,mean tonnes carbon per km2,106.0,265.9760019073636
NPL,TEMF,agri_potential_carbon,9774.297388224511,351.17551808520034,mean tonnes carbon per km2,572.0,809.1419977561384
GIN,TEMF,agri_potential_carbon,6522.291082990416,2213.85035116464,mean tonnes carbon per km2,3.0,0.05999999798834324
GNB,TEMF,agri_potential_carbon,12472.527431752153,662.4114683592687,mean tonnes carbon per km2,101.0,19.063000017702578
GUY,TEMF,agri_potential_carbon,7679.333419301417,503.0142131709543,mean tonnes carbon per km2,309.0,8.115999997034669
HTI,TEMF,agri_potential_carbon,12428.396658549438,506.825531418497,mean tonnes carbon per km2,115.0,107.79999976024034
JOR,TEMF,agri_potential_carbon,651.8803930327249,93.76826370384144,mean tonnes carbon per km2,243.0,120.50299999080599
HND,TEMF,agri_potential_carbon,10547.933299207278,114.80110298934441,mean tonnes carbon per km2,1006.0,59.68300003126264
HUN,TEMF,agri_potential_carbon,7141.500385702611,84.38374362333752,mean tonnes carbon per km2,1341.0,1549.2000017881394
ISL,TEMF,agri_potential_carbon,,,mean tonnes carbon per km2,,
IDN,TEMF,agri_potential_carbon,7692.606624991489,193.38013462241778,mean tonnes carbon per km2,1145.0,963.9680007310212
IRN,TEMF,agri_potential_carbon,335.63607827108046,28.37732804889404,mean tonnes carbon per km2,7918.0,6821.083006960303
IRQ,TEMF,agri_potential_carbon,367.6344396879617,20.471306618323457,mean tonnes carbon per km2,1456.0,622.8449994809181
IRL,TEMF,agri_potential_carbon,12057.201099399022,209.03554384992023,mean tonnes carbon per km2,1220.0,25.34700003646314
KAZ,TEMF,agri_potential_carbon,5367.332452239269,34.68609805816149,mean tonnes carbon per km2,14778.0,566.0970007706434
KEN,TEMF,agri_potential_carbon,9510.797936169602,394.4216851215399,mean tonnes carbon per km2,548.0,105.97500032491982
KIR,TEMF,agri_potential_carbon,,,mean tonnes carbon per km2,,
PRK,TEMF,agri_potential_carbon,8759.767435271224,53.9321033831921,mean tonnes carbon per km2,1349.0,2050.2789988990125
KOR,TEMF,agri_potential_carbon,7274.053409959795,154.14049987621905,mean tonnes carbon per km2,1201.0,1134.6049998024107
XKX,TEMF,agri_potential_carbon,7500.647275269125,168.90553603656036,mean tonnes carbon per km2,129.0,80.26600046426057
SRB,TEMF,agri_potential_carbon,6025.428649165803,95.27567432223022,mean tonnes carbon per km2,1084.0,3421.8460064743463
SYC,TEMF,agri_potential_carbon,0.0,0.0,mean tonnes carbon per km2,2.0,0.027000001072883608
SLE,TEMF,agri_potential_carbon,15210.389926805734,230.27369443156914,mean tonnes carbon per km2,370.0,75.11500008165837
SGP,TEMF,agri_potential_carbon,16130.535715109761,696.4982787072306,mean tonnes carbon per km2,9.0,0.027000000402331352
ITA,TEMF,agri_potential_carbon,6935.738317097601,58.41621647299874,mean tonnes carbon per km2,3950.0,10750.175006028414
JAM,TEMF,agri_potential_carbon,,,mean tonnes carbon per km2,,
JPN,TEMF,agri_potential_carbon,8770.177414236605,223.5721835524099,mean tonnes carbon per km2,3911.0,1154.1889981874078
KGZ,TEMF,agri_potential_carbon,2394.310748389428,74.912958276789,mean tonnes carbon per km2,585.0,512.6350001253188
LAO,TEMF,agri_potential_carbon,12582.228758954865,224.96418521875893,mean tonnes carbon per km2,1583.0,98.4119997856766
LVA,TEMF,agri_potential_carbon,12746.184787833543,174.19361662106695,mean tonnes carbon per km2,1263.0,61.44600005552173
LBN,TEMF,agri_potential_carbon,5307.183011516321,295.1008327366645,mean tonnes carbon per km2,111.0,407.98200143337255
LSO,TEMF,agri_potential_carbon,4789.431507209604,135.9446890928442,mean tonnes carbon per km2,142.0,39.75700008124113
LBR,TEMF,agri_potential_carbon,,,mean tonnes carbon per km2,,
LBY,TEMF,agri_potential_carbon,762.1605695439537,108.33553030467705,mean tonnes carbon per km2,1035.0,236.72699976429342
LIE,TEMF,agri_potential_carbon,,,mean tonnes carbon per km2,,
LTU,TEMF,agri_potential_carbon,12137.128987446951,151.64503959733955,mean tonnes carbon per km2,1264.0,223.41400032892824
LUX,TEMF,agri_potential_carbon,13688.928611759326,416.01555278445954,mean tonnes carbon per km2,20.0,14.36700008869171
MCO,TEMF,agri_potential_carbon,,,mean tonnes carbon per km2,,
MNG,TEMF,agri_potential_carbon,2988.4914549414243,467.8808308450832,mean tonnes carbon per km2,265.0,12.899999867826699
MNE,TEMF,agri_potential_carbon,7747.2995474683685,468.6902103068625,mean tonnes carbon per km2,131.0,152.80000046953558
MKD,TEMF,agri_potential_carbon,6170.962161434875,335.24000270696257,mean tonnes carbon per km2,235.0,507.6769999844582
MDG,TEMF,agri_potential_carbon,8812.053306443711,99.74182744949532,mean tonnes carbon per km2,4542.0,94.89499996170403
MWI,TEMF,agri_potential_carbon,6784.450106080903,63.575139617835745,mean tonnes carbon per km2,590.0,422.7389997748286
MYS,TEMF,agri_potential_carbon,13872.475537943777,994.5672818632039,mean tonnes carbon per km2,30.0,119.03600155591963
MDV,TEMF,agri_potential_carbon,,,mean tonnes carbon per km2,,
MLI,TEMF,agri_potential_carbon,2741.3839043293046,120.61196072088775,mean tonnes carbon per km2,781.0,1.849000022187829
MLT,TEMF,agri_potential_carbon,8423.008954861418,1094.6543108681744,mean tonnes carbon per km2,6.0,20.861000061035156
MHL,TEMF,agri_potential_carbon,,,mean tonnes carbon per km2,,
MRT,TEMF,agri_potential_carbon,2337.0577033103677,86.14738443382068,mean tonnes carbon per km2,1338.0,6.903000036552548
MUS,TEMF,agri_potential_carbon,10079.65886676351,1129.0226866010137,mean tonnes carbon per km2,23.0,4.90200006723404
MEX,TEMF,agri_potential_carbon,3727.3700192944425,364.7530370442715,mean tonnes carbon per km2,2182.0,1933.5639955545216
FSM,TEMF,agri_potential_carbon,0.0,0.0,mean tonnes carbon per km2,3.0,0.060999999046325686
MDA,TEMF,agri_potential_carbon,6605.95643063732,148.36361212501308,mean tonnes carbon per km2,464.0,2178.1540095734595
NIC,TEMF,agri_potential_carbon,10339.116750521225,107.83785178461187,mean tonnes carbon per km2,1119.0,28.32499993160367
OMN,TEMF,agri_potential_carbon,1.5941283752446065,4.9287799910647845,mean tonnes carbon per km2,7.0,0.289999999627471
PAK,TEMF,agri_potential_carbon,413.78427636738684,92.66039336207938,mean tonnes carbon per km2,1157.0,2198.0940046450496
PLW,TEMF,agri_potential_carbon,,,mean tonnes carbon per km2,,
PAN,TEMF,agri_potential_carbon,11585.42880320908,317.5041835521128,mean tonnes carbon per km2,512.0,30.258000030666594
PNG,TEMF,agri_potential_carbon,8564.543810721694,273.14244192060823,mean tonnes carbon per km2,776.0,662.5809996706247
PRY,TEMF,agri_potential_carbon,6032.079543610123,67.84864028632467,mean tonnes carbon per km2,3472.0,28.316000087037686
PER,TEMF,agri_potential_carbon,589.9218829035528,240.38430980723828,mean tonnes carbon per km2,505.0,500.5199983277172
PHL,TEMF,agri_potential_carbon,14507.614027450698,73.87873036272369,mean tonnes carbon per km2,2665.0,936.8560000241548
POL,TEMF,agri_potential_carbon,15111.316095106955,70.70014121934017,mean tonnes carbon per km2,4875.0,3960.5600026603042
PRT,TEMF,agri_potential_carbon,8791.077949610377,84.59153124541639,mean tonnes carbon per km2,1309.0,2217.0460022859274
ROU,TEMF,agri_potential_carbon,4982.416375850053,58.74102097208231,mean tonnes carbon per km2,3069.0,3339.4680002149194
RUS,TEMF,agri_potential_carbon,6847.444325321227,33.105231496648074,mean tonnes carbon per km2,42947.0,4415.1389993921675
RWA,TEMF,agri_potential_carbon,11831.658776512759,731.5065044183377,mean tonnes carbon per km2,43.0,67.74400053240359
WSM,TEMF,agri_potential_carbon,,,mean tonnes carbon per km2,,
SMR,TEMF,agri_potential_carbon,,,mean tonnes carbon per km2,,
TON,TEMF,agri_potential_carbon,3277.1793320926104,1540.0020098792827,mean tonnes carbon per km2,3.0,2.034000091552734
TTO,TEMF,agri_potential_carbon,11844.346530800094,1165.4535399940344,mean tonnes carbon per km2,40.0,73.79199985027313
TUN,TEMF,agri_potential_carbon,2677.87759999971,144.25382281796075,mean tonnes carbon per km2,853.0,1030.7859993028642
TKM,TEMF,agri_potential_carbon,619.0117456712909,46.06137377842147,mean tonnes carbon per km2,466.0,286.7370006918907
STP,TEMF,agri_potential_carbon,2225.095299647655,1069.4183534863746,mean tonnes carbon per km2,11.0,2.8950000190734864
SAU,TEMF,agri_potential_carbon,259.78129435518025,24.381387456843214,mean tonnes carbon per km2,3263.0,593.5140000406652
SEN,TEMF,agri_potential_carbon,4550.474306465688,121.80766614209749,mean tonnes carbon per km2,1345.0,38.74400007598102
SVK,TEMF,agri_potential_carbon,8582.96193208151,140.06238001172517,mean tonnes carbon per km2,502.0,240.58300025552512
SVN,TEMF,agri_potential_carbon,10893.526958667471,253.78637154574454,mean tonnes carbon per km2,219.0,226.06699914962053
SLB,TEMF,agri_potential_carbon,9147.977331421567,381.12548537917473,mean tonnes carbon per km2,138.0,14.848000013381245
SOM,TEMF,agri_potential_carbon,1814.360892100919,144.15375613368204,mean tonnes carbon per km2,277.0,131.0049998448789
ZAF,TEMF,agri_potential_carbon,6563.213169579872,139.9821532661791,mean tonnes carbon per km2,7058.0,1679.1099993432313
SSD,TEMF,agri_potential_carbon,4579.032320617582,88.31222628722408,mean tonnes carbon per km2,2286.0,804.1350016736985
ESP,TEMF,agri_potential_carbon,6919.992044170622,56.75574729446878,mean tonnes carbon per km2,6692.0,12350.561996053159
LKA,TEMF,agri_potential_carbon,10196.058180507749,171.5569026315909,mean tonnes carbon per km2,725.0,105.14799976035953
KNA,TEMF,agri_potential_carbon,,,mean tonnes carbon per km2,,
LCA,TEMF,agri_potential_carbon,9379.519580030079,905.1245609918645,mean tonnes carbon per km2,7.0,2.5779999446868898
VCT,TEMF,agri_potential_carbon,12102.349731473802,4142.404220671682,mean tonnes carbon per km2,3.0,1.5460000133514407
SDN,TEMF,agri_potential_carbon,2025.7588065178368,815.6307244372755,mean tonnes carbon per km2,4.0,1.3330000019073487
SUR,TEMF,agri_potential_carbon,8186.202873800405,1082.7990356780774,mean tonnes carbon per km2,22.0,0.09100000217556954
SWZ,TEMF,agri_potential_carbon,8137.168293176521,185.49593022888698,mean tonnes carbon per km2,223.0,9.942000005096196
SWE,TEMF,agri_potential_carbon,11472.310354856229,146.27448738436556,mean tonnes carbon per km2,4012.0,89.61500002160668
CHE,TEMF,agri_potential_carbon,11458.554517022485,445.90317398395985,mean tonnes carbon per km2,163.0,231.14400123655795
SYR,TEMF,agri_potential_carbon,1238.5588464410052,65.51110367093285,mean tonnes carbon per km2,922.0,1646.270999242738
TWN,TEMF,agri_potential_carbon,13003.607775488601,582.7967104223582,mean tonnes carbon per km2,165.0,747.9709980309009
TJK,TEMF,agri_potential_carbon,1672.8268434366832,83.61628520358094,mean tonnes carbon per km2,556.0,1050.0589984512328
TZA,TEMF,agri_potential_carbon,9133.128049483183,193.0673229261368,mean tonnes carbon per km2,582.0,339.3599995934218
THA,TEMF,agri_potential_carbon,9566.477745927634,81.46325315452887,mean tonnes carbon per km2,4679.0,318.46299963407216
TLS,TEMF,agri_potential_carbon,,,mean tonnes carbon per km2,,
TGO,TEMF,agri_potential_carbon,8490.596996664863,124.850246940763,mean tonnes carbon per km2,599.0,37.95800006270409
TUV,TEMF,agri_potential_carbon,,,mean tonnes carbon per km2,,
UGA,TEMF,agri_potential_carbon,9436.842082793493,156.64236328193576,mean tonnes carbon per km2,1830.0,75.68699987836183
URY,TEMF,agri_potential_carbon,3829.1425802969507,145.58459787269544,mean tonnes carbon per km2,1865.0,154.69199970051648
UZB,TEMF,agri_potential_carbon,1229.5512494594038,31.167376119479933,mean tonnes carbon per km2,1606.0,2898.4930008651313
VUT,TEMF,agri_potential_carbon,7872.468570217823,947.1909333583806,mean tonnes carbon per km2,24.0,0.8739999967813492
VAT,TEMF,agri_potential_carbon,,,mean tonnes carbon per km2,,
VEN,TEMF,agri_potential_carbon,6193.192133149158,1363.5506907720792,mean tonnes carbon per km2,273.0,120.17100036256018
VNM,TEMF,agri_potential_carbon,13754.932526774715,86.85291325445358,mean tonnes carbon per km2,3330.0,2500.2289994272587
ZMB,TEMF,agri_potential_carbon,7529.946277035955,82.71037071515686,mean tonnes carbon per km2,2691.0,53.472000028491024
ZWE,TEMF,agri_potential_carbon,5328.568150969177,50.952418566306925,mean tonnes carbon per km2,3630.0,22.12500010527671
YEM,TEMF,agri_potential_carbon,2086.6103529204406,95.19006709579813,mean tonnes carbon per km2,1307.0,234.33299890078604
UKR,TEMF,agri_potential_carbon,8758.608535087265,79.12147856046693,mean tonnes carbon per km2,10085.0,2835.8769981764253
BHR,TEMF,agri_potential_carbon,35.75376047545702,11.136120213095463,mean tonnes carbon per km2,5.0,3.2699999999999996
KWT,TEMF,agri_potential_carbon,145.52314311698254,62.482321588751525,mean tonnes carbon per km2,58.0,14.295999896973372
QAT,TEMF,agri_potential_carbon,114.89863510764232,72.19362822534185,mean tonnes carbon per km2,66.0,1.2369999972730876
ARE,TEMF,agri_potential_carbon,19.155450875843176,12.245042834705968,mean tonnes carbon per km2,335.0,10.132999994680286
TUR,TEMF,agri_potential_carbon,3132.6279566982166,41.93798710833725,mean tonnes carbon per km2,8923.0,8900.99000188455
ISR,TEMF,agri_potential_carbon,3806.039187041631,278.9544155519887,mean tonnes carbon per km2,139.0,204.08800003767013
BGD,TEMF,agri_potential_carbon,8784.108452055481,311.88389841076884,mean tonnes carbon per km2,495.0,585.6360018841177
MMR,TEMF,agri_potential_carbon,9554.49727488575,209.31107502574173,mean tonnes carbon per km2,1493.0,3496.1170006033035
IND,TEMF,agri_potential_carbon,6622.8353857416105,100.37715379266055,mean tonnes carbon per km2,10091.0,16259.448987600355
BEN,TEMF,agri_potential_carbon,7107.822164210065,98.49878912962885,mean tonnes carbon per km2,1120.0,301.86800009436905
NER,TEMF,agri_potential_carbon,1995.6437498820605,29.201662914398135,mean tonnes carbon per km2,3246.0,480.1810002578794
NGA,TEMF,agri_potential_carbon,8888.778587364233,58.19719962037475,mean tonnes carbon per km2,2810.0,1480.871999602914
111,TEMF,agri_potential_carbon,,,mean tonnes carbon per km2,,
112,TEMF,agri_potential_carbon,,,mean tonnes carbon per km2,,
113,TEMF,agri_potential_carbon,,,mean tonnes carbon per km2,,
114,TEMF,agri_potential_carbon,,,mean tonnes carbon per km2,,
115,TEMF,agri_potential_carbon,,,mean tonnes carbon per km2,,
116,TEMF,agri_potential_carbon,,,mean tonnes carbon per km2,,
117,TEMF,agri_potential_carbon,,,mean tonnes carbon per km2,,
118,TEMF,agri_potential_carbon,,,mean tonnes carbon per km2,,
119,TEMF,agri_potential_carbon,,,mean tonnes carbon per km2,,
120,TEMF,agri_potential_carbon,,,mean tonnes carbon per km2,,
121,TEMF,agri_potential_carbon,,,mean tonnes carbon per km2,,
122,TEMF,agri_potential_carbon,,,mean tonnes carbon per km2,,
123,TEMF,agri_potential_carbon,,,mean tonnes carbon per km2,,
124,TEMF,agri_potential_carbon,,,mean tonnes carbon per km2,,
125,TEMF,agri_potential_carbon,,,mean tonnes carbon per km2,,
126,TEMF,agri_potential_carbon,,,mean tonnes carbon per km2,,
127,TEMF,agri_potential_carbon,,,mean tonnes carbon per km2,,
128,TEMF,agri_potential_carbon,,,mean tonnes carbon per km2,,
129,TEMF,agri_potential_carbon,,,mean tonnes carbon per km2,,
ESH,TEMF,agri_potential_carbon,,,mean tonnes carbon per km2,,
AFG,POTA,agri_potential_carbon,795.6602771278962,35.101316728640136,mean tonnes carbon per km2,5163.0,212.24699974812566
GBR,POTA,agri_potential_carbon,18192.636015353542,115.96374137061468,mean tonnes carbon per km2,2549.0,1425.0220011532308
ALB,POTA,agri_potential_carbon,6436.159467348338,189.85515327754842,mean tonnes carbon per km2,412.0,90.87300011850894
DZA,POTA,agri_potential_carbon,2342.4235033812683,195.94466510064072,mean tonnes carbon per km2,793.0,1196.478000836596
USA,POTA,agri_potential_carbon,5679.70763648667,93.64501611817471,mean tonnes carbon per km2,39127.0,3950.613998442292
ATA,POTA,agri_potential_carbon,,,mean tonnes carbon per km2,,
ATG,POTA,agri_potential_carbon,,,mean tonnes carbon per km2,,
ARG,POTA,agri_potential_carbon,2537.7058551938244,153.83822169691695,mean tonnes carbon per km2,3387.0,605.7589992448687
AND,POTA,agri_potential_carbon,5533.113716540317,0.0,mean tonnes carbon per km2,1.0,0.004000000059604645
AGO,POTA,agri_potential_carbon,7728.637363182648,61.06134879692366,mean tonnes carbon per km2,4798.0,882.1069998640567
ARM,POTA,agri_potential_carbon,4221.393292645208,204.14474789977504,mean tonnes carbon per km2,403.0,303.49800097174943
NLD,POTA,agri_potential_carbon,10934.337430637552,173.2244473749255,mean tonnes carbon per km2,652.0,1546.2979960492253
AUS,POTA,agri_potential_carbon,6740.484180425466,91.70330155129326,mean tonnes carbon per km2,7436.0,335.60299965970216
AUT,POTA,agri_potential_carbon,13002.716985876878,217.70209120227005,mean tonnes carbon per km2,794.0,224.94299999080596
AZE,POTA,agri_potential_carbon,3541.9948657613504,199.40850989753383,mean tonnes carbon per km2,516.0,645.490002590567
BHS,POTA,agri_potential_carbon,,,mean tonnes carbon per km2,,
BRB,POTA,agri_potential_carbon,,,mean tonnes carbon per km2,,
BLR,POTA,agri_potential_carbon,14595.344373216627,97.70657619499781,mean tonnes carbon per km2,3904.0,3632.595001564026
BEL,POTA,agri_potential_carbon,13901.26046288016,225.32809462355797,mean tonnes carbon per km2,383.0,795.5580008464306
BLZ,POTA,agri_potential_carbon,6794.143368497254,710.0334379443184,mean tonnes carbon per km2,32.0,0.175
BTN,POTA,agri_potential_carbon,5778.975889941859,972.2377182449246,mean tonnes carbon per km2,76.0,41.66099966987967
BOL,POTA,agri_potential_carbon,3159.038256799664,220.4113482909182,mean tonnes carbon per km2,1729.0,1565.4580039058624
BIH,POTA,agri_potential_carbon,8574.93652525317,129.18461347341167,mean tonnes carbon per km2,655.0,367.19999961972235
BWA,POTA,agri_potential_carbon,3732.309483385924,1598.9546682100518,mean tonnes carbon per km2,2.0,0.007999999895691872
NOR,POTA,agri_potential_carbon,9591.778128781812,373.21759490290447,mean tonnes carbon per km2,1288.0,124.10899998083711
COL,POTA,agri_potential_carbon,7850.55281673288,328.7696322209138,mean tonnes carbon per km2,470.0,1075.6600026543438
COM,POTA,agri_potential_carbon,,,mean tonnes carbon per km2,,
BRA,POTA,agri_potential_carbon,6112.1852398883175,86.01063218124784,mean tonnes carbon per km2,5148.0,1416.0480004459619
FRA,POTA,agri_potential_carbon,11975.89860738523,89.84144205277684,mean tonnes carbon per km2,8484.0,1582.6720001113417
COD,POTA,agri_potential_carbon,12121.504443449228,256.0902461227641,mean tonnes carbon per km2,1566.0,202.7770000048727
COG,POTA,agri_potential_carbon,14399.687240647447,5010.533781463989,mean tonnes carbon per km2,4.0,6.103999938964844
NZL,POTA,agri_potential_carbon,7223.603103649068,156.50022471897586,mean tonnes carbon per km2,868.0,104.5410001230985
BRN,POTA,agri_potential_carbon,,,mean tonnes carbon per km2,,
BGR,POTA,agri_potential_carbon,6698.691902074102,108.28330332549892,mean tonnes carbon per km2,1539.0,147.44099994674326
BFA,POTA,agri_potential_carbon,1517.3602712081681,79.28110351848454,mean tonnes carbon per km2,190.0,7.246999999955297
BDI,POTA,agri_potential_carbon,11740.636543266659,345.2555246841744,mean tonnes carbon per km2,171.0,99.96499935716392
CPV,POTA,agri_potential_carbon,3581.1332502071177,558.9086363964461,mean tonnes carbon per km2,35.0,2.494000017642975
KHM,POTA,agri_potential_carbon,,,mean tonnes carbon per km2,,
CMR,POTA,agri_potential_carbon,8397.88194988164,306.84579049911264,mean tonnes carbon per km2,351.0,719.7130003217609
CAN,POTA,agri_potential_carbon,9336.72097931979,118.06579224779821,mean tonnes carbon per km2,15356.0,1368.123001816422
CRI,POTA,agri_potential_carbon,7189.298361300968,1806.0987798497542,mean tonnes carbon per km2,27.0,26.2950002682209
CIV,POTA,agri_potential_carbon,,,mean tonnes carbon per km2,,
HRV,POTA,agri_potential_carbon,9682.805020175234,133.1178690443174,mean tonnes carbon per km2,799.0,118.83600002780557
CUB,POTA,agri_potential_carbon,12453.775398518756,335.0331334380598,mean tonnes carbon per km2,1028.0,75.48999988213181
CAF,POTA,agri_potential_carbon,7204.935602605506,139.39045875164462,mean tonnes carbon per km2,1459.0,4.605000073835254
TCD,POTA,agri_potential_carbon,2260.902216956517,41.81229697918393,mean tonnes carbon per km2,4848.0,59.287000047415496
CHL,POTA,agri_potential_carbon,4101.697449963594,92.08992266796295,mean tonnes carbon per km2,1925.0,496.0380000846088
CHN,POTA,agri_potential_carbon,6019.544916402672,36.582641638887814,mean tonnes carbon per km2,46849.0,52061.04298776068
CYP,POTA,agri_potential_carbon,2701.924716347055,308.37107983638845,mean tonnes carbon per km2,111.0,44.94899989247322
CZE,POTA,agri_potential_carbon,13033.622417013707,158.52492751868718,mean tonnes carbon per km2,1162.0,274.2319999925792
DNK,POTA,agri_potential_carbon,13614.60396331828,196.8699647090625,mean tonnes carbon per km2,709.0,391.9199999660999
DJI,POTA,agri_potential_carbon,,,mean tonnes carbon per km2,,
DMA,POTA,agri_potential_carbon,9417.241429110816,3550.3676514361127,mean tonnes carbon per km2,2.0,0.05800000071525574
DOM,POTA,agri_potential_carbon,9774.04444825549,1936.2766957785375,mean tonnes carbon per km2,13.0,21.508000011742116
ECU,POTA,agri_potential_carbon,7400.385027290668,720.4334772525843,mean tonnes carbon per km2,214.0,436.4640004778653
EGY,POTA,agri_potential_carbon,901.895379528308,104.69342544090131,mean tonnes carbon per km2,717.0,1475.3280032277107
SLV,POTA,agri_potential_carbon,8384.458520577107,943.8532273599477,mean tonnes carbon per km2,6.0,1.8870000344514846
GNQ,POTA,agri_potential_carbon,,,mean tonnes carbon per km2,,
ERI,POTA,agri_potential_carbon,2259.145956615538,122.7831883495751,mean tonnes carbon per km2,98.0,0.7040000040829182
EST,POTA,agri_potential_carbon,12967.651211046212,189.4026435315395,mean tonnes carbon per km2,849.0,92.6670002067089
ETH,POTA,agri_potential_carbon,9246.531677558818,99.7187027357506,mean tonnes carbon per km2,4180.0,608.197000534907
FJI,POTA,agri_potential_carbon,12941.987807523747,1100.0948454299369,mean tonnes carbon per km2,5.0,0.01100000023841858
FIN,POTA,agri_potential_carbon,15653.581213704681,230.9837002442372,mean tonnes carbon per km2,3509.0,249.00699994780123
GAB,POTA,agri_potential_carbon,,,mean tonnes carbon per km2,,
GMB,POTA,agri_potential_carbon,,,mean tonnes carbon per km2,,
MAR,POTA,agri_potential_carbon,983.6662418263264,241.85617099118923,mean tonnes carbon per km2,401.0,586.298999517411
MOZ,POTA,agri_potential_carbon,8064.02730351791,178.42184296493903,mean tonnes carbon per km2,2873.0,122.59800007231534
NAM,POTA,agri_potential_carbon,2915.3845888600217,58.768386269057935,mean tonnes carbon per km2,1041.0,7.899000032544136
GEO,POTA,agri_potential_carbon,7138.848810926676,489.27741949869323,mean tonnes carbon per km2,230.0,193.28999978199602
DEU,POTA,agri_potential_carbon,13376.130861618049,71.58171047922791,mean tonnes carbon per km2,5760.0,2602.6199996580185
GHA,POTA,agri_potential_carbon,,,mean tonnes carbon per km2,,
GRC,POTA,agri_potential_carbon,5810.863880785065,95.73239605184587,mean tonnes carbon per km2,1641.0,307.6300002115965
GRL,POTA,agri_potential_carbon,,,mean tonnes carbon per km2,,
GRD,POTA,agri_potential_carbon,,,mean tonnes carbon per km2,,
NRU,POTA,agri_potential_carbon,,,mean tonnes carbon per km2,,
GTM,POTA,agri_potential_carbon,13209.308588562035,661.4856190501662,mean tonnes carbon per km2,124.0,186.14600008636714
NPL,POTA,agri_potential_carbon,8642.57206393646,210.32740282200618,mean tonnes carbon per km2,883.0,1765.2789991901068
GIN,POTA,agri_potential_carbon,9919.700694439762,371.45152579275,mean tonnes carbon per km2,472.0,36.44500033393503
GNB,POTA,agri_potential_carbon,,,mean tonnes carbon per km2,,
GUY,POTA,agri_potential_carbon,,,mean tonnes carbon per km2,,
HTI,POTA,agri_potential_carbon,11082.045956217677,1162.6485869951866,mean tonnes carbon per km2,120.0,13.959999980330466
JOR,POTA,agri_potential_carbon,1339.396735973089,272.5627467180006,mean tonnes carbon per km2,111.0,51.60900014825165
HND,POTA,agri_potential_carbon,9299.831202126396,433.98454709073764,mean tonnes carbon per km2,45.0,14.767000000476838
HUN,POTA,agri_potential_carbon,6451.60396696726,118.95610313742631,mean tonnes carbon per km2,1335.0,211.93099995329976
ISL,POTA,agri_potential_carbon,3880.9862443894394,191.79383418894918,mean tonnes carbon per km2,330.0,3.8700000020861625
IDN,POTA,agri_potential_carbon,14743.894378246468,693.040522200448,mean tonnes carbon per km2,1369.0,603.5800031475724
IRN,POTA,agri_potential_carbon,679.6440240769734,40.594482836482925,mean tonnes carbon per km2,4614.0,1569.1309985649586
IRQ,POTA,agri_potential_carbon,1162.7620184592881,34.409694623987306,mean tonnes carbon per km2,2059.0,243.99199964843692
IRL,POTA,agri_potential_carbon,12837.50191736783,242.3735213580588,mean tonnes carbon per km2,1195.0,117.31100017994642
KAZ,POTA,agri_potential_carbon,4397.545319973018,32.92117375119718,mean tonnes carbon per km2,18009.0,1776.1070017852635
KEN,POTA,agri_potential_carbon,9094.838287497623,166.59765245290993,mean tonnes carbon per km2,855.0,1231.0989974399656
KIR,POTA,agri_potential_carbon,,,mean tonnes carbon per km2,,
PRK,POTA,agri_potential_carbon,8811.695296612506,47.80109523677691,mean tonnes carbon per km2,1707.0,1338.6969993706048
KOR,POTA,agri_potential_carbon,7582.881743472619,244.0335688673302,mean tonnes carbon per km2,880.0,243.1989993966371
XKX,POTA,agri_potential_carbon,7675.76481235361,175.1064270301317,mean tonnes carbon per km2,137.0,37.45100000917911
SRB,POTA,agri_potential_carbon,6986.559115866118,149.61294700225048,mean tonnes carbon per km2,1108.0,771.4929999131709
SYC,POTA,agri_potential_carbon,,,mean tonnes carbon per km2,,
SLE,POTA,agri_potential_carbon,15827.017055035461,0.0,mean tonnes carbon per km2,1.0,0.034000000953674316
SGP,POTA,agri_potential_carbon,,,mean tonnes carbon per km2,,
ITA,POTA,agri_potential_carbon,6823.37473968572,63.69810768217672,mean tonnes carbon per km2,4069.0,648.3070003651083
JAM,POTA,agri_potential_carbon,10458.062805045507,330.31422182839214,mean tonnes carbon per km2,124.0,3.584000115394594
JPN,POTA,agri_potential_carbon,10024.096072965454,178.03482241575563,mean tonnes carbon per km2,3946.0,818.6689993991702
KGZ,POTA,agri_potential_carbon,1985.9502369311137,68.75242665117426,mean tonnes carbon per km2,1130.0,848.0649999637901
LAO,POTA,agri_potential_carbon,12505.02051491016,278.8359022755114,mean tonnes carbon per km2,762.0,12.745000025928022
LVA,POTA,agri_potential_carbon,13353.838459754426,179.36879345533129,mean tonnes carbon per km2,1263.0,298.4380005097389
LBN,POTA,agri_potential_carbon,5051.581081082096,399.4579194624039,mean tonnes carbon per km2,108.0,138.93199948213993
LSO,POTA,agri_potential_carbon,5295.976460896388,150.94952636297606,mean tonnes carbon per km2,217.0,60.21199995815754
LBR,POTA,agri_potential_carbon,,,mean tonnes carbon per km2,,
LBY,POTA,agri_potential_carbon,561.9268962417385,119.63295734441705,mean tonnes carbon per km2,1132.0,156.98700020715592
LIE,POTA,agri_potential_carbon,,,mean tonnes carbon per km2,,
LTU,POTA,agri_potential_carbon,12694.976648203126,138.13332701619237,mean tonnes carbon per km2,1261.0,404.95799967087805
LUX,POTA,agri_potential_carbon,14575.948963109417,339.52082828898335,mean tonnes carbon per km2,45.0,5.907000008821488
MCO,POTA,agri_potential_carbon,,,mean tonnes carbon per km2,,
MNG,POTA,agri_potential_carbon,1843.0218699651841,218.79473611606784,mean tonnes carbon per km2,459.0,143.37299928069115
MNE,POTA,agri_potential_carbon,8981.983370376562,377.3552426346448,mean tonnes carbon per km2,185.0,108.68999999016523
MKD,POTA,agri_potential_carbon,6440.04233552716,271.84062392874404,mean tonnes carbon per km2,230.0,132.97899944841862
MDG,POTA,agri_potential_carbon,10522.911081119586,215.90335810344604,mean tonnes carbon per km2,961.0,372.15800047740345
MWI,POTA,agri_potential_carbon,6852.528488174022,112.83378621166152,mean tonnes carbon per km2,748.0,2196.6090009025484
MYS,POTA,agri_potential_carbon,,,mean tonnes carbon per km2,,
MDV,POTA,agri_potential_carbon,,,mean tonnes carbon per km2,,
MLI,POTA,agri_potential_carbon,2698.5436251365873,51.14600053111977,mean tonnes carbon per km2,3121.0,44.96800001464784
MLT,POTA,agri_potential_carbon,8461.031924532475,1059.954378554285,mean tonnes carbon per km2,6.0,6.477999954223633
MHL,POTA,agri_potential_carbon,,,mean tonnes carbon per km2,,
MRT,POTA,agri_potential_carbon,1808.0810852246213,55.89505008210077,mean tonnes carbon per km2,802.0,3.591000030860305
MUS,POTA,agri_potential_carbon,10997.073658370515,1397.3668640177361,mean tonnes carbon per km2,23.0,5.296000094413758
MEX,POTA,agri_potential_carbon,5585.415393090795,265.60335628509586,mean tonnes carbon per km2,1460.0,532.239000236094
FSM,POTA,agri_potential_carbon,,,mean tonnes carbon per km2,,
MDA,POTA,agri_potential_carbon,8081.678325246832,367.1107588795343,mean tonnes carbon per km2,135.0,285.6109987170249
NIC,POTA,agri_potential_carbon,8100.81219331775,472.9006787665671,mean tonnes carbon per km2,249.0,22.630000130310655
OMN,POTA,agri_potential_carbon,262.3253765528791,67.05225947600236,mean tonnes carbon per km2,316.0,3.0489999959617853
PAK,POTA,agri_potential_carbon,1070.3773278534936,52.31470760979966,mean tonnes carbon per km2,1486.0,1019.0370024915042
PLW,POTA,agri_potential_carbon,,,mean tonnes carbon per km2,,
PAN,POTA,agri_potential_carbon,9995.077826917892,1053.1352281908314,mean tonnes carbon per km2,112.0,10.308000141978262
PNG,POTA,agri_potential_carbon,4611.094911292993,884.9743536221533,mean tonnes carbon per km2,100.0,1.7709999910742045
PRY,POTA,agri_potential_carbon,6037.865667153054,125.16777571416732,mean tonnes carbon per km2,828.0,1.0510000199824572
PER,POTA,agri_potential_carbon,3976.134495408467,227.6644833682178,mean tonnes carbon per km2,850.0,2539.211003211886
PHL,POTA,agri_potential_carbon,16129.121101643443,832.2084258232691,mean tonnes carbon per km2,150.0,62.81000028662383
POL,POTA,agri_potential_carbon,14842.485250094796,58.14770723571996,mean tonnes carbon per km2,5636.0,4661.1940012227
PRT,POTA,agri_potential_carbon,8773.799055243,79.42515371686223,mean tonnes carbon per km2,1297.0,270.3789998926967
ROU,POTA,agri_potential_carbon,6751.909848532961,76.48550868696552,mean tonnes carbon per km2,3443.0,2518.894001516998
RUS,POTA,agri_potential_carbon,8184.0119519515465,20.897781105472987,mean tonnes carbon per km2,49937.0,20755.17799752392
RWA,POTA,agri_potential_carbon,12847.400197853509,518.9350718494481,mean tonnes carbon per km2,178.0,903.9150004348904
WSM,POTA,agri_potential_carbon,,,mean tonnes carbon per km2,,
SMR,POTA,agri_potential_carbon,,,mean tonnes carbon per km2,,
TON,POTA,agri_potential_carbon,,,mean tonnes carbon per km2,,
TTO,POTA,agri_potential_carbon,,,mean tonnes carbon per km2,,
TUN,POTA,agri_potential_carbon,2623.313854449428,190.0580549983769,mean tonnes carbon per km2,1043.0,234.31800029471515
TKM,POTA,agri_potential_carbon,812.6418364423704,24.523200630028555,mean tonnes carbon per km2,749.0,445.75899995788933
STP,POTA,agri_potential_carbon,,,mean tonnes carbon per km2,,
SAU,POTA,agri_potential_carbon,70.17185498217731,33.11959466411411,mean tonnes carbon per km2,2168.0,163.75000004388392
SEN,POTA,agri_potential_carbon,8639.786154864743,1085.3567319013193,mean tonnes carbon per km2,20.0,6.800000023841859
SVK,POTA,agri_potential_carbon,10083.721248485474,159.69052179716678,mean tonnes carbon per km2,763.0,109.90900036372244
SVN,POTA,agri_potential_carbon,11579.160369593697,285.4975759986712,mean tonnes carbon per km2,250.0,40.09199996821582
SLB,POTA,agri_potential_carbon,,,mean tonnes carbon per km2,,
SOM,POTA,agri_potential_carbon,,,mean tonnes carbon per km2,,
ZAF,POTA,agri_potential_carbon,5899.20058854091,121.88415261546005,mean tonnes carbon per km2,7893.0,595.1349987541139
SSD,POTA,agri_potential_carbon,4344.876369233602,121.49467951664589,mean tonnes carbon per km2,2918.0,176.98200005672874
ESP,POTA,agri_potential_carbon,7805.150810453959,60.42707415449495,mean tonnes carbon per km2,6947.0,810.4079995010793
LKA,POTA,agri_potential_carbon,15289.271676220511,617.1916230042189,mean tonnes carbon per km2,24.0,41.53199993133545
KNA,POTA,agri_potential_carbon,13728.467788923677,507.22828388795335,mean tonnes carbon per km2,3.0,0.03400000035762787
LCA,POTA,agri_potential_carbon,,,mean tonnes carbon per km2,,
VCT,POTA,agri_potential_carbon,,,mean tonnes carbon per km2,,
SDN,POTA,agri_potential_carbon,1515.6167098138087,797.8509187623263,mean tonnes carbon per km2,3.0,0.3460000038146973
SUR,POTA,agri_potential_carbon,,,mean tonnes carbon per km2,,
SWZ,POTA,agri_potential_carbon,8741.578810620069,194.81146770365163,mean tonnes carbon per km2,166.0,36.014000089988116
SWE,POTA,agri_potential_carbon,13450.520032270015,285.5625924358227,mean tonnes carbon per km2,3577.0,267.54299999453127
CHE,POTA,agri_potential_carbon,12241.907623700805,351.7484682388202,mean tonnes carbon per km2,180.0,111.21499973654747
SYR,POTA,agri_potential_carbon,826.3946816312898,50.110719700040725,mean tonnes carbon per km2,1259.0,347.88099969632924
TWN,POTA,agri_potential_carbon,17779.33762726792,1155.5949410387623,mean tonnes carbon per km2,55.0,22.40400014527142
TJK,POTA,agri_potential_carbon,1801.5805014431135,202.6912120063626,mean tonnes carbon per km2,494.0,317.6449987893552
TZA,POTA,agri_potential_carbon,9276.044206142587,151.96162884917968,mean tonnes carbon per km2,1511.0,1397.1449998165667
THA,POTA,agri_potential_carbon,12140.520947232022,227.53998968490546,mean tonnes carbon per km2,494.0,87.89799995303154
TLS,POTA,agri_potential_carbon,11347.765036183759,519.1119007919839,mean tonnes carbon per km2,76.0,6.63200005583465
TGO,POTA,agri_potential_carbon,,,mean tonnes carbon per km2,,
TUV,POTA,agri_potential_carbon,,,mean tonnes carbon per km2,,
UGA,POTA,agri_potential_carbon,10342.754164257618,381.9254626118723,mean tonnes carbon per km2,747.0,369.81999956853684
URY,POTA,agri_potential_carbon,3675.0928116126142,94.43163850322053,mean tonnes carbon per km2,1549.0,56.98200001955031
UZB,POTA,agri_potential_carbon,1171.240930683049,31.220663242835847,mean tonnes carbon per km2,1287.0,691.6990008333325
VUT,POTA,agri_potential_carbon,,,mean tonnes carbon per km2,,
VAT,POTA,agri_potential_carbon,,,mean tonnes carbon per km2,,
VEN,POTA,agri_potential_carbon,6889.279953014492,413.2219142221188,mean tonnes carbon per km2,296.0,263.30000025726855
VNM,POTA,agri_potential_carbon,13180.915348549523,224.0971852020859,mean tonnes carbon per km2,183.0,297.05800023108725
ZMB,POTA,agri_potential_carbon,7410.67121859259,399.2740170064989,mean tonnes carbon per km2,1870.0,29.816999926492574
ZWE,POTA,agri_potential_carbon,6461.20695079486,136.30883773032974,mean tonnes carbon per km2,1951.0,33.50800013758242
YEM,POTA,agri_potential_carbon,2353.117916314465,169.3712651457525,mean tonnes carbon per km2,740.0,212.97400076039136
UKR,POTA,agri_potential_carbon,10282.145855799721,62.80080636538725,mean tonnes carbon per km2,10331.0,14202.934996849224
BHR,POTA,agri_potential_carbon,36.941883183626445,16.993574910536747,mean tonnes carbon per km2,4.0,0.028999999314546582
KWT,POTA,agri_potential_carbon,28.187448988173237,25.785126865925793,mean tonnes carbon per km2,22.0,13.885000106692312
QAT,POTA,agri_potential_carbon,98.12006787604648,68.94567742981428,mean tonnes carbon per km2,17.0,0.018000000268220902
ARE,POTA,agri_potential_carbon,12.164639328903846,11.738622617853032,mean tonnes carbon per km2,248.0,2.7010000095516444
TUR,POTA,agri_potential_carbon,2435.8680028036656,46.02721789306156,mean tonnes carbon per km2,8928.0,1417.9550003061445
ISR,POTA,agri_potential_carbon,2946.32160536218,304.69642727176955,mean tonnes carbon per km2,140.0,178.44800031915304
BGD,POTA,agri_potential_carbon,9149.242969097339,150.1163430364443,mean tonnes carbon per km2,983.0,4302.449993563294
MMR,POTA,agri_potential_carbon,6998.380295285673,409.3772689208061,mean tonnes carbon per km2,1881.0,378.85899946704507
IND,POTA,agri_potential_carbon,4963.093228002329,68.90699609728362,mean tonnes carbon per km2,18823.0,18337.910005725174
BEN,POTA,agri_potential_carbon,5449.830229185345,277.5525739141728,mean tonnes carbon per km2,137.0,0.22300000198185443
NER,POTA,agri_potential_carbon,1465.0012357569208,74.98342456785655,mean tonnes carbon per km2,3020.0,9.758000176995992
NGA,POTA,agri_potential_carbon,8681.70371225558,195.20854754823577,mean tonnes carbon per km2,5301.0,2725.598993272856
111,POTA,agri_potential_carbon,,,mean tonnes carbon per km2,,
112,POTA,agri_potential_carbon,,,mean tonnes carbon per km2,,
113,POTA,agri_potential_carbon,,,mean tonnes carbon per km2,,
114,POTA,agri_potential_carbon,,,mean tonnes carbon per km2,,
115,POTA,agri_potential_carbon,,,mean tonnes carbon per km2,,
116,POTA,agri_potential_carbon,,,mean tonnes carbon per km2,,
117,POTA,agri_potential_carbon,,,mean tonnes carbon per km2,,
118,POTA,agri_potential_carbon,,,mean tonnes carbon per km2,,
119,POTA,agri_potential_carbon,,,mean tonnes carbon per km2,,
120,POTA,agri_potential_carbon,,,mean tonnes carbon per km2,,
121,POTA,agri_potential_carbon,,,mean tonnes carbon per km2,,
122,POTA,agri_potential_carbon,,,mean tonnes carbon per km2,,
123,POTA,agri_potential_carbon,,,mean tonnes carbon per km2,,
124,POTA,agri_potential_carbon,,,mean tonnes carbon per km2,,
125,POTA,agri_potential_carbon,,,mean tonnes carbon per km2,,
126,POTA,agri_potential_carbon,,,mean tonnes carbon per km2,,
127,POTA,agri_potential_carbon,,,mean tonnes carbon per km2,,
128,POTA,agri_potential_carbon,,,mean tonnes carbon per km2,,
129,POTA,agri_potential_carbon,,,mean tonnes carbon per km2,,
ESH,POTA,agri_potential_carbon,,,mean tonnes carbon per km2,,
AFG,VEGE,agri_potential_carbon,724.8155359577449,35.39006438913893,mean tonnes carbon per km2,4003.0,652.4849998227506
GBR,VEGE,agri_potential_carbon,17636.526750416877,101.34030659800632,mean tonnes carbon per km2,1822.0,1157.940000398159
ALB,VEGE,agri_potential_carbon,5865.84961892794,234.43412810032905,mean tonnes carbon per km2,289.0,278.9150002866984
DZA,VEGE,agri_potential_carbon,3847.8687012213813,116.4069981455984,mean tonnes carbon per km2,1990.0,2470.975001787618
USA,VEGE,agri_potential_carbon,6095.712889349328,99.99671882753991,mean tonnes carbon per km2,38653.0,9852.80999572508
ATA,VEGE,agri_potential_carbon,,,mean tonnes carbon per km2,,
ATG,VEGE,agri_potential_carbon,11126.517515834752,672.9667618263531,mean tonnes carbon per km2,6.0,3.5259999465942387
ARG,VEGE,agri_potential_carbon,3839.9231260696797,105.32905221938277,mean tonnes carbon per km2,7727.0,1722.8090016601236
AND,VEGE,agri_potential_carbon,5533.113716540317,0.0,mean tonnes carbon per km2,1.0,0.022999999523162843
AGO,VEGE,agri_potential_carbon,7258.018567798207,63.40951611803613,mean tonnes carbon per km2,6536.0,1080.963001704514
ARM,VEGE,agri_potential_carbon,2820.0364632864002,256.0552540107082,mean tonnes carbon per km2,365.0,230.39899925753474
NLD,VEGE,agri_potential_carbon,10958.217312818062,135.93847980152242,mean tonnes carbon per km2,658.0,890.1480005866289
AUS,VEGE,agri_potential_carbon,6611.403893901021,80.56178137837517,mean tonnes carbon per km2,5079.0,601.6320001029968
AUT,VEGE,agri_potential_carbon,10664.060958130256,186.5357185226783,mean tonnes carbon per km2,758.0,159.40999965310095
AZE,VEGE,agri_potential_carbon,2966.518518728767,154.69629294560195,mean tonnes carbon per km2,598.0,809.0570006431639
BHS,VEGE,agri_potential_carbon,9458.770608937559,4406.151035605969,mean tonnes carbon per km2,9.0,25.389999771118163
BRB,VEGE,agri_potential_carbon,12291.672960539197,864.325919124694,mean tonnes carbon per km2,6.0,7.83100009918213
BLR,VEGE,agri_potential_carbon,14468.728070062305,119.82534973047369,mean tonnes carbon per km2,3838.0,778.1200007266551
BEL,VEGE,agri_potential_carbon,13556.310663322012,119.7292526551799,mean tonnes carbon per km2,502.0,690.4229996043443
BLZ,VEGE,agri_potential_carbon,6486.154736184543,584.4062358598746,mean tonnes carbon per km2,35.0,11.228999938964845
BTN,VEGE,agri_potential_carbon,6451.355044931929,1054.2642227540339,mean tonnes carbon per km2,70.0,82.24799928106368
BOL,VEGE,agri_potential_carbon,5162.881541820659,303.5470014304207,mean tonnes carbon per km2,1461.0,753.8590018536149
BIH,VEGE,agri_potential_carbon,8352.682726692372,147.8008072267,mean tonnes carbon per km2,645.0,1272.50400138095
BWA,VEGE,agri_potential_carbon,3391.0503707037333,53.29729318379081,mean tonnes carbon per km2,779.0,34.4479999615252
NOR,VEGE,agri_potential_carbon,9109.54954520977,501.4017573902992,mean tonnes carbon per km2,555.0,55.57199998773635
COL,VEGE,agri_potential_carbon,8468.33499944169,280.89255110948295,mean tonnes carbon per km2,2048.0,845.0569987066835
COM,VEGE,agri_potential_carbon,,,mean tonnes carbon per km2,,
BRA,VEGE,agri_potential_carbon,5101.710879684097,124.11393736302793,mean tonnes carbon per km2,18468.0,3583.521001392305
FRA,VEGE,agri_potential_carbon,10561.607721300212,54.25265829169757,mean tonnes carbon per km2,8491.0,2432.9220019096138
COD,VEGE,agri_potential_carbon,12064.315981487474,91.6888193288951,mean tonnes carbon per km2,10886.0,923.5050001510233
COG,VEGE,agri_potential_carbon,12130.624388002088,1901.877219043334,mean tonnes carbon per km2,597.0,98.6920004367828
NZL,VEGE,agri_potential_carbon,8089.999514362913,80.56141079067291,mean tonnes carbon per km2,1866.0,352.77399912282823
BRN,VEGE,agri_potential_carbon,13030.158789682198,628.9020980533991,mean tonnes carbon per km2,37.0,58.46799956992269
BGR,VEGE,agri_potential_carbon,5879.081715958205,78.73238239111366,mean tonnes carbon per km2,1597.0,350.7730000761151
BFA,VEGE,agri_potential_carbon,3764.0574873061987,141.4026217276043,mean tonnes carbon per km2,2290.0,271.51900017395616
BDI,VEGE,agri_potential_carbon,10006.386503834809,254.15449053598036,mean tonnes carbon per km2,242.0,465.85599960327147
CPV,VEGE,agri_potential_carbon,2643.981986269746,480.7085121355649,mean tonnes carbon per km2,35.0,20.407000007629396
KHM,VEGE,agri_potential_carbon,13488.242658562318,133.21730222244054,mean tonnes carbon per km2,1383.0,856.1289985287934
CMR,VEGE,agri_potential_carbon,10220.639449325665,422.9039421164828,mean tonnes carbon per km2,1612.0,4639.557002289594
CAN,VEGE,agri_potential_carbon,9380.078068943632,118.94017933213425,mean tonnes carbon per km2,11535.0,929.2970006655157
CRI,VEGE,agri_potential_carbon,9533.744198402412,596.27976549409,mean tonnes carbon per km2,315.0,89.0920002091676
CIV,VEGE,agri_potential_carbon,14505.293062935398,110.69313067039762,mean tonnes carbon per km2,3187.0,1622.2970005851985
HRV,VEGE,agri_potential_carbon,8926.234400171285,142.862710855438,mean tonnes carbon per km2,805.0,133.1599996840954
CUB,VEGE,agri_potential_carbon,12426.373160617019,176.74356735512308,mean tonnes carbon per km2,1205.0,2335.169001535699
CAF,VEGE,agri_potential_carbon,8280.260112840326,606.4076530706918,mean tonnes carbon per km2,1477.0,48.18400014691055
TCD,VEGE,agri_potential_carbon,2793.5463530119036,42.99805296226028,mean tonnes carbon per km2,4845.0,63.55200002014637
CHL,VEGE,agri_potential_carbon,2709.203683206637,84.26036057715032,mean tonnes carbon per km2,889.0,743.8670007289201
CHN,VEGE,agri_potential_carbon,7694.16881121168,23.864274122654944,mean tonnes carbon per km2,56695.0,207971.4230532135
CYP,VEGE,agri_potential_carbon,2752.2267673467413,306.4350064953287,mean tonnes carbon per km2,111.0,41.7740000487864
CZE,VEGE,agri_potential_carbon,12528.687227133916,176.2165647752063,mean tonnes carbon per km2,1121.0,99.06800006687641
DNK,VEGE,agri_potential_carbon,13432.115365580892,196.1797929189845,mean tonnes carbon per km2,511.0,110.78799993284048
DJI,VEGE,agri_potential_carbon,264.31805501042544,60.826073416538954,mean tonnes carbon per km2,36.0,42.46100001335143
DMA,VEGE,agri_potential_carbon,7518.691954689702,574.8608280043765,mean tonnes carbon per km2,9.0,7.405999984741212
DOM,VEGE,agri_potential_carbon,6786.921097955188,450.1214462074117,mean tonnes carbon per km2,178.0,359.37399977244434
ECU,VEGE,agri_potential_carbon,8759.412975982425,463.27776591580266,mean tonnes carbon per km2,770.0,1659.3849962583183
EGY,VEGE,agri_potential_carbon,1831.8439261596209,97.96010264090737,mean tonnes carbon per km2,1205.0,5562.438004375547
SLV,VEGE,agri_potential_carbon,10158.67143035899,213.99749383701067,mean tonnes carbon per km2,239.0,67.04800019174814
GNQ,VEGE,agri_potential_carbon,,,mean tonnes carbon per km2,,
ERI,VEGE,agri_potential_carbon,1873.4084586703384,69.50113021812963,mean tonnes carbon per km2,414.0,140.4390000386536
EST,VEGE,agri_potential_carbon,12434.583388272968,190.15089840963793,mean tonnes carbon per km2,767.0,31.277999982163312
ETH,VEGE,agri_potential_carbon,8418.321318285718,70.19074058605773,mean tonnes carbon per km2,5370.0,1972.253999897465
FJI,VEGE,agri_potential_carbon,12239.516956405747,681.3649531973723,mean tonnes carbon per km2,36.0,20.329999785423283
FIN,VEGE,agri_potential_carbon,14870.472024922408,169.74406258539182,mean tonnes carbon per km2,2830.0,43.9400000230968
GAB,VEGE,agri_potential_carbon,14529.082908006265,2364.8931185372035,mean tonnes carbon per km2,278.0,17.56400020673871
GMB,VEGE,agri_potential_carbon,7973.9955587011145,247.7097534148383,mean tonnes carbon per km2,124.0,18.99300006866455
MAR,VEGE,agri_potential_carbon,1394.945448726408,200.6776009509079,mean tonnes carbon per km2,797.0,1638.7800001547484
MOZ,VEGE,agri_potential_carbon,6817.866762503549,168.3080914374043,mean tonnes carbon per km2,2306.0,816.928001062721
NAM,VEGE,agri_potential_carbon,2611.8265405967804,58.15798059585287,mean tonnes carbon per km2,1456.0,49.20700003132224
GEO,VEGE,agri_potential_carbon,6641.529932093792,252.78326941000861,mean tonnes carbon per km2,306.0,222.4960006403923
DEU,VEGE,agri_potential_carbon,13402.537914197695,54.83207826632488,mean tonnes carbon per km2,6151.0,1101.2550001862646
GHA,VEGE,agri_potential_carbon,9190.615552484298,269.68730308198855,mean tonnes carbon per km2,1560.0,698.9939997978508
GRC,VEGE,agri_potential_carbon,4879.499418351217,100.1997482399637,mean tonnes carbon per km2,1801.0,1062.2560007784516
GRL,VEGE,agri_potential_carbon,,,mean tonnes carbon per km2,,
GRD,VEGE,agri_potential_carbon,14179.169960138028,566.7249342154156,mean tonnes carbon per km2,5.0,3.394000015258789
NRU,VEGE,agri_potential_carbon,,,mean tonnes carbon per km2,,
GTM,VEGE,agri_potential_carbon,10648.122547703944,323.33185091788727,mean tonnes carbon per km2,191.0,682.2190002937615
NPL,VEGE,agri_potential_carbon,8605.614155222347,197.7244595398967,mean tonnes carbon per km2,998.0,2382.3269972822814
GIN,VEGE,agri_potential_carbon,10048.57725742515,90.97015807275703,mean tonnes carbon per km2,1752.0,1302.9759984437376
GNB,VEGE,agri_potential_carbon,13312.799750141266,1172.764150084119,mean tonnes carbon per km2,169.0,37.63700039476156
GUY,VEGE,agri_potential_carbon,7453.278862427235,540.5072879071563,mean tonnes carbon per km2,321.0,67.47500022225083
HTI,VEGE,agri_potential_carbon,8772.956899249162,272.93154911678596,mean tonnes carbon per km2,323.0,298.98900104917584
JOR,VEGE,agri_potential_carbon,578.1234678839023,98.27533054012034,mean tonnes carbon per km2,170.0,349.39199813790617
HND,VEGE,agri_potential_carbon,10587.477489541578,153.46120167231618,mean tonnes carbon per km2,680.0,169.76899944327772
HUN,VEGE,agri_potential_carbon,6538.1270071858335,118.06437953324509,mean tonnes carbon per km2,1341.0,676.4209994411469
ISL,VEGE,agri_potential_carbon,4542.436557901692,420.32183261080263,mean tonnes carbon per km2,97.0,0.16300000108778476
IDN,VEGE,agri_potential_carbon,12396.39474742554,118.31846314974796,mean tonnes carbon per km2,11928.0,9739.723000328764
IRN,VEGE,agri_potential_carbon,668.3921792739475,31.303359366154673,mean tonnes carbon per km2,6219.0,5683.107000051588
IRQ,VEGE,agri_potential_carbon,449.7954038066508,28.127470269704116,mean tonnes carbon per km2,2123.0,2553.258002036363
IRL,VEGE,agri_potential_carbon,13360.332602293043,673.1791565600076,mean tonnes carbon per km2,127.0,59.86799968361854
KAZ,VEGE,agri_potential_carbon,2732.695937426047,81.35768330311636,mean tonnes carbon per km2,1495.0,1166.8930007704348
KEN,VEGE,agri_potential_carbon,7842.601210463101,541.3135246940437,mean tonnes carbon per km2,1411.0,1460.2580047985166
KIR,VEGE,agri_potential_carbon,0.0,0.0,mean tonnes carbon per km2,2.0,0.15700000286102295
PRK,VEGE,agri_potential_carbon,8722.967117707425,48.98477951441218,mean tonnes carbon per km2,1547.0,2884.1770011898134
KOR,VEGE,agri_potential_carbon,7617.321653907265,142.590713420266,mean tonnes carbon per km2,969.0,2578.9029995693263
XKX,VEGE,agri_potential_carbon,7654.268021418476,181.60414964150286,mean tonnes carbon per km2,138.0,133.2869999076426
SRB,VEGE,agri_potential_carbon,5213.556778761332,101.05319302286918,mean tonnes carbon per km2,1153.0,1344.819000072554
SYC,VEGE,agri_potential_carbon,,,mean tonnes carbon per km2,,
SLE,VEGE,agri_potential_carbon,14521.796834508528,307.2403591329947,mean tonnes carbon per km2,369.0,262.9740003361553
SGP,VEGE,agri_potential_carbon,15705.755916644384,575.578230927825,mean tonnes carbon per km2,9.0,8.555
ITA,VEGE,agri_potential_carbon,7221.453356858623,51.804227808697966,mean tonnes carbon per km2,4071.0,5210.218001860454
JAM,VEGE,agri_potential_carbon,10611.712961418943,406.7514145009615,mean tonnes carbon per km2,120.0,142.99600003242494
JPN,VEGE,agri_potential_carbon,7617.177058587678,164.6485603045772,mean tonnes carbon per km2,4486.0,3804.337001313642
KGZ,VEGE,agri_potential_carbon,2421.344699975114,69.36495310349129,mean tonnes carbon per km2,690.0,457.421001463309
LAO,VEGE,agri_potential_carbon,13201.085764519916,210.0398054952759,mean tonnes carbon per km2,1583.0,1291.1590004958957
LVA,VEGE,agri_potential_carbon,12311.419942442437,185.95265287543202,mean tonnes carbon per km2,1253.0,88.58400023773311
LBN,VEGE,agri_potential_carbon,5206.180552384507,262.0276353293974,mean tonnes carbon per km2,126.0,262.3120003381371
LSO,VEGE,agri_potential_carbon,4041.4887757709066,353.06698328827383,mean tonnes carbon per km2,89.0,35.891000274568796
LBR,VEGE,agri_potential_carbon,16884.099075983275,871.0405712306331,mean tonnes carbon per km2,113.0,51.67799975693226
LBY,VEGE,agri_potential_carbon,194.62073945246837,101.39752477552155,mean tonnes carbon per km2,774.0,424.8039995538443
LIE,VEGE,agri_potential_carbon,,,mean tonnes carbon per km2,,
LTU,VEGE,agri_potential_carbon,12447.630703044528,154.33003355906123,mean tonnes carbon per km2,1274.0,140.15400010466576
LUX,VEGE,agri_potential_carbon,14824.021199611669,1600.0271990696112,mean tonnes carbon per km2,46.0,0.9450000037252905
MCO,VEGE,agri_potential_carbon,,,mean tonnes carbon per km2,,
MNG,VEGE,agri_potential_carbon,2485.41607902092,253.8767182729184,mean tonnes carbon per km2,132.0,69.67099965803325
MNE,VEGE,agri_potential_carbon,8384.705747971097,383.3633020769325,mean tonnes carbon per km2,165.0,55.12700007617474
MKD,VEGE,agri_potential_carbon,5685.876166876149,290.44008756798934,mean tonnes carbon per km2,238.0,413.1070005107671
MDG,VEGE,agri_potential_carbon,8922.452093850556,82.36309482570005,mean tonnes carbon per km2,4475.0,369.34100009404125
MWI,VEGE,agri_potential_carbon,6763.028131372574,61.5959809577832,mean tonnes carbon per km2,585.0,719.5910004764795
MYS,VEGE,agri_potential_carbon,13017.757287665956,403.2983322103855,mean tonnes carbon per km2,356.0,460.4109967616201
MDV,VEGE,agri_potential_carbon,,,mean tonnes carbon per km2,,
MLI,VEGE,agri_potential_carbon,3700.948314967774,56.51971893444511,mean tonnes carbon per km2,4834.0,569.0829999870061
MLT,VEGE,agri_potential_carbon,8218.731489288728,1074.047279998121,mean tonnes carbon per km2,6.0,46.238999633789064
MHL,VEGE,agri_potential_carbon,,,mean tonnes carbon per km2,,
MRT,VEGE,agri_potential_carbon,1600.9935134962343,90.65793961586425,mean tonnes carbon per km2,1424.0,7.268000036925078
MUS,VEGE,agri_potential_carbon,10433.51408280938,966.5670975808296,mean tonnes carbon per km2,23.0,21.468999843597413
MEX,VEGE,agri_potential_carbon,4975.954325174672,165.15339205288996,mean tonnes carbon per km2,7314.0,5879.319994219988
FSM,VEGE,agri_potential_carbon,0.0,0.0,mean tonnes carbon per km2,3.0,0.33699999809265135
MDA,VEGE,agri_potential_carbon,6714.414399441945,282.6097654125326,mean tonnes carbon per km2,198.0,365.4529993271083
NIC,VEGE,agri_potential_carbon,9598.87196849491,170.7527705437631,mean tonnes carbon per km2,1066.0,154.56500012740491
OMN,VEGE,agri_potential_carbon,255.1863858641298,31.780809735905574,mean tonnes carbon per km2,454.0,134.23999969944356
PAK,VEGE,agri_potential_carbon,1097.0335288759652,38.795889025973445,mean tonnes carbon per km2,2425.0,3659.902000635415
PLW,VEGE,agri_potential_carbon,,,mean tonnes carbon per km2,,
PAN,VEGE,agri_potential_carbon,11488.505401526296,414.542186702556,mean tonnes carbon per km2,542.0,69.28300004422664
PNG,VEGE,agri_potential_carbon,7620.285810447577,832.0377390345274,mean tonnes carbon per km2,158.0,343.8100004000962
PRY,VEGE,agri_potential_carbon,6516.74958436039,107.80116397898398,mean tonnes carbon per km2,3490.0,145.9789999039471
PER,VEGE,agri_potential_carbon,3470.3598934144734,203.9000421589105,mean tonnes carbon per km2,1451.0,1853.6619995134324
PHL,VEGE,agri_potential_carbon,14033.805376574735,94.76868627508102,mean tonnes carbon per km2,2865.0,6538.097996564806
POL,VEGE,agri_potential_carbon,13991.146691390002,53.711122011511705,mean tonnes carbon per km2,5743.0,1889.2400003955515
PRT,VEGE,agri_potential_carbon,8704.655402753557,66.05750777282303,mean tonnes carbon per km2,1317.0,932.4529998590053
ROU,VEGE,agri_potential_carbon,5776.972368521378,63.220018807424644,mean tonnes carbon per km2,3409.0,2373.120000546351
RUS,VEGE,agri_potential_carbon,7015.582864870517,33.34505422721904,mean tonnes carbon per km2,49260.0,6227.659999146834
RWA,VEGE,agri_potential_carbon,11758.867782101517,547.1961748433804,mean tonnes carbon per km2,175.0,448.59300068549817
WSM,VEGE,agri_potential_carbon,,,mean tonnes carbon per km2,,
SMR,VEGE,agri_potential_carbon,,,mean tonnes carbon per km2,,
TON,VEGE,agri_potential_carbon,3280.663526935624,1539.9590465561944,mean tonnes carbon per km2,3.0,5.706999969482421
TTO,VEGE,agri_potential_carbon,11724.209629757655,1106.911625798542,mean tonnes carbon per km2,40.0,27.71099977016449
TUN,VEGE,agri_potential_carbon,2779.656167748596,195.48224001933932,mean tonnes carbon per km2,494.0,1142.2000000067055
TKM,VEGE,agri_potential_carbon,876.0797013904537,24.33608067320575,mean tonnes carbon per km2,498.0,234.32499967619776
STP,VEGE,agri_potential_carbon,2229.038924432833,1069.5124875701365,mean tonnes carbon per km2,11.0,5.670000076293944
SAU,VEGE,agri_potential_carbon,94.80321266313717,25.655112886924755,mean tonnes carbon per km2,1712.0,577.3310012049974
SEN,VEGE,agri_potential_carbon,4197.655180129255,223.28383866466424,mean tonnes carbon per km2,884.0,278.90099962562323
SVK,VEGE,agri_potential_carbon,10027.570839562402,128.0002474002863,mean tonnes carbon per km2,734.0,240.73900037050245
SVN,VEGE,agri_potential_carbon,10423.384169125195,264.0070386763776,mean tonnes carbon per km2,258.0,37.60200001269579
SLB,VEGE,agri_potential_carbon,8559.125923018195,468.2506336672494,mean tonnes carbon per km2,138.0,3.1830000013858077
SOM,VEGE,agri_potential_carbon,2200.789999983476,159.2751796063423,mean tonnes carbon per km2,1894.0,245.14499945692717
ZAF,VEGE,agri_potential_carbon,5681.433534719588,96.39979409483387,mean tonnes carbon per km2,8368.0,1429.4719992850721
SSD,VEGE,agri_potential_carbon,4690.839172216478,62.01295822511627,mean tonnes carbon per km2,4257.0,1935.2070010077207
ESP,VEGE,agri_potential_carbon,7037.116270109352,46.114678593128666,mean tonnes carbon per km2,7310.0,3497.3820004794
LKA,VEGE,agri_potential_carbon,10739.358223736217,209.547166233381,mean tonnes carbon per km2,729.0,761.0579990887643
KNA,VEGE,agri_potential_carbon,13653.230001172054,497.3035663395014,mean tonnes carbon per km2,3.0,0.5500000095367432
LCA,VEGE,agri_potential_carbon,9398.314717759811,836.389826658621,mean tonnes carbon per km2,7.0,2.137999973297119
VCT,VEGE,agri_potential_carbon,11494.165706554748,3950.0379762288326,mean tonnes carbon per km2,3.0,2.6849999809265137
SDN,VEGE,agri_potential_carbon,2011.082900269254,806.6684242524058,mean tonnes carbon per km2,5.0,2.1950000035762787
SUR,VEGE,agri_potential_carbon,7985.007840638937,1119.4087777342183,mean tonnes carbon per km2,72.0,6.875000097230076
SWZ,VEGE,agri_potential_carbon,7184.311142528703,298.7975946260587,mean tonnes carbon per km2,224.0,15.892999948859217
SWE,VEGE,agri_potential_carbon,13701.321861624165,245.93600404270947,mean tonnes carbon per km2,1608.0,278.99600014060735
CHE,VEGE,agri_potential_carbon,11359.514059403238,397.67891557192536,mean tonnes carbon per km2,187.0,151.21800008907917
SYR,VEGE,agri_potential_carbon,1039.0089405416518,55.34514490242724,mean tonnes carbon per km2,1410.0,1102.049998511225
TWN,VEGE,agri_potential_carbon,13313.308914790568,478.95579977864213,mean tonnes carbon per km2,251.0,1319.061994779259
TJK,VEGE,agri_potential_carbon,1445.896433766684,136.48335763092632,mean tonnes carbon per km2,433.0,433.3789998835325
TZA,VEGE,agri_potential_carbon,8133.786693207765,220.41209005866568,mean tonnes carbon per km2,2649.0,2323.388997981772
THA,VEGE,agri_potential_carbon,10342.252741050086,85.0550976547493,mean tonnes carbon per km2,5104.0,4519.129004988819
TLS,VEGE,agri_potential_carbon,11654.648269663528,330.7411222875415,mean tonnes carbon per km2,146.0,92.21800008803606
TGO,VEGE,agri_potential_carbon,8604.491282722862,123.81544130155818,mean tonnes carbon per km2,601.0,278.5559994029999
TUV,VEGE,agri_potential_carbon,,,mean tonnes carbon per km2,,
UGA,VEGE,agri_potential_carbon,9552.32055200875,86.19042482515901,mean tonnes carbon per km2,1699.0,2021.8900018944591
URY,VEGE,agri_potential_carbon,3448.530661316731,132.558815518209,mean tonnes carbon per km2,1593.0,93.8780000308156
UZB,VEGE,agri_potential_carbon,1275.552381862277,20.034923475109455,mean tonnes carbon per km2,1449.0,1713.5759998820722
VUT,VEGE,agri_potential_carbon,7818.218201502207,1023.2539210549236,mean tonnes carbon per km2,24.0,1.5799999940395355
VAT,VEGE,agri_potential_carbon,,,mean tonnes carbon per km2,,
VEN,VEGE,agri_potential_carbon,6499.101871575897,264.5604333541995,mean tonnes carbon per km2,2997.0,552.7629996848851
VNM,VEGE,agri_potential_carbon,12924.227379807435,102.99035553783467,mean tonnes carbon per km2,3432.0,5157.663001076877
ZMB,VEGE,agri_potential_carbon,5864.745465286134,244.5442886100537,mean tonnes carbon per km2,2329.0,523.0909978512675
ZWE,VEGE,agri_potential_carbon,6799.344403821633,64.54818365118786,mean tonnes carbon per km2,2448.0,305.4750002343952
YEM,VEGE,agri_potential_carbon,893.8427103199349,112.14207005102502,mean tonnes carbon per km2,846.0,512.0100006081163
UKR,VEGE,agri_potential_carbon,8057.381818345873,65.55964912869341,mean tonnes carbon per km2,10268.0,4770.081999509186
BHR,VEGE,agri_potential_carbon,36.51679053703466,12.030494503024565,mean tonnes carbon per km2,5.0,2.5910000133514406
KWT,VEGE,agri_potential_carbon,51.32097708043316,45.52156494980743,mean tonnes carbon per km2,48.0,54.19299989774823
QAT,VEGE,agri_potential_carbon,153.16942464736923,30.848099664211965,mean tonnes carbon per km2,102.0,18.835999801009894
ARE,VEGE,agri_potential_carbon,97.18030719122385,15.959704718388458,mean tonnes carbon per km2,390.0,65.70999993801117
TUR,VEGE,agri_potential_carbon,2605.1549440386466,27.805647007035322,mean tonnes carbon per km2,10715.0,8376.623000408634
ISR,VEGE,agri_potential_carbon,2992.5718852740483,309.4729194508094,mean tonnes carbon per km2,137.0,572.7190006527305
BGD,VEGE,agri_potential_carbon,9762.439896475302,157.18435732302973,mean tonnes carbon per km2,688.0,3051.7179968988894
MMR,VEGE,agri_potential_carbon,8154.254334631176,139.7102853072559,mean tonnes carbon per km2,3267.0,3408.4770000530034
IND,VEGE,agri_potential_carbon,5711.619114635536,54.342427319182214,mean tonnes carbon per km2,25852.0,66643.53099105612
BEN,VEGE,agri_potential_carbon,9509.035270090902,167.1869560756864,mean tonnes carbon per km2,1100.0,441.47399993166323
NER,VEGE,agri_potential_carbon,2879.274496842798,96.77685102684738,mean tonnes carbon per km2,1132.0,225.09300062261522
NGA,VEGE,agri_potential_carbon,8039.700448241658,90.49390451215446,mean tonnes carbon per km2,7577.0,9694.431001574547
111,VEGE,agri_potential_carbon,,,mean tonnes carbon per km2,,
112,VEGE,agri_potential_carbon,,,mean tonnes carbon per km2,,
113,VEGE,agri_potential_carbon,,,mean tonnes carbon per km2,,
114,VEGE,agri_potential_carbon,,,mean tonnes carbon per km2,,
115,VEGE,agri_potential_carbon,,,mean tonnes carbon per km2,,
116,VEGE,agri_potential_carbon,,,mean tonnes carbon per km2,,
117,VEGE,agri_potential_carbon,,,mean tonnes carbon per km2,,
118,VEGE,agri_potential_carbon,,,mean tonnes carbon per km2,,
119,VEGE,agri_potential_carbon,,,mean tonnes carbon per km2,,
120,VEGE,agri_potential_carbon,,,mean tonnes carbon per km2,,
121,VEGE,agri_potential_carbon,,,mean tonnes carbon per km2,,
122,VEGE,agri_potential_carbon,,,mean tonnes carbon per km2,,
123,VEGE,agri_potential_carbon,,,mean tonnes carbon per km2,,
124,VEGE,agri_potential_carbon,,,mean tonnes carbon per km2,,
125,VEGE,agri_potential_carbon,,,mean tonnes carbon per km2,,
126,VEGE,agri_potential_carbon,,,mean tonnes carbon per km2,,
127,VEGE,agri_potential_carbon,,,mean tonnes carbon per km2,,
128,VEGE,agri_potential_carbon,,,mean tonnes carbon per km2,,
129,VEGE,agri_potential_carbon,,,mean tonnes carbon per km2,,
ESH,VEGE,agri_potential_carbon,,,mean tonnes carbon per km2,,
AFG,ALLC,agri_potential_carbon,1009.3380965395648,37.27913375662726,mean tonnes carbon per km2,6883.0,30541.408004899396
GBR,ALLC,agri_potential_carbon,18006.312933532186,111.5852585982718,mean tonnes carbon per km2,3173.0,43243.99602723576
ALB,ALLC,agri_potential_carbon,6140.892164743396,181.95358312615676,mean tonnes carbon per km2,423.0,2844.755998511315
DZA,ALLC,agri_potential_carbon,3823.16926813816,67.54117826150419,mean tonnes carbon per km2,3554.0,42011.20100070618
USA,ALLC,agri_potential_carbon,7600.773667772758,26.619372066192536,mean tonnes carbon per km2,74547.0,958127.063996085
ATA,ALLC,agri_potential_carbon,,,mean tonnes carbon per km2,,
ATG,ALLC,agri_potential_carbon,11173.729334279884,676.6973411472053,mean tonnes carbon per km2,6.0,23.15
ARG,ALLC,agri_potential_carbon,3830.5205585612894,23.617745877122513,mean tonnes carbon per km2,18288.0,282664.6599425407
AND,ALLC,agri_potential_carbon,5533.113716540317,0.0,mean tonnes carbon per km2,1.0,0.11699999809265137
AGO,ALLC,agri_potential_carbon,7430.396504226213,45.48555631928968,mean tonnes carbon per km2,6592.0,35762.46699613452
ARM,ALLC,agri_potential_carbon,3813.290305681213,157.44075523196872,mean tonnes carbon per km2,406.0,2718.754002128243
NLD,ALLC,agri_potential_carbon,10914.63928176324,158.53361968737852,mean tonnes carbon per km2,674.0,5558.489992529154
AUS,ALLC,agri_potential_carbon,4718.198779484235,29.540081914443707,mean tonnes carbon per km2,16573.0,236848.7319834932
AUT,ALLC,agri_potential_carbon,11549.70879467981,177.91124530889493,mean tonnes carbon per km2,899.0,11671.829004275129
AZE,ALLC,agri_potential_carbon,2949.0566317208627,104.25218316434024,mean tonnes carbon per km2,1036.0,13664.882996902092
BHS,ALLC,agri_potential_carbon,7845.891618261833,4991.579019754806,mean tonnes carbon per km2,9.0,73.37699905395507
BRB,ALLC,agri_potential_carbon,12377.370900783417,876.7018037468895,mean tonnes carbon per km2,6.0,78.4409994506836
BLR,ALLC,agri_potential_carbon,14449.899238182734,84.9586869349771,mean tonnes carbon per km2,3929.0,36364.47800335646
BEL,ALLC,agri_potential_carbon,13663.402856195815,132.49967088254576,mean tonnes carbon per km2,538.0,5958.035995202064
BLZ,ALLC,agri_potential_carbon,7027.428266011083,699.7101045547685,mean tonnes carbon per km2,35.0,701.1920007324219
BTN,ALLC,agri_potential_carbon,9021.286941567261,702.5112717854045,mean tonnes carbon per km2,236.0,967.930998417437
BOL,ALLC,agri_potential_carbon,5833.234424736809,106.9149575155394,mean tonnes carbon per km2,4972.0,26632.776007967368
BIH,ALLC,agri_potential_carbon,8415.41387673949,142.22053398563054,mean tonnes carbon per km2,663.0,6229.542995384932
BWA,ALLC,agri_potential_carbon,3575.186205924689,55.72236857106978,mean tonnes carbon per km2,910.0,1873.0469983489809
NOR,ALLC,agri_potential_carbon,10462.247260088314,206.79340721941875,mean tonnes carbon per km2,2486.0,3194.0139958561213
COL,ALLC,agri_potential_carbon,9463.262117655053,119.50691328252037,mean tonnes carbon per km2,6080.0,34822.921973103366
COM,ALLC,agri_potential_carbon,,,mean tonnes carbon per km2,,
BRA,ALLC,agri_potential_carbon,6113.217902391745,29.948578648572834,mean tonnes carbon per km2,54460.0,642603.1237581782
FRA,ALLC,agri_potential_carbon,11650.742297638724,42.02584334374834,mean tonnes carbon per km2,9003.0,140900.99000395252
COD,ALLC,agri_potential_carbon,11965.042176529783,67.60044547687595,mean tonnes carbon per km2,11174.0,59849.306045174
COG,ALLC,agri_potential_carbon,11505.646724142505,424.78576956597203,mean tonnes carbon per km2,598.0,1380.2079981684683
NZL,ALLC,agri_potential_carbon,7288.008251724985,89.00726857580952,mean tonnes carbon per km2,3071.0,2824.381997470036
BRN,ALLC,agri_potential_carbon,13426.39582406658,681.3904497498742,mean tonnes carbon per km2,39.0,144.2539988708496
BGR,ALLC,agri_potential_carbon,5847.530597166983,69.28940204671852,mean tonnes carbon per km2,1618.0,29862.2930032444
BFA,ALLC,agri_potential_carbon,3633.6697769793145,47.81831394137212,mean tonnes carbon per km2,2694.0,57585.630963152646
BDI,ALLC,agri_potential_carbon,10184.220314727325,164.68656967089785,mean tonnes carbon per km2,296.0,12691.541994781495
CPV,ALLC,agri_potential_carbon,2700.206204203285,481.69152971326264,mean tonnes carbon per km2,36.0,420.2979963302612
KHM,ALLC,agri_potential_carbon,13459.225427880478,90.24436643848335,mean tonnes carbon per km2,1503.0,32760.402024059294
CMR,ALLC,agri_potential_carbon,8142.142554807553,145.25409477787073,mean tonnes carbon per km2,2524.0,45933.74497040748
CAN,ALLC,agri_potential_carbon,4644.68905835881,37.05503118223702,mean tonnes carbon per km2,17681.0,257402.80115776096
CRI,ALLC,agri_potential_carbon,10410.337956261454,268.02442544681065,mean tonnes carbon per km2,537.0,5005.45800172083
CIV,ALLC,agri_potential_carbon,14717.458143164076,113.58285787655541,mean tonnes carbon per km2,3190.0,73028.85597653777
HRV,ALLC,agri_potential_carbon,9114.932179581368,133.44828480568864,mean tonnes carbon per km2,821.0,7990.666995100975
CUB,ALLC,agri_potential_carbon,12618.779191585156,150.6401015310957,mean tonnes carbon per km2,1222.0,17565.02700335026
CAF,ALLC,agri_potential_carbon,8209.379977796067,187.29962695981527,mean tonnes carbon per km2,1508.0,4231.560993173122
TCD,ALLC,agri_potential_carbon,2625.6768205555786,36.12165950053225,mean tonnes carbon per km2,4882.0,37712.64399310112
CHL,ALLC,agri_potential_carbon,3846.1630530997027,67.55530855041769,mean tonnes carbon per km2,2366.0,11962.928018210383
CHN,ALLC,agri_potential_carbon,7339.681925956285,18.392352754951467,mean tonnes carbon per km2,70693.0,1416965.9210042306
CYP,ALLC,agri_potential_carbon,3837.9090683121735,225.7786572546149,mean tonnes carbon per km2,124.0,701.248004488945
CZE,ALLC,agri_potential_carbon,13085.00793875788,135.95935895960454,mean tonnes carbon per km2,1195.0,21486.868987115624
DNK,ALLC,agri_potential_carbon,14979.528717408542,144.0405023676837,mean tonnes carbon per km2,883.0,16884.274991784096
DJI,ALLC,agri_potential_carbon,188.23477154852102,83.12955602741862,mean tonnes carbon per km2,36.0,73.4329991722107
DMA,ALLC,agri_potential_carbon,7611.845219190843,838.3313360660138,mean tonnes carbon per km2,11.0,169.99800046920774
DOM,ALLC,agri_potential_carbon,9227.82417066301,235.2572736955925,mean tonnes carbon per km2,564.0,9135.546979968547
ECU,ALLC,agri_potential_carbon,9495.557276372452,195.46606620644687,mean tonnes carbon per km2,1272.0,24266.67498658508
EGY,ALLC,agri_potential_carbon,2381.4532894097456,62.14380304338602,mean tonnes carbon per km2,1724.0,50970.460021597
SLV,ALLC,agri_potential_carbon,9956.097435594736,142.29995239685252,mean tonnes carbon per km2,254.0,7468.926008834838
GNQ,ALLC,agri_potential_carbon,12542.38436596026,1934.6266438387543,mean tonnes carbon per km2,40.0,156.21500038504598
ERI,ALLC,agri_potential_carbon,1699.08756541894,64.95616123887774,mean tonnes carbon per km2,651.0,6428.771994457245
EST,ALLC,agri_potential_carbon,13135.50700431427,191.33017728924446,mean tonnes carbon per km2,855.0,4093.2760013675693
ETH,ALLC,agri_potential_carbon,7978.63707073693,61.57134354152258,mean tonnes carbon per km2,5939.0,108927.12806567445
FJI,ALLC,agri_potential_carbon,11826.454941055465,612.1317648316057,mean tonnes carbon per km2,42.0,1047.4140007019043
FIN,ALLC,agri_potential_carbon,15094.069845720041,208.03721841227414,mean tonnes carbon per km2,4200.0,11800.667001463993
GAB,ALLC,agri_potential_carbon,12908.79410365114,712.6868045534483,mean tonnes carbon per km2,280.0,502.3940011687577
GMB,ALLC,agri_potential_carbon,7562.596501060913,252.16776389743646,mean tonnes carbon per km2,126.0,4298.102985839843
MAR,ALLC,agri_potential_carbon,3142.5501521606657,65.46257853034261,mean tonnes carbon per km2,3449.0,73335.45793097423
MOZ,ALLC,agri_potential_carbon,7296.7579293060235,34.99685326033533,mean tonnes carbon per km2,6253.0,63490.22806418419
NAM,ALLC,agri_potential_carbon,2325.8377071720597,99.3347861371335,mean tonnes carbon per km2,1555.0,3195.1989899768682
GEO,ALLC,agri_potential_carbon,7279.335635097566,191.86173924631277,mean tonnes carbon per km2,798.0,3592.9370018213986
DEU,ALLC,agri_potential_carbon,14027.701923182041,54.0362581944144,mean tonnes carbon per km2,6196.0,91420.51205068886
GHA,ALLC,agri_potential_carbon,11736.720192018407,144.30699485166204,mean tonnes carbon per km2,2066.0,49664.91599734605
GRC,ALLC,agri_potential_carbon,4810.145153856754,82.2375387239243,mean tonnes carbon per km2,1848.0,26812.248033730313
GRL,ALLC,agri_potential_carbon,,,mean tonnes carbon per km2,,
GRD,ALLC,agri_potential_carbon,14261.181170186885,551.7684252116086,mean tonnes carbon per km2,5.0,96.97200073242186
NRU,ALLC,agri_potential_carbon,,,mean tonnes carbon per km2,,
GTM,ALLC,agri_potential_carbon,9950.932241078212,114.53235788172543,mean tonnes carbon per km2,1174.0,21826.996027059555
NPL,ALLC,agri_potential_carbon,8244.48748415022,166.6290915423522,mean tonnes carbon per km2,1650.0,43222.67202386975
GIN,ALLC,agri_potential_carbon,10292.975092970139,89.64999957132761,mean tonnes carbon per km2,1769.0,24983.186995942597
GNB,ALLC,agri_potential_carbon,12084.225094026742,421.4109015493028,mean tonnes carbon per km2,306.0,3179.8610062193875
GUY,ALLC,agri_potential_carbon,6447.522824144942,534.9460936604501,mean tonnes carbon per km2,323.0,1822.282001900673
HTI,ALLC,agri_potential_carbon,10036.091031258205,210.14613523615873,mean tonnes carbon per km2,323.0,14590.753975524902
JOR,ALLC,agri_potential_carbon,864.459929312369,70.50418411715643,mean tonnes carbon per km2,309.0,1800.5129967570306
HND,ALLC,agri_potential_carbon,10537.044441068138,124.97188555285977,mean tonnes carbon per km2,1094.0,10713.531995302437
HUN,ALLC,agri_potential_carbon,7128.179456071645,82.65376025562766,mean tonnes carbon per km2,1347.0,38523.687006769775
ISL,ALLC,agri_potential_carbon,3907.719790472871,192.8783193719323,mean tonnes carbon per km2,331.0,4.032999945208431
IDN,ALLC,agri_potential_carbon,11375.234795683446,64.25772243304209,mean tonnes carbon per km2,14102.0,307373.9020874851
IRN,ALLC,agri_potential_carbon,811.0805476606774,16.26722935149471,mean tonnes carbon per km2,13048.0,131595.56802193873
IRQ,ALLC,agri_potential_carbon,894.1596911822725,24.50203993120865,mean tonnes carbon per km2,2215.0,27651.131017715932
IRL,ALLC,agri_potential_carbon,12824.594071850182,209.1995550758266,mean tonnes carbon per km2,1246.0,3193.9730041211847
KAZ,ALLC,agri_potential_carbon,5127.02068856539,21.93724948397377,mean tonnes carbon per km2,19336.0,179220.69412296778
KEN,ALLC,agri_potential_carbon,8150.579745004611,122.05381373883168,mean tonnes carbon per km2,2284.0,48942.128936199915
KIR,ALLC,agri_potential_carbon,0.0,0.0,mean tonnes carbon per km2,2.0,10.838999633789062
PRK,ALLC,agri_potential_carbon,8712.565649378326,61.47570918005987,mean tonnes carbon per km2,1752.0,26138.17300974369
KOR,ALLC,agri_potential_carbon,7574.769858417683,129.25368840533991,mean tonnes carbon per km2,1339.0,13339.650987091065
XKX,ALLC,agri_potential_carbon,7561.716420854723,206.4126427617604,mean tonnes carbon per km2,161.0,1607.808002589941
SRB,ALLC,agri_potential_carbon,5391.017744491157,87.15990252894822,mean tonnes carbon per km2,1224.0,29497.598987454174
SYC,ALLC,agri_potential_carbon,0.0,0.0,mean tonnes carbon per km2,2.0,1.3939999675750734
SLE,ALLC,agri_potential_carbon,15293.60547062729,219.56672858004836,mean tonnes carbon per km2,373.0,7999.7830017089855
SGP,ALLC,agri_potential_carbon,15714.497502144843,575.846180602101,mean tonnes carbon per km2,9.0,8.72400001525879
ITA,ALLC,agri_potential_carbon,7247.128068607328,56.79595382528599,mean tonnes carbon per km2,4451.0,58447.47101024627
JAM,ALLC,agri_potential_carbon,10955.858272512045,432.71504545878645,mean tonnes carbon per km2,124.0,1552.979995956421
JPN,ALLC,agri_potential_carbon,8498.406080931352,112.89749365408053,mean tonnes carbon per km2,4708.0,26806.722001697122
KGZ,ALLC,agri_potential_carbon,2291.1611554384235,62.641507896550955,mean tonnes carbon per km2,1668.0,9176.882999006584
LAO,ALLC,agri_potential_carbon,12924.18940330439,163.00841802077846,mean tonnes carbon per km2,1586.0,13703.006007089614
LVA,ALLC,agri_potential_carbon,13473.903932045623,175.4974781662505,mean tonnes carbon per km2,1269.0,6867.5550041714305
LBN,ALLC,agri_potential_carbon,5413.3941757640305,227.45120953211466,mean tonnes carbon per km2,135.0,2328.5069987154
LSO,ALLC,agri_potential_carbon,4955.63470720371,154.61496568851607,mean tonnes carbon per km2,342.0,2107.546999177933
LBR,ALLC,agri_potential_carbon,16911.54214609374,760.5278628309212,mean tonnes carbon per km2,114.0,1334.9839989089967
LBY,ALLC,agri_potential_carbon,1134.0204341209335,75.3642435470281,mean tonnes carbon per km2,1494.0,7955.427026047781
LIE,ALLC,agri_potential_carbon,8989.658025070332,0.0,mean tonnes carbon per km2,1.0,0.06
LTU,ALLC,agri_potential_carbon,13155.55375066082,147.21858260459845,mean tonnes carbon per km2,1285.0,14375.511018190384
LUX,ALLC,agri_potential_carbon,14646.715982464582,332.5246830121604,mean tonnes carbon per km2,46.0,359.066996383667
MCO,ALLC,agri_potential_carbon,,,mean tonnes carbon per km2,,
MNG,ALLC,agri_potential_carbon,2773.0427197301337,63.24317478991102,mean tonnes carbon per km2,3086.0,2934.7210044141116
MNE,ALLC,agri_potential_carbon,8258.875388959712,391.0364274767279,mean tonnes carbon per km2,200.0,437.1169989705086
MKD,ALLC,agri_potential_carbon,5628.904390292169,229.23524766112942,mean tonnes carbon per km2,342.0,3290.4549963283534
MDG,ALLC,agri_potential_carbon,8567.004700731806,86.22545168538188,mean tonnes carbon per km2,5221.0,25336.378999922053
MWI,ALLC,agri_potential_carbon,6874.132294910249,67.52815266671278,mean tonnes carbon per km2,1105.0,37797.82900084197
MYS,ALLC,agri_potential_carbon,13794.127555160832,100.48700563491722,mean tonnes carbon per km2,2753.0,61206.35800532818
MDV,ALLC,agri_potential_carbon,,,mean tonnes carbon per km2,,
MLI,ALLC,agri_potential_carbon,2959.4702498693164,49.91386330178922,mean tonnes carbon per km2,4850.0,56595.847000451686
MLT,ALLC,agri_potential_carbon,8236.21992407643,1079.0523492384548,mean tonnes carbon per km2,6.0,118.26499877929689
MHL,ALLC,agri_potential_carbon,,,mean tonnes carbon per km2,,
MRT,ALLC,agri_potential_carbon,2062.7202667370175,50.888507296938926,mean tonnes carbon per km2,1457.0,3246.150998580456
MUS,ALLC,agri_potential_carbon,11457.216837785283,951.0864793739131,mean tonnes carbon per km2,23.0,578.1009988403321
MEX,ALLC,agri_potential_carbon,6515.493313268762,68.96737420572977,mean tonnes carbon per km2,13675.0,137030.21596175717
FSM,ALLC,agri_potential_carbon,0.0,0.0,mean tonnes carbon per km2,3.0,17.295
MDA,ALLC,agri_potential_carbon,6321.922317704296,103.85868846568819,mean tonnes carbon per km2,575.0,15873.902983379365
NIC,ALLC,agri_potential_carbon,10307.145255888903,116.66221839517176,mean tonnes carbon per km2,1197.0,10292.544006078242
OMN,ALLC,agri_potential_carbon,149.3026004095689,32.73405347687392,mean tonnes carbon per km2,454.0,539.9999975693227
PAK,ALLC,agri_potential_carbon,1418.0876651537355,28.397444913471276,mean tonnes carbon per km2,7736.0,205589.74696543976
PLW,ALLC,agri_potential_carbon,,,mean tonnes carbon per km2,,
PAN,ALLC,agri_potential_carbon,11247.279160502185,314.35207454352707,mean tonnes carbon per km2,567.0,3014.7720062327385
PNG,ALLC,agri_potential_carbon,9946.435529344448,376.02391000131144,mean tonnes carbon per km2,843.0,5893.517997737527
PRY,ALLC,agri_potential_carbon,8855.199942040652,82.94864187570745,mean tonnes carbon per km2,3578.0,49442.184029425385
PER,ALLC,agri_potential_carbon,4535.174543954422,116.26446417392548,mean tonnes carbon per km2,4349.0,26775.839020003677
PHL,ALLC,agri_potential_carbon,14385.179558660995,75.38225122355686,mean tonnes carbon per km2,3105.0,112150.89692886232
POL,ALLC,agri_potential_carbon,14685.075323005749,55.39224102910037,mean tonnes carbon per km2,5796.0,103514.8700209409
PRT,ALLC,agri_potential_carbon,8665.031744815742,65.16955626839315,mean tonnes carbon per km2,1333.0,12356.36500315845
ROU,ALLC,agri_potential_carbon,5113.513708130037,71.25022122688435,mean tonnes carbon per km2,3546.0,75502.76902877569
RUS,ALLC,agri_potential_carbon,7027.625968911166,18.70448460986109,mean tonnes carbon per km2,57232.0,516443.131002974
RWA,ALLC,agri_potential_carbon,10630.617422641453,265.95894896971816,mean tonnes carbon per km2,283.0,11959.382011051179
WSM,ALLC,agri_potential_carbon,,,mean tonnes carbon per km2,,
SMR,ALLC,agri_potential_carbon,,,mean tonnes carbon per km2,,
TON,ALLC,agri_potential_carbon,3277.446556287636,1540.014163501807,mean tonnes carbon per km2,3.0,21.25800048828125
TTO,ALLC,agri_potential_carbon,11762.687655905103,1189.9278180063052,mean tonnes carbon per km2,42.0,300.2100009095669
TUN,ALLC,agri_potential_carbon,3650.159857614322,100.96469057936834,mean tonnes carbon per km2,1253.0,35865.46307773687
TKM,ALLC,agri_potential_carbon,856.8559604964933,20.998806390512073,mean tonnes carbon per km2,1165.0,15215.890991802215
STP,ALLC,agri_potential_carbon,2664.295709617618,1176.8400511021262,mean tonnes carbon per km2,11.0,388.31999450683594
SAU,ALLC,agri_potential_carbon,157.48648372459928,26.921670269221142,mean tonnes carbon per km2,3309.0,6257.320993228405
SEN,ALLC,agri_potential_carbon,5281.231836003677,97.70768081952234,mean tonnes carbon per km2,1653.0,27474.744993243217
SVK,ALLC,agri_potential_carbon,9207.10708776505,160.95152690929817,mean tonnes carbon per km2,795.0,10878.115019762517
SVN,ALLC,agri_potential_carbon,11449.796402590073,293.08654982684567,mean tonnes carbon per km2,266.0,1424.67800116539
SLB,ALLC,agri_potential_carbon,9384.719055871681,397.64116006990093,mean tonnes carbon per km2,148.0,801.6230021452902
SOM,ALLC,agri_potential_carbon,2237.664971167085,88.94513907861706,mean tonnes carbon per km2,2070.0,6826.127007215769
ZAF,ALLC,agri_potential_carbon,5466.016641061901,46.873550465804534,mean tonnes carbon per km2,10153.0,52716.45297177874
SSD,ALLC,agri_potential_carbon,4745.073636013694,48.67858634751686,mean tonnes carbon per km2,4406.0,29448.57699868649
ESP,ALLC,agri_potential_carbon,6839.822526788141,40.582505224939894,mean tonnes carbon per km2,7432.0,125025.38195295185
LKA,ALLC,agri_potential_carbon,10242.164798466903,158.64592323406157,mean tonnes carbon per km2,761.0,20784.545045778752
KNA,ALLC,agri_potential_carbon,13525.777596650756,486.78408727487573,mean tonnes carbon per km2,3.0,5.5239999389648435
LCA,ALLC,agri_potential_carbon,9443.240392345964,926.4544800172525,mean tonnes carbon per km2,7.0,77.19000129699705
VCT,ALLC,agri_potential_carbon,12503.967183658238,4285.200233506179,mean tonnes carbon per km2,3.0,53.50100006103516
SDN,ALLC,agri_potential_carbon,1393.4750732655616,22.78976550530345,mean tonnes carbon per km2,6170.0,97186.15196781248
SUR,ALLC,agri_potential_carbon,5058.870199171978,1270.3794196306806,mean tonnes carbon per km2,82.0,635.0700065422059
SWZ,ALLC,agri_potential_carbon,7366.520817576637,192.45715757889013,mean tonnes carbon per km2,224.0,1610.8180033373833
SWE,ALLC,agri_potential_carbon,15001.223099611569,196.22851699213174,mean tonnes carbon per km2,4037.0,11912.948990678862
CHE,ALLC,agri_potential_carbon,12486.578830444472,216.06755889682,mean tonnes carbon per km2,386.0,2500.987996189594
SYR,ALLC,agri_potential_carbon,964.587390781163,41.16942378507543,mean tonnes carbon per km2,1504.0,46162.427010617845
TWN,ALLC,agri_potential_carbon,13590.635469449198,305.71292900435077,mean tonnes carbon per km2,314.0,14938.112003173826
TJK,ALLC,agri_potential_carbon,1374.3068159544475,116.12373763921545,mean tonnes carbon per km2,823.0,8458.153996826262
TZA,ALLC,agri_potential_carbon,8232.453012465463,43.859683322778984,mean tonnes carbon per km2,6970.0,108597.30490558072
THA,ALLC,agri_potential_carbon,10021.654584894643,45.54131161103083,mean tonnes carbon per km2,5523.0,187748.1439623594
TLS,ALLC,agri_potential_carbon,11529.89705557768,332.54636192893474,mean tonnes carbon per km2,146.0,1758.8790029335023
TGO,ALLC,agri_potential_carbon,8806.272049091702,123.2902783190134,mean tonnes carbon per km2,601.0,16506.30901092529
TUV,ALLC,agri_potential_carbon,,,mean tonnes carbon per km2,,
UGA,ALLC,agri_potential_carbon,8978.975690775369,97.1793035529708,mean tonnes carbon per km2,2238.0,44711.14501485586
URY,ALLC,agri_potential_carbon,3000.891947579793,59.1334588569624,mean tonnes carbon per km2,2183.0,18143.34297462158
UZB,ALLC,agri_potential_carbon,1267.4662146574342,21.252189872441935,mean tonnes carbon per km2,1787.0,35603.577985320095
VUT,ALLC,agri_potential_carbon,8831.703592461368,985.085508664746,mean tonnes carbon per km2,24.0,422.5120037841797
VAT,ALLC,agri_potential_carbon,,,mean tonnes carbon per km2,,
VEN,ALLC,agri_potential_carbon,7682.493353510929,164.794963896988,mean tonnes carbon per km2,5192.0,17904.394987469394
VNM,ALLC,agri_potential_carbon,12559.244573433196,75.735371626643,mean tonnes carbon per km2,3639.0,90553.09304840566
ZMB,ALLC,agri_potential_carbon,7111.213375193581,43.25670457295868,mean tonnes carbon per km2,6179.0,20917.545000787377
ZWE,ALLC,agri_potential_carbon,5815.735818610317,41.018641094782495,mean tonnes carbon per km2,4258.0,29073.643030108287
YEM,ALLC,agri_potential_carbon,1102.0064986221278,53.97591763016282,mean tonnes carbon per km2,2014.0,11057.087992069872
UKR,ALLC,agri_potential_carbon,7697.159108648897,56.57293860669201,mean tonnes carbon per km2,10390.0,242670.51993994432
BHR,ALLC,agri_potential_carbon,33.976113719080224,11.001770532742558,mean tonnes carbon per km2,5.0,16.17000030517578
KWT,ALLC,agri_potential_carbon,61.907137269163414,41.27598238535162,mean tonnes carbon per km2,59.0,142.11499914169312
QAT,ALLC,agri_potential_carbon,155.91446355998588,31.00238668023644,mean tonnes carbon per km2,104.0,51.06799990177154
ARE,ALLC,agri_potential_carbon,12.738760865296936,6.689720312789485,mean tonnes carbon per km2,390.0,1435.6890228241682
TUR,ALLC,agri_potential_carbon,2525.726778700218,27.06199073967602,mean tonnes carbon per km2,11150.0,182616.09097426996
ISR,ALLC,agri_potential_carbon,3261.918607569756,266.82183060894414,mean tonnes carbon per km2,156.0,2703.548998661041
BGD,ALLC,agri_potential_carbon,9750.140285190799,75.78597211650045,mean tonnes carbon per km2,1711.0,105553.34183446168
MMR,ALLC,agri_potential_carbon,8305.635666598415,92.07548069046892,mean tonnes carbon per km2,5183.0,162648.95810092287
IND,ALLC,agri_potential_carbon,4778.030731299203,21.613210064811934,mean tonnes carbon per km2,36576.0,1640882.269241062
BEN,ALLC,agri_potential_carbon,8248.48113121423,113.01394006394833,mean tonnes carbon per km2,1128.0,18470.2219536829
NER,ALLC,agri_potential_carbon,1996.1978266557526,29.625880688261006,mean tonnes carbon per km2,3873.0,86825.19300357527
NGA,ALLC,agri_potential_carbon,7318.99991545653,49.12412610457197,mean tonnes carbon per km2,9833.0,352764.25188163866
111,ALLC,agri_potential_carbon,3759.133682117234,225.87483502384313,mean tonnes carbon per km2,51.0,116.08699930667876
112,ALLC,agri_potential_carbon,,,mean tonnes carbon per km2,,
113,ALLC,agri_potential_carbon,0.0,0.0,mean tonnes carbon per km2,1.0,0.17899999618530274
114,ALLC,agri_potential_carbon,,,mean tonnes carbon per km2,,
115,ALLC,agri_potential_carbon,,,mean tonnes carbon per km2,,
116,ALLC,agri_potential_carbon,,,mean tonnes carbon per km2,,
117,ALLC,agri_potential_carbon,,,mean tonnes carbon per km2,,
118,ALLC,agri_potential_carbon,,,mean tonnes carbon per km2,,
119,ALLC,agri_potential_carbon,,,mean tonnes carbon per km2,,
120,ALLC,agri_potential_carbon,,,mean tonnes carbon per km2,,
121,ALLC,agri_potential_carbon,,,mean tonnes carbon per km2,,
122,ALLC,agri_potential_carbon,,,mean tonnes carbon per km2,,
123,ALLC,agri_potential_carbon,,,mean tonnes carbon per km2,,
124,ALLC,agri_potential_carbon,,,mean tonnes carbon per km2,,
125,ALLC,agri_potential_carbon,,,mean tonnes carbon per km2,,
126,ALLC,agri_potential_carbon,,,mean tonnes carbon per km2,,
127,ALLC,agri_potential_carbon,,,mean tonnes carbon per km2,,
128,ALLC,agri_potential_carbon,,,mean tonnes carbon per km2,,
129,ALLC,agri_potential_carbon,,,mean tonnes carbon per km2,,
ESH,ALLC,agri_potential_carbon,0.4212443118812923,0.3265235888607304,mean tonnes carbon per km2,30.0,30.602999699115752
AFG,BUFFA,agri_potential_carbon,,,mean tonnes carbon per km2,,
GBR,BUFFA,agri_potential_carbon,,,mean tonnes carbon per km2,,
ALB,BUFFA,agri_potential_carbon,6758.967694357845,215.72486947401373,mean tonnes carbon per km2,189.0,2412.1392131958855
DZA,BUFFA,agri_potential_carbon,,,mean tonnes carbon per km2,,
USA,BUFFA,agri_potential_carbon,,,mean tonnes carbon per km2,,
ATA,BUFFA,agri_potential_carbon,,,mean tonnes carbon per km2,,
ATG,BUFFA,agri_potential_carbon,,,mean tonnes carbon per km2,,
ARG,BUFFA,agri_potential_carbon,,,mean tonnes carbon per km2,,
AND,BUFFA,agri_potential_carbon,,,mean tonnes carbon per km2,,
AGO,BUFFA,agri_potential_carbon,,,mean tonnes carbon per km2,,
ARM,BUFFA,agri_potential_carbon,5591.173515084363,604.044686493349,mean tonnes carbon per km2,93.0,2293.176686525345
NLD,BUFFA,agri_potential_carbon,,,mean tonnes carbon per km2,,
AUS,BUFFA,agri_potential_carbon,,,mean tonnes carbon per km2,,
AUT,BUFFA,agri_potential_carbon,,,mean tonnes carbon per km2,,
AZE,BUFFA,agri_potential_carbon,4223.660432781402,223.41371206249872,mean tonnes carbon per km2,509.0,10907.201854482293
BHS,BUFFA,agri_potential_carbon,,,mean tonnes carbon per km2,,
BRB,BUFFA,agri_potential_carbon,,,mean tonnes carbon per km2,,
BLR,BUFFA,agri_potential_carbon,,,mean tonnes carbon per km2,,
BEL,BUFFA,agri_potential_carbon,,,mean tonnes carbon per km2,,
BLZ,BUFFA,agri_potential_carbon,,,mean tonnes carbon per km2,,
BTN,BUFFA,agri_potential_carbon,12064.441986654514,1222.0807568117164,mean tonnes carbon per km2,63.0,271.7026461213827
BOL,BUFFA,agri_potential_carbon,,,mean tonnes carbon per km2,,
BIH,BUFFA,agri_potential_carbon,,,mean tonnes carbon per km2,,
BWA,BUFFA,agri_potential_carbon,,,mean tonnes carbon per km2,,
NOR,BUFFA,agri_potential_carbon,,,mean tonnes carbon per km2,,
COL,BUFFA,agri_potential_carbon,,,mean tonnes carbon per km2,,
COM,BUFFA,agri_potential_carbon,,,mean tonnes carbon per km2,,
BRA,BUFFA,agri_potential_carbon,9098.664403481025,155.0328181692366,mean tonnes carbon per km2,14439.0,444128.2062347147
FRA,BUFFA,agri_potential_carbon,,,mean tonnes carbon per km2,,
COD,BUFFA,agri_potential_carbon,,,mean tonnes carbon per km2,,
COG,BUFFA,agri_potential_carbon,,,mean tonnes carbon per km2,,
NZL,BUFFA,agri_potential_carbon,,,mean tonnes carbon per km2,,
BRN,BUFFA,agri_potential_carbon,14911.992240245603,1055.4564486011336,mean tonnes carbon per km2,15.0,21.947362429462373
BGR,BUFFA,agri_potential_carbon,5725.27977613275,72.71873930936738,mean tonnes carbon per km2,1224.0,15776.604026385583
BFA,BUFFA,agri_potential_carbon,,,mean tonnes carbon per km2,,
BDI,BUFFA,agri_potential_carbon,,,mean tonnes carbon per km2,,
CPV,BUFFA,agri_potential_carbon,,,mean tonnes carbon per km2,,
KHM,BUFFA,agri_potential_carbon,13352.383556799536,134.14779620049083,mean tonnes carbon per km2,1204.0,12862.693190328777
CMR,BUFFA,agri_potential_carbon,,,mean tonnes carbon per km2,,
CAN,BUFFA,agri_potential_carbon,,,mean tonnes carbon per km2,,
CRI,BUFFA,agri_potential_carbon,,,mean tonnes carbon per km2,,
CIV,BUFFA,agri_potential_carbon,,,mean tonnes carbon per km2,,
HRV,BUFFA,agri_potential_carbon,,,mean tonnes carbon per km2,,
CUB,BUFFA,agri_potential_carbon,,,mean tonnes carbon per km2,,
CAF,BUFFA,agri_potential_carbon,,,mean tonnes carbon per km2,,
TCD,BUFFA,agri_potential_carbon,,,mean tonnes carbon per km2,,
CHL,BUFFA,agri_potential_carbon,,,mean tonnes carbon per km2,,
CHN,BUFFA,agri_potential_carbon,9281.623565674863,33.250985588459,mean tonnes carbon per km2,34841.0,749865.30088276
CYP,BUFFA,agri_potential_carbon,,,mean tonnes carbon per km2,,
CZE,BUFFA,agri_potential_carbon,,,mean tonnes carbon per km2,,
DNK,BUFFA,agri_potential_carbon,,,mean tonnes carbon per km2,,
DJI,BUFFA,agri_potential_carbon,,,mean tonnes carbon per km2,,
DMA,BUFFA,agri_potential_carbon,,,mean tonnes carbon per km2,,
DOM,BUFFA,agri_potential_carbon,,,mean tonnes carbon per km2,,
ECU,BUFFA,agri_potential_carbon,,,mean tonnes carbon per km2,,
EGY,BUFFA,agri_potential_carbon,,,mean tonnes carbon per km2,,
SLV,BUFFA,agri_potential_carbon,,,mean tonnes carbon per km2,,
GNQ,BUFFA,agri_potential_carbon,,,mean tonnes carbon per km2,,
ERI,BUFFA,agri_potential_carbon,,,mean tonnes carbon per km2,,
EST,BUFFA,agri_potential_carbon,,,mean tonnes carbon per km2,,
ETH,BUFFA,agri_potential_carbon,,,mean tonnes carbon per km2,,
FJI,BUFFA,agri_potential_carbon,,,mean tonnes carbon per km2,,
FIN,BUFFA,agri_potential_carbon,,,mean tonnes carbon per km2,,
GAB,BUFFA,agri_potential_carbon,,,mean tonnes carbon per km2,,
GMB,BUFFA,agri_potential_carbon,,,mean tonnes carbon per km2,,
MAR,BUFFA,agri_potential_carbon,,,mean tonnes carbon per km2,,
MOZ,BUFFA,agri_potential_carbon,,,mean tonnes carbon per km2,,
NAM,BUFFA,agri_potential_carbon,,,mean tonnes carbon per km2,,
GEO,BUFFA,agri_potential_carbon,5936.462025970163,253.36396507386053,mean tonnes carbon per km2,592.0,11310.08505706489
DEU,BUFFA,agri_potential_carbon,12524.78413271972,120.23482085231494,mean tonnes carbon per km2,4477.0,34621.39694462484
GHA,BUFFA,agri_potential_carbon,,,mean tonnes carbon per km2,,
GRC,BUFFA,agri_potential_carbon,5147.371889501539,104.98158028528823,mean tonnes carbon per km2,425.0,8002.364598657936
GRL,BUFFA,agri_potential_carbon,,,mean tonnes carbon per km2,,
GRD,BUFFA,agri_potential_carbon,,,mean tonnes carbon per km2,,
NRU,BUFFA,agri_potential_carbon,,,mean tonnes carbon per km2,,
GTM,BUFFA,agri_potential_carbon,,,mean tonnes carbon per km2,,
NPL,BUFFA,agri_potential_carbon,8216.726357552427,259.3806092983664,mean tonnes carbon per km2,1330.0,11813.969867429696
GIN,BUFFA,agri_potential_carbon,,,mean tonnes carbon per km2,,
GNB,BUFFA,agri_potential_carbon,,,mean tonnes carbon per km2,,
GUY,BUFFA,agri_potential_carbon,,,mean tonnes carbon per km2,,
HTI,BUFFA,agri_potential_carbon,,,mean tonnes carbon per km2,,
JOR,BUFFA,agri_potential_carbon,,,mean tonnes carbon per km2,,
HND,BUFFA,agri_potential_carbon,,,mean tonnes carbon per km2,,
HUN,BUFFA,agri_potential_carbon,,,mean tonnes carbon per km2,,
ISL,BUFFA,agri_potential_carbon,,,mean tonnes carbon per km2,,
IDN,BUFFA,agri_potential_carbon,11401.808421754151,140.3969399131604,mean tonnes carbon per km2,6556.0,63884.37835541705
IRN,BUFFA,agri_potential_carbon,1179.5089386220052,46.10319412175191,mean tonnes carbon per km2,677.0,17553.72036510706
IRQ,BUFFA,agri_potential_carbon,1645.7369516543226,298.6186583641606,mean tonnes carbon per km2,65.0,1329.0964703559875
IRL,BUFFA,agri_potential_carbon,,,mean tonnes carbon per km2,,
KAZ,BUFFA,agri_potential_carbon,4895.169786396937,99.60377898366697,mean tonnes carbon per km2,529.0,9864.069820582867
KEN,BUFFA,agri_potential_carbon,,,mean tonnes carbon per km2,,
KIR,BUFFA,agri_potential_carbon,,,mean tonnes carbon per km2,,
PRK,BUFFA,agri_potential_carbon,,,mean tonnes carbon per km2,,
KOR,BUFFA,agri_potential_carbon,,,mean tonnes carbon per km2,,
XKX,BUFFA,agri_potential_carbon,,,mean tonnes carbon per km2,,
SRB,BUFFA,agri_potential_carbon,,,mean tonnes carbon per km2,,
SYC,BUFFA,agri_potential_carbon,,,mean tonnes carbon per km2,,
SLE,BUFFA,agri_potential_carbon,,,mean tonnes carbon per km2,,
SGP,BUFFA,agri_potential_carbon,,,mean tonnes carbon per km2,,
ITA,BUFFA,agri_potential_carbon,7347.635232775822,140.15843897377425,mean tonnes carbon per km2,3527.0,34053.10433038641
JAM,BUFFA,agri_potential_carbon,,,mean tonnes carbon per km2,,
JPN,BUFFA,agri_potential_carbon,,,mean tonnes carbon per km2,,
KGZ,BUFFA,agri_potential_carbon,,,mean tonnes carbon per km2,,
LAO,BUFFA,agri_potential_carbon,12654.290613777299,230.4864917690875,mean tonnes carbon per km2,1102.0,6516.57780559013
LVA,BUFFA,agri_potential_carbon,,,mean tonnes carbon per km2,,
LBN,BUFFA,agri_potential_carbon,,,mean tonnes carbon per km2,,
LSO,BUFFA,agri_potential_carbon,,,mean tonnes carbon per km2,,
LBR,BUFFA,agri_potential_carbon,,,mean tonnes carbon per km2,,
LBY,BUFFA,agri_potential_carbon,,,mean tonnes carbon per km2,,
LIE,BUFFA,agri_potential_carbon,,,mean tonnes carbon per km2,,
LTU,BUFFA,agri_potential_carbon,,,mean tonnes carbon per km2,,
LUX,BUFFA,agri_potential_carbon,,,mean tonnes carbon per km2,,
MCO,BUFFA,agri_potential_carbon,,,mean tonnes carbon per km2,,
MNG,BUFFA,agri_potential_carbon,,,mean tonnes carbon per km2,,
MNE,BUFFA,agri_potential_carbon,,,mean tonnes carbon per km2,,
MKD,BUFFA,agri_potential_carbon,5692.316738201415,184.35445740599476,mean tonnes carbon per km2,248.0,4550.178067270666
MDG,BUFFA,agri_potential_carbon,,,mean tonnes carbon per km2,,
MWI,BUFFA,agri_potential_carbon,,,mean tonnes carbon per km2,,
MYS,BUFFA,agri_potential_carbon,14330.231115554801,113.12306540803121,mean tonnes carbon per km2,1529.0,1897.3439236460254
MDV,BUFFA,agri_potential_carbon,,,mean tonnes carbon per km2,,
MLI,BUFFA,agri_potential_carbon,,,mean tonnes carbon per km2,,
MLT,BUFFA,agri_potential_carbon,,,mean tonnes carbon per km2,,
MHL,BUFFA,agri_potential_carbon,,,mean tonnes carbon per km2,,
MRT,BUFFA,agri_potential_carbon,,,mean tonnes carbon per km2,,
MUS,BUFFA,agri_potential_carbon,,,mean tonnes carbon per km2,,
MEX,BUFFA,agri_potential_carbon,,,mean tonnes carbon per km2,,
FSM,BUFFA,agri_potential_carbon,,,mean tonnes carbon per km2,,
MDA,BUFFA,agri_potential_carbon,,,mean tonnes carbon per km2,,
NIC,BUFFA,agri_potential_carbon,,,mean tonnes carbon per km2,,
OMN,BUFFA,agri_potential_carbon,,,mean tonnes carbon per km2,,
PAK,BUFFA,agri_potential_carbon,1787.4796715804925,331.00229821013875,mean tonnes carbon per km2,262.0,2572.3181880442426
PLW,BUFFA,agri_potential_carbon,,,mean tonnes carbon per km2,,
PAN,BUFFA,agri_potential_carbon,,,mean tonnes carbon per km2,,
PNG,BUFFA,agri_potential_carbon,,,mean tonnes carbon per km2,,
PRY,BUFFA,agri_potential_carbon,,,mean tonnes carbon per km2,,
PER,BUFFA,agri_potential_carbon,,,mean tonnes carbon per km2,,
PHL,BUFFA,agri_potential_carbon,14614.017783091775,96.29277415096132,mean tonnes carbon per km2,2163.0,10851.779112544027
POL,BUFFA,agri_potential_carbon,,,mean tonnes carbon per km2,,
PRT,BUFFA,agri_potential_carbon,,,mean tonnes carbon per km2,,
ROU,BUFFA,agri_potential_carbon,,,mean tonnes carbon per km2,,
RUS,BUFFA,agri_potential_carbon,6019.387624005716,483.5512679482468,mean tonnes carbon per km2,367.0,2415.102494187653
RWA,BUFFA,agri_potential_carbon,,,mean tonnes carbon per km2,,
WSM,BUFFA,agri_potential_carbon,,,mean tonnes carbon per km2,,
SMR,BUFFA,agri_potential_carbon,6774.803191878977,0.0,mean tonnes carbon per km2,1.0,26.29429817199707
TON,BUFFA,agri_potential_carbon,,,mean tonnes carbon per km2,,
TTO,BUFFA,agri_potential_carbon,,,mean tonnes carbon per km2,,
TUN,BUFFA,agri_potential_carbon,,,mean tonnes carbon per km2,,
TKM,BUFFA,agri_potential_carbon,,,mean tonnes carbon per km2,,
STP,BUFFA,agri_potential_carbon,,,mean tonnes carbon per km2,,
SAU,BUFFA,agri_potential_carbon,,,mean tonnes carbon per km2,,
SEN,BUFFA,agri_potential_carbon,,,mean tonnes carbon per km2,,
SVK,BUFFA,agri_potential_carbon,,,mean tonnes carbon per km2,,
SVN,BUFFA,agri_potential_carbon,,,mean tonnes carbon per km2,,
SLB,BUFFA,agri_potential_carbon,,,mean tonnes carbon per km2,,
SOM,BUFFA,agri_potential_carbon,,,mean tonnes carbon per km2,,
ZAF,BUFFA,agri_potential_carbon,,,mean tonnes carbon per km2,,
SSD,BUFFA,agri_potential_carbon,,,mean tonnes carbon per km2,,
ESP,BUFFA,agri_potential_carbon,,,mean tonnes carbon per km2,,
LKA,BUFFA,agri_potential_carbon,8440.185880777397,239.36499971374786,mean tonnes carbon per km2,585.0,3772.3398620829685
KNA,BUFFA,agri_potential_carbon,,,mean tonnes carbon per km2,,
LCA,BUFFA,agri_potential_carbon,,,mean tonnes carbon per km2,,
VCT,BUFFA,agri_potential_carbon,,,mean tonnes carbon per km2,,
SDN,BUFFA,agri_potential_carbon,,,mean tonnes carbon per km2,,
SUR,BUFFA,agri_potential_carbon,4675.916487923393,1769.0746796007754,mean tonnes carbon per km2,16.0,8.49850069439185
SWZ,BUFFA,agri_potential_carbon,,,mean tonnes carbon per km2,,
SWE,BUFFA,agri_potential_carbon,,,mean tonnes carbon per km2,,
CHE,BUFFA,agri_potential_carbon,,,mean tonnes carbon per km2,,
SYR,BUFFA,agri_potential_carbon,1822.1970747003245,231.16238530842298,mean tonnes carbon per km2,133.0,767.1303470209241
TWN,BUFFA,agri_potential_carbon,14684.664664856944,542.9774524612981,mean tonnes carbon per km2,189.0,3454.679239452118
TJK,BUFFA,agri_potential_carbon,3056.8952911531687,132.65972005017906,mean tonnes carbon per km2,343.0,5683.186101078987
TZA,BUFFA,agri_potential_carbon,,,mean tonnes carbon per km2,,
THA,BUFFA,agri_potential_carbon,10358.862668011254,70.54397872881759,mean tonnes carbon per km2,3976.0,7806.277060493991
TLS,BUFFA,agri_potential_carbon,12456.075466583054,392.94413754737815,mean tonnes carbon per km2,109.0,993.0170109272003
TGO,BUFFA,agri_potential_carbon,,,mean tonnes carbon per km2,,
TUV,BUFFA,agri_potential_carbon,,,mean tonnes carbon per km2,,
UGA,BUFFA,agri_potential_carbon,,,mean tonnes carbon per km2,,
URY,BUFFA,agri_potential_carbon,,,mean tonnes carbon per km2,,
UZB,BUFFA,agri_potential_carbon,,,mean tonnes carbon per km2,,
VUT,BUFFA,agri_potential_carbon,,,mean tonnes carbon per km2,,
VAT,BUFFA,agri_potential_carbon,,,mean tonnes carbon per km2,,
VEN,BUFFA,agri_potential_carbon,,,mean tonnes carbon per km2,,
VNM,BUFFA,agri_potential_carbon,13514.409693295456,141.21713453519897,mean tonnes carbon per km2,2121.0,5925.480001462158
ZMB,BUFFA,agri_potential_carbon,,,mean tonnes carbon per km2,,
ZWE,BUFFA,agri_potential_carbon,,,mean tonnes carbon per km2,,
YEM,BUFFA,agri_potential_carbon,,,mean tonnes carbon per km2,,
UKR,BUFFA,agri_potential_carbon,,,mean tonnes carbon per km2,,
BHR,BUFFA,agri_potential_carbon,,,mean tonnes carbon per km2,,
KWT,BUFFA,agri_potential_carbon,,,mean tonnes carbon per km2,,
QAT,BUFFA,agri_potential_carbon,,,mean tonnes carbon per km2,,
ARE,BUFFA,agri_potential_carbon,,,mean tonnes carbon per km2,,
TUR,BUFFA,agri_potential_carbon,3361.806202940996,120.94291034190677,mean tonnes carbon per km2,3318.0,43568.85457355846
ISR,BUFFA,agri_potential_carbon,,,mean tonnes carbon per km2,,
BGD,BUFFA,agri_potential_carbon,10338.105656609398,98.70106856865698,mean tonnes carbon per km2,1407.0,5012.7225068858825
MMR,BUFFA,agri_potential_carbon,9804.640107786316,113.11391680300325,mean tonnes carbon per km2,3610.0,54750.83614545595
IND,BUFFA,agri_potential_carbon,4691.660409051612,43.29738093790201,mean tonnes carbon per km2,19261.0,59996.619370326545
BEN,BUFFA,agri_potential_carbon,,,mean tonnes carbon per km2,,
NER,BUFFA,agri_potential_carbon,,,mean tonnes carbon per km2,,
NGA,BUFFA,agri_potential_carbon,,,mean tonnes carbon per km2,,
111,BUFFA,agri_potential_carbon,,,mean tonnes carbon per km2,,
112,BUFFA,agri_potential_carbon,,,mean tonnes carbon per km2,,
113,BUFFA,agri_potential_carbon,,,mean tonnes carbon per km2,,
114,BUFFA,agri_potential_carbon,,,mean tonnes carbon per km2,,
115,BUFFA,agri_potential_carbon,,,mean tonnes carbon per km2,,
116,BUFFA,agri_potential_carbon,,,mean tonnes carbon per km2,,
117,BUFFA,agri_potential_carbon,,,mean tonnes carbon per km2,,
118,BUFFA,agri_potential_carbon,,,mean tonnes carbon per km2,,
119,BUFFA,agri_potential_carbon,,,mean tonnes carbon per km2,,
120,BUFFA,agri_potential_carbon,,,mean tonnes carbon per km2,,
121,BUFFA,agri_potential_carbon,,,mean tonnes carbon per km2,,
122,BUFFA,agri_potential_carbon,,,mean tonnes carbon per km2,,
123,BUFFA,agri_potential_carbon,,,mean tonnes carbon per km2,,
124,BUFFA,agri_potential_carbon,,,mean tonnes carbon per km2,,
125,BUFFA,agri_potential_carbon,,,mean tonnes carbon per km2,,
126,BUFFA,agri_potential_carbon,,,mean tonnes carbon per km2,,
127,BUFFA,agri_potential_carbon,,,mean tonnes carbon per km2,,
128,BUFFA,agri_potential_carbon,,,mean tonnes carbon per km2,,
129,BUFFA,agri_potential_carbon,,,mean tonnes carbon per km2,,
ESH,BUFFA,agri_potential_carbon,,,mean tonnes carbon per km2,,
AFG,HORSE,agri_potential_carbon,3040.5146859896654,121.49366860080515,mean tonnes carbon per km2,1181.0,51942.70447188616
GBR,HORSE,agri_potential_carbon,14366.117879098005,112.96885391031807,mean tonnes carbon per km2,3446.0,77774.54359927028
ALB,HORSE,agri_potential_carbon,7036.4371040517435,179.68429150609305,mean tonnes carbon per km2,363.0,4441.653403921868
DZA,HORSE,agri_potential_carbon,5691.165068012084,188.67917198283737,mean tonnes carbon per km2,424.0,5378.637106534854
USA,HORSE,agri_potential_carbon,8516.877483111282,57.79670076991084,mean tonnes carbon per km2,27896.0,353705.76600733626
ATA,HORSE,agri_potential_carbon,,,mean tonnes carbon per km2,,
ATG,HORSE,agri_potential_carbon,,,mean tonnes carbon per km2,,
ARG,HORSE,agri_potential_carbon,4905.597649102024,43.511692468999954,mean tonnes carbon per km2,4569.0,62273.76645545475
AND,HORSE,agri_potential_carbon,11299.54402908692,1130.5914591340108,mean tonnes carbon per km2,7.0,158.14181661605835
AGO,HORSE,agri_potential_carbon,6088.956005221698,1415.578455360775,mean tonnes carbon per km2,3.0,139.65607452392578
ARM,HORSE,agri_potential_carbon,5168.366898797339,175.01026884656255,mean tonnes carbon per km2,256.0,6474.834259107709
NLD,HORSE,agri_potential_carbon,10604.051763854299,134.44036026886997,mean tonnes carbon per km2,594.0,7258.081244722009
AUS,HORSE,agri_potential_carbon,7603.6179878052335,103.42636283378756,mean tonnes carbon per km2,1467.0,34910.25225957985
AUT,HORSE,agri_potential_carbon,11874.433734674418,142.1370912314244,mean tonnes carbon per km2,1081.0,10514.253282195888
AZE,HORSE,agri_potential_carbon,4694.594470020997,153.90231169114526,mean tonnes carbon per km2,512.0,10981.02526833117
BHS,HORSE,agri_potential_carbon,,,mean tonnes carbon per km2,,
BRB,HORSE,agri_potential_carbon,,,mean tonnes carbon per km2,,
BLR,HORSE,agri_potential_carbon,14248.470562530792,96.66428847317492,mean tonnes carbon per km2,3409.0,30656.676846902817
BEL,HORSE,agri_potential_carbon,13475.092684504914,119.72131255727923,mean tonnes carbon per km2,491.0,6632.937187068164
BLZ,HORSE,agri_potential_carbon,12439.021388698402,654.7946590132137,mean tonnes carbon per km2,67.0,319.0236725509167
BTN,HORSE,agri_potential_carbon,8595.35450216884,807.5588612535753,mean tonnes carbon per km2,123.0,476.238738283515
BOL,HORSE,agri_potential_carbon,5612.830340854447,196.3710636754524,mean tonnes carbon per km2,1158.0,42393.722547091544
BIH,HORSE,agri_potential_carbon,8804.343148355088,126.38902842988306,mean tonnes carbon per km2,720.0,8613.386009782553
BWA,HORSE,agri_potential_carbon,,,mean tonnes carbon per km2,,
NOR,HORSE,agri_potential_carbon,10795.380971925879,338.26906591031945,mean tonnes carbon per km2,716.0,1166.4103807105216
COL,HORSE,agri_potential_carbon,9337.08120667304,108.29561200280324,mean tonnes carbon per km2,3493.0,177252.37086214498
COM,HORSE,agri_potential_carbon,,,mean tonnes carbon per km2,,
BRA,HORSE,agri_potential_carbon,6955.304036921831,38.694699529957234,mean tonnes carbon per km2,20746.0,634128.8918037906
FRA,HORSE,agri_potential_carbon,12112.728859715839,42.7480420516401,mean tonnes carbon per km2,7955.0,92411.29367467621
COD,HORSE,agri_potential_carbon,,,mean tonnes carbon per km2,,
COG,HORSE,agri_potential_carbon,,,mean tonnes carbon per km2,,
NZL,HORSE,agri_potential_carbon,7914.79987757452,102.50435687790109,mean tonnes carbon per km2,668.0,28605.52741342783
BRN,HORSE,agri_potential_carbon,,,mean tonnes carbon per km2,,
BGR,HORSE,agri_potential_carbon,5858.90553356509,67.68805945944332,mean tonnes carbon per km2,1275.0,16497.07643671427
BFA,HORSE,agri_potential_carbon,4340.63385295421,86.48689181220654,mean tonnes carbon per km2,278.0,4145.5184526741505
BDI,HORSE,agri_potential_carbon,,,mean tonnes carbon per km2,,
CPV,HORSE,agri_potential_carbon,,,mean tonnes carbon per km2,,
KHM,HORSE,agri_potential_carbon,13509.222965742138,190.3056158121671,mean tonnes carbon per km2,821.0,9422.096551448107
CMR,HORSE,agri_potential_carbon,9277.686510322268,177.38156791981538,mean tonnes carbon per km2,915.0,7996.855597776652
CAN,HORSE,agri_potential_carbon,8804.209395012,155.74306265617287,mean tonnes carbon per km2,3148.0,19796.570261874964
CRI,HORSE,agri_potential_carbon,10707.772371329796,155.27044355948362,mean tonnes carbon per km2,351.0,11987.668920241296
CIV,HORSE,agri_potential_carbon,,,mean tonnes carbon per km2,,
HRV,HORSE,agri_potential_carbon,9875.344366272078,159.24468058530775,mean tonnes carbon per km2,672.0,3041.5680467784405
CUB,HORSE,agri_potential_carbon,11691.292811344745,331.72585792878635,mean tonnes carbon per km2,1003.0,23135.769335977733
CAF,HORSE,agri_potential_carbon,,,mean tonnes carbon per km2,,
TCD,HORSE,agri_potential_carbon,4059.229767508271,52.48216663025869,mean tonnes carbon per km2,1225.0,56974.493465423584
CHL,HORSE,agri_potential_carbon,4501.300704794575,86.54779389016839,mean tonnes carbon per km2,1418.0,18104.606080207974
CHN,HORSE,agri_potential_carbon,6204.932903210216,27.183697992725826,mean tonnes carbon per km2,57998.0,1384039.085985901
CYP,HORSE,agri_potential_carbon,,,mean tonnes carbon per km2,,
CZE,HORSE,agri_potential_carbon,14336.745074002385,3281.5386334253217,mean tonnes carbon per km2,3.0,20.932307481765747
DNK,HORSE,agri_potential_carbon,14825.667016464547,189.90946031911088,mean tonnes carbon per km2,687.0,1328.8069092784935
DJI,HORSE,agri_potential_carbon,,,mean tonnes carbon per km2,,
DMA,HORSE,agri_potential_carbon,,,mean tonnes carbon per km2,,
DOM,HORSE,agri_potential_carbon,9143.209841119002,212.20301685493888,mean tonnes carbon per km2,396.0,10583.636577475816
ECU,HORSE,agri_potential_carbon,7831.1641367017855,189.5563121577121,mean tonnes carbon per km2,1062.0,22941.074670778587
EGY,HORSE,agri_potential_carbon,,,mean tonnes carbon per km2,,
SLV,HORSE,agri_potential_carbon,10780.21433157409,493.11590354731044,mean tonnes carbon per km2,21.0,340.17557502910495
GNQ,HORSE,agri_potential_carbon,,,mean tonnes carbon per km2,,
ERI,HORSE,agri_potential_carbon,,,mean tonnes carbon per km2,,
EST,HORSE,agri_potential_carbon,12676.429625926212,243.62383224872295,mean tonnes carbon per km2,466.0,2015.9237788841128
ETH,HORSE,agri_potential_carbon,8729.376159601643,100.60019434126987,mean tonnes carbon per km2,4047.0,45064.71471695615
FJI,HORSE,agri_potential_carbon,,,mean tonnes carbon per km2,,
FIN,HORSE,agri_potential_carbon,17189.165293939463,334.21594289629735,mean tonnes carbon per km2,689.0,268.06958809215575
GAB,HORSE,agri_potential_carbon,,,mean tonnes carbon per km2,,
GMB,HORSE,agri_potential_carbon,6825.991234795332,294.4340053521534,mean tonnes carbon per km2,117.0,1950.5608850717545
MAR,HORSE,agri_potential_carbon,5122.952688334402,109.65819471237666,mean tonnes carbon per km2,754.0,13726.396614136363
MOZ,HORSE,agri_potential_carbon,,,mean tonnes carbon per km2,,
NAM,HORSE,agri_potential_carbon,,,mean tonnes carbon per km2,,
GEO,HORSE,agri_potential_carbon,6147.973290098309,195.25111046592954,mean tonnes carbon per km2,649.0,11793.402602083981
DEU,HORSE,agri_potential_carbon,13175.404873638363,58.33383286437374,mean tonnes carbon per km2,5891.0,45304.13482167339
GHA,HORSE,agri_potential_carbon,9958.676668993969,121.41780879213837,mean tonnes carbon per km2,2056.0,48841.656467847526
GRC,HORSE,agri_potential_carbon,5491.060377873206,80.3497516102287,mean tonnes carbon per km2,1007.0,19299.491541739553
GRL,HORSE,agri_potential_carbon,,,mean tonnes carbon per km2,,
GRD,HORSE,agri_potential_carbon,,,mean tonnes carbon per km2,,
NRU,HORSE,agri_potential_carbon,,,mean tonnes carbon per km2,,
GTM,HORSE,agri_potential_carbon,10659.902025096073,165.62985585518433,mean tonnes carbon per km2,794.0,14658.246035652235
NPL,HORSE,agri_potential_carbon,9998.62600680051,0.0,mean tonnes carbon per km2,1.0,0.7290869355201721
GIN,HORSE,agri_potential_carbon,11047.735918127564,378.5603601356526,mean tonnes carbon per km2,1253.0,46878.88299065828
GNB,HORSE,agri_potential_carbon,10459.288581803652,357.0223270346846,mean tonnes carbon per km2,220.0,1302.2610838264227
GUY,HORSE,agri_potential_carbon,5552.251710438539,1618.605620578571,mean tonnes carbon per km2,61.0,393.6408404670656
HTI,HORSE,agri_potential_carbon,9447.965748501025,196.7107403371687,mean tonnes carbon per km2,255.0,4316.610837161541
JOR,HORSE,agri_potential_carbon,,,mean tonnes carbon per km2,,
HND,HORSE,agri_potential_carbon,10451.859638320944,125.62947298712156,mean tonnes carbon per km2,785.0,12354.229787573218
HUN,HORSE,agri_potential_carbon,7553.447082028502,83.28653729144489,mean tonnes carbon per km2,1500.0,7430.312847182155
ISL,HORSE,agri_potential_carbon,5664.186535658075,601.3786783722574,mean tonnes carbon per km2,46.0,696.5833814144135
IDN,HORSE,agri_potential_carbon,8907.213053585696,342.40857776755485,mean tonnes carbon per km2,2807.0,37392.28264938574
IRN,HORSE,agri_potential_carbon,953.0981134684725,35.35747709517733,mean tonnes carbon per km2,748.0,20011.164680063725
IRQ,HORSE,agri_potential_carbon,2976.3337738177042,267.4269498134976,mean tonnes carbon per km2,79.0,1416.5588033497334
IRL,HORSE,agri_potential_carbon,11242.66437808934,313.16919290040295,mean tonnes carbon per km2,425.0,13563.143417561427
KAZ,HORSE,agri_potential_carbon,3867.076767522152,59.76300648031714,mean tonnes carbon per km2,2239.0,44294.10944172554
KEN,HORSE,agri_potential_carbon,7384.499057663748,107.3679277770964,mean tonnes carbon per km2,1391.0,31545.980324447155
KIR,HORSE,agri_potential_carbon,,,mean tonnes carbon per km2,,
PRK,HORSE,agri_potential_carbon,8384.272795972982,257.7899421445612,mean tonnes carbon per km2,1349.0,636.457561615102
KOR,HORSE,agri_potential_carbon,8094.857983873919,643.8917814149254,mean tonnes carbon per km2,1093.0,398.547801097855
XKX,HORSE,agri_potential_carbon,,,mean tonnes carbon per km2,,
SRB,HORSE,agri_potential_carbon,5616.315964755029,145.27695503273887,mean tonnes carbon per km2,932.0,5475.263067077789
SYC,HORSE,agri_potential_carbon,,,mean tonnes carbon per km2,,
SLE,HORSE,agri_potential_carbon,14870.738353325713,190.0667146699182,mean tonnes carbon per km2,351.0,9543.342176914215
SGP,HORSE,agri_potential_carbon,,,mean tonnes carbon per km2,,
ITA,HORSE,agri_potential_carbon,7729.135709037861,63.659022032814754,mean tonnes carbon per km2,3557.0,34332.066565419926
JAM,HORSE,agri_potential_carbon,10390.18381913393,594.4071585304629,mean tonnes carbon per km2,63.0,1727.7298495145806
JPN,HORSE,agri_potential_carbon,7093.069800845587,128.4479202028921,mean tonnes carbon per km2,3027.0,1783.9604703113441
KGZ,HORSE,agri_potential_carbon,2311.6801213566796,58.67692711693691,mean tonnes carbon per km2,580.0,17624.68686553836
LAO,HORSE,agri_potential_carbon,13018.125860601467,165.6200630694179,mean tonnes carbon per km2,1099.0,6501.344196688629
LVA,HORSE,agri_potential_carbon,12481.109507674584,227.32030140393144,mean tonnes carbon per km2,967.0,5581.233316477388
LBN,HORSE,agri_potential_carbon,6197.949327751275,226.6777290387626,mean tonnes carbon per km2,114.0,3229.0230584144592
LSO,HORSE,agri_potential_carbon,6560.20660131861,121.19071005953475,mean tonnes carbon per km2,361.0,3653.8087286949158
LBR,HORSE,agri_potential_carbon,,,mean tonnes carbon per km2,,
LBY,HORSE,agri_potential_carbon,,,mean tonnes carbon per km2,,
LIE,HORSE,agri_potential_carbon,9973.71347553651,967.0778093589029,mean tonnes carbon per km2,3.0,38.135398387908936
LTU,HORSE,agri_potential_carbon,12463.793296534888,153.3237238814968,mean tonnes carbon per km2,1144.0,6048.267233736813
LUX,HORSE,agri_potential_carbon,14078.188754438868,316.8496831183787,mean tonnes carbon per km2,44.0,826.4760904312134
MCO,HORSE,agri_potential_carbon,,,mean tonnes carbon per km2,,
MNG,HORSE,agri_potential_carbon,1378.1275391904198,135.38741158062226,mean tonnes carbon per km2,246.0,10842.78102967143
MNE,HORSE,agri_potential_carbon,,,mean tonnes carbon per km2,,
MKD,HORSE,agri_potential_carbon,6246.175976709668,209.16587264254315,mean tonnes carbon per km2,256.0,4670.070855204016
MDG,HORSE,agri_potential_carbon,10195.762908925142,1056.0128824313463,mean tonnes carbon per km2,2.0,55.37077522277832
MWI,HORSE,agri_potential_carbon,7950.8905501606405,574.1128113709336,mean tonnes carbon per km2,22.0,165.01724582910538
MYS,HORSE,agri_potential_carbon,13448.584586591809,121.0632720351585,mean tonnes carbon per km2,841.0,1201.9151190211996
MDV,HORSE,agri_potential_carbon,,,mean tonnes carbon per km2,,
MLI,HORSE,agri_potential_carbon,4093.287213708987,56.771751488257166,mean tonnes carbon per km2,1940.0,89199.18448257446
MLT,HORSE,agri_potential_carbon,,,mean tonnes carbon per km2,,
MHL,HORSE,agri_potential_carbon,,,mean tonnes carbon per km2,,
MRT,HORSE,agri_potential_carbon,,,mean tonnes carbon per km2,,
MUS,HORSE,agri_potential_carbon,,,mean tonnes carbon per km2,,
MEX,HORSE,agri_potential_carbon,7815.20050751597,102.19909446244812,mean tonnes carbon per km2,6278.0,109552.66512975619
FSM,HORSE,agri_potential_carbon,,,mean tonnes carbon per km2,,
MDA,HORSE,agri_potential_carbon,5726.655801875057,98.88637211155236,mean tonnes carbon per km2,564.0,3466.125573258847
NIC,HORSE,agri_potential_carbon,10837.825480378295,96.33620538748775,mean tonnes carbon per km2,853.0,25039.521742396057
OMN,HORSE,agri_potential_carbon,,,mean tonnes carbon per km2,,
PAK,HORSE,agri_potential_carbon,1858.401370470148,381.6449123706555,mean tonnes carbon per km2,276.0,2772.335072132759
PLW,HORSE,agri_potential_carbon,,,mean tonnes carbon per km2,,
PAN,HORSE,agri_potential_carbon,11811.830330739715,233.41350119526174,mean tonnes carbon per km2,365.0,11693.368359960616
PNG,HORSE,agri_potential_carbon,11781.158889706787,510.1897972934414,mean tonnes carbon per km2,407.0,426.0701332019653
PRY,HORSE,agri_potential_carbon,7626.9925665286955,65.15745855167292,mean tonnes carbon per km2,1485.0,37281.18933472037
PER,HORSE,agri_potential_carbon,4117.834443949631,126.72034421676118,mean tonnes carbon per km2,2373.0,57860.15387648129
PHL,HORSE,agri_potential_carbon,14855.95497379011,139.30810680642168,mean tonnes carbon per km2,2163.0,10851.779112544027
POL,HORSE,agri_potential_carbon,14796.934746980754,57.92882199532624,mean tonnes carbon per km2,5553.0,31874.85173760628
PRT,HORSE,agri_potential_carbon,8717.404227960005,74.56231395665843,mean tonnes carbon per km2,1182.0,15931.604042232037
ROU,HORSE,agri_potential_carbon,6898.973780032668,69.49441273175341,mean tonnes carbon per km2,3347.0,40223.865978360176
RUS,HORSE,agri_potential_carbon,6891.423887494993,41.266351133971064,mean tonnes carbon per km2,30374.0,256986.52021126202
RWA,HORSE,agri_potential_carbon,,,mean tonnes carbon per km2,,
WSM,HORSE,agri_potential_carbon,,,mean tonnes carbon per km2,,
SMR,HORSE,agri_potential_carbon,6774.803191878977,0.0,mean tonnes carbon per km2,1.0,26.29429817199707
TON,HORSE,agri_potential_carbon,,,mean tonnes carbon per km2,,
TTO,HORSE,agri_potential_carbon,,,mean tonnes carbon per km2,,
TUN,HORSE,agri_potential_carbon,3708.192753913036,264.01677536410375,mean tonnes carbon per km2,226.0,2210.526196755469
TKM,HORSE,agri_potential_carbon,,,mean tonnes carbon per km2,,
STP,HORSE,agri_potential_carbon,67.60484745809126,0.0,mean tonnes carbon per km2,1.0,1.1630122661590576
SAU,HORSE,agri_potential_carbon,,,mean tonnes carbon per km2,,
SEN,HORSE,agri_potential_carbon,6224.046386023029,296.3310414995266,mean tonnes carbon per km2,546.0,11506.833640664816
SVK,HORSE,agri_potential_carbon,10465.533574637926,170.81780460339868,mean tonnes carbon per km2,694.0,5135.805526884273
SVN,HORSE,agri_potential_carbon,9793.645759451865,249.45992111904445,mean tonnes carbon per km2,298.0,3706.1097471043468
SLB,HORSE,agri_potential_carbon,,,mean tonnes carbon per km2,,
SOM,HORSE,agri_potential_carbon,,,mean tonnes carbon per km2,,
ZAF,HORSE,agri_potential_carbon,7348.953197785052,51.1767260723069,mean tonnes carbon per km2,3460.0,132383.85007242113
SSD,HORSE,agri_potential_carbon,,,mean tonnes carbon per km2,,
ESP,HORSE,agri_potential_carbon,6932.091276287115,218.4776171102055,mean tonnes carbon per km2,3242.0,44445.45593842864
LKA,HORSE,agri_potential_carbon,8631.733504531308,201.88825699776987,mean tonnes carbon per km2,585.0,3772.3398620829685
KNA,HORSE,agri_potential_carbon,,,mean tonnes carbon per km2,,
LCA,HORSE,agri_potential_carbon,,,mean tonnes carbon per km2,,
VCT,HORSE,agri_potential_carbon,,,mean tonnes carbon per km2,,
SDN,HORSE,agri_potential_carbon,,,mean tonnes carbon per km2,,
SUR,HORSE,agri_potential_carbon,5168.165298377306,1150.341950661967,mean tonnes carbon per km2,11.0,5.720936255167771
SWZ,HORSE,agri_potential_carbon,,,mean tonnes carbon per km2,,
SWE,HORSE,agri_potential_carbon,15211.926750748064,255.39370294222286,mean tonnes carbon per km2,1507.0,3158.0017798740882
CHE,HORSE,agri_potential_carbon,12906.803471586783,173.32317949306827,mean tonnes carbon per km2,525.0,8405.701817467809
SYR,HORSE,agri_potential_carbon,2797.421309900079,175.70568795652724,mean tonnes carbon per km2,149.0,954.5894110426307
TWN,HORSE,agri_potential_carbon,13754.350725061537,317.0148945238677,mean tonnes carbon per km2,210.0,3774.9681246990804
TJK,HORSE,agri_potential_carbon,2840.749000647936,157.1278393378335,mean tonnes carbon per km2,371.0,6432.779070019722
TZA,HORSE,agri_potential_carbon,,,mean tonnes carbon per km2,,
THA,HORSE,agri_potential_carbon,10515.098468089049,128.54955769405427,mean tonnes carbon per km2,3024.0,5931.157516214229
TLS,HORSE,agri_potential_carbon,12761.915893666817,383.53452384253376,mean tonnes carbon per km2,109.0,993.0170109272003
TGO,HORSE,agri_potential_carbon,5802.88439795661,342.5944253734084,mean tonnes carbon per km2,305.0,4357.935557126999
TUV,HORSE,agri_potential_carbon,,,mean tonnes carbon per km2,,
UGA,HORSE,agri_potential_carbon,,,mean tonnes carbon per km2,,
URY,HORSE,agri_potential_carbon,3693.861502833627,94.66479238280438,mean tonnes carbon per km2,187.0,6632.707336425781
UZB,HORSE,agri_potential_carbon,2330.7219971493187,217.19934176772497,mean tonnes carbon per km2,114.0,4622.476418972015
VUT,HORSE,agri_potential_carbon,,,mean tonnes carbon per km2,,
VAT,HORSE,agri_potential_carbon,,,mean tonnes carbon per km2,,
VEN,HORSE,agri_potential_carbon,8403.357496403285,98.32492273550935,mean tonnes carbon per km2,1909.0,67994.06007838948
VNM,HORSE,agri_potential_carbon,13502.720441171974,207.69477890881146,mean tonnes carbon per km2,1426.0,3762.41583188856
ZMB,HORSE,agri_potential_carbon,,,mean tonnes carbon per km2,,
ZWE,HORSE,agri_potential_carbon,7180.499475775394,49.0383454879441,mean tonnes carbon per km2,1482.0,52551.70881292224
YEM,HORSE,agri_potential_carbon,,,mean tonnes carbon per km2,,
UKR,HORSE,agri_potential_carbon,11359.546883064679,85.84383704782694,mean tonnes carbon per km2,9479.0,71168.65799818747
BHR,HORSE,agri_potential_carbon,,,mean tonnes carbon per km2,,
KWT,HORSE,agri_potential_carbon,,,mean tonnes carbon per km2,,
QAT,HORSE,agri_potential_carbon,,,mean tonnes carbon per km2,,
ARE,HORSE,agri_potential_carbon,,,mean tonnes carbon per km2,,
TUR,HORSE,agri_potential_carbon,3070.953719990047,51.08195964599988,mean tonnes carbon per km2,5729.0,76882.54106424138
ISR,HORSE,agri_potential_carbon,,,mean tonnes carbon per km2,,
BGD,HORSE,agri_potential_carbon,6713.578357608995,2015.5467355114954,mean tonnes carbon per km2,2.0,7.619791507720947
MMR,HORSE,agri_potential_carbon,9344.747507153079,95.94620141897822,mean tonnes carbon per km2,3606.0,54717.39007621538
IND,HORSE,agri_potential_carbon,5066.083130212621,61.65590104697365,mean tonnes carbon per km2,15837.0,49429.08935597018
BEN,HORSE,agri_potential_carbon,10889.839936443748,265.6079570793553,mean tonnes carbon per km2,303.0,2781.5954866185784
NER,HORSE,agri_potential_carbon,,,mean tonnes carbon per km2,,
NGA,HORSE,agri_potential_carbon,7937.7875909880295,49.002766358999956,mean tonnes carbon per km2,7579.0,185309.14099328034
111,HORSE,agri_potential_carbon,,,mean tonnes carbon per km2,,
112,HORSE,agri_potential_carbon,,,mean tonnes carbon per km2,,
113,HORSE,agri_potential_carbon,,,mean tonnes carbon per km2,,
114,HORSE,agri_potential_carbon,,,mean tonnes carbon per km2,,
115,HORSE,agri_potential_carbon,,,mean tonnes carbon per km2,,
116,HORSE,agri_potential_carbon,,,mean tonnes carbon per km2,,
117,HORSE,agri_potential_carbon,,,mean tonnes carbon per km2,,
118,HORSE,agri_potential_carbon,,,mean tonnes carbon per km2,,
119,HORSE,agri_potential_carbon,,,mean tonnes carbon per km2,,
120,HORSE,agri_potential_carbon,,,mean tonnes carbon per km2,,
121,HORSE,agri_potential_carbon,,,mean tonnes carbon per km2,,
122,HORSE,agri_potential_carbon,,,mean tonnes carbon per km2,,
123,HORSE,agri_potential_carbon,,,mean tonnes carbon per km2,,
124,HORSE,agri_potential_carbon,,,mean tonnes carbon per km2,,
125,HORSE,agri_potential_carbon,,,mean tonnes carbon per km2,,
126,HORSE,agri_potential_carbon,,,mean tonnes carbon per km2,,
127,HORSE,agri_potential_carbon,,,mean tonnes carbon per km2,,
128,HORSE,agri_potential_carbon,,,mean tonnes carbon per km2,,
129,HORSE,agri_potential_carbon,,,mean tonnes carbon per km2,,
ESH,HORSE,agri_potential_carbon,,,mean tonnes carbon per km2,,
AFG,DUCKS,agri_potential_carbon,,,mean tonnes carbon per km2,,
GBR,DUCKS,agri_potential_carbon,17118.450033266738,193.3678779715608,mean tonnes carbon per km2,3368.0,75222.50378980488
ALB,DUCKS,agri_potential_carbon,6285.388406156301,220.22703725544469,mean tonnes carbon per km2,349.0,4230.307470164145
DZA,DUCKS,agri_potential_carbon,5890.323022157516,174.72674273765008,mean tonnes carbon per km2,417.0,5298.181511920706
USA,DUCKS,agri_potential_carbon,13721.61782082021,369.57722037915124,mean tonnes carbon per km2,26261.0,337624.6298114191
ATA,DUCKS,agri_potential_carbon,,,mean tonnes carbon per km2,,
ATG,DUCKS,agri_potential_carbon,,,mean tonnes carbon per km2,,
ARG,DUCKS,agri_potential_carbon,4474.097968121687,32.279983212289814,mean tonnes carbon per km2,3797.0,51396.15972879529
AND,DUCKS,agri_potential_carbon,11346.422353859107,1149.830481725142,mean tonnes carbon per km2,7.0,158.14181661605835
AGO,DUCKS,agri_potential_carbon,,,mean tonnes carbon per km2,,
ARM,DUCKS,agri_potential_carbon,,,mean tonnes carbon per km2,,
NLD,DUCKS,agri_potential_carbon,10460.535199841317,308.82955403288736,mean tonnes carbon per km2,334.0,4023.5689247995615
AUS,DUCKS,agri_potential_carbon,7711.686782852933,677.0467391586833,mean tonnes carbon per km2,659.0,16422.86950724329
AUT,DUCKS,agri_potential_carbon,12170.290391593047,172.18880338810638,mean tonnes carbon per km2,853.0,8532.176823093556
AZE,DUCKS,agri_potential_carbon,,,mean tonnes carbon per km2,,
BHS,DUCKS,agri_potential_carbon,,,mean tonnes carbon per km2,,
BRB,DUCKS,agri_potential_carbon,,,mean tonnes carbon per km2,,
BLR,DUCKS,agri_potential_carbon,14301.896786756604,151.79340136928099,mean tonnes carbon per km2,3300.0,30027.710681397468
BEL,DUCKS,agri_potential_carbon,13508.065510319822,166.16039980068544,mean tonnes carbon per km2,488.0,6584.694090716541
BLZ,DUCKS,agri_potential_carbon,11835.175600462095,1028.3915525669672,mean tonnes carbon per km2,48.0,269.91930132359266
BTN,DUCKS,agri_potential_carbon,,,mean tonnes carbon per km2,,
BOL,DUCKS,agri_potential_carbon,3201.7116255211113,153.77542720018866,mean tonnes carbon per km2,900.0,37338.462300524116
BIH,DUCKS,agri_potential_carbon,7972.1579435862295,161.33262511678225,mean tonnes carbon per km2,519.0,6122.220597177744
BWA,DUCKS,agri_potential_carbon,,,mean tonnes carbon per km2,,
NOR,DUCKS,agri_potential_carbon,12678.0195986068,698.7712836664527,mean tonnes carbon per km2,293.0,617.5894777326552
COL,DUCKS,agri_potential_carbon,,,mean tonnes carbon per km2,,
COM,DUCKS,agri_potential_carbon,,,mean tonnes carbon per km2,,
BRA,DUCKS,agri_potential_carbon,6725.544504710805,82.35716677489658,mean tonnes carbon per km2,18237.0,570328.0421072168
FRA,DUCKS,agri_potential_carbon,11457.9128263752,76.08609528218993,mean tonnes carbon per km2,7911.0,92202.214898
COD,DUCKS,agri_potential_carbon,,,mean tonnes carbon per km2,,
COG,DUCKS,agri_potential_carbon,,,mean tonnes carbon per km2,,
NZL,DUCKS,agri_potential_carbon,7819.473242660677,76.66319340211268,mean tonnes carbon per km2,512.0,23041.939774274826
BRN,DUCKS,agri_potential_carbon,16192.785905652547,1248.3967852825572,mean tonnes carbon per km2,15.0,21.947362429462373
BGR,DUCKS,agri_potential_carbon,5777.714346931227,104.1863400467321,mean tonnes carbon per km2,1174.0,15733.69153142441
BFA,DUCKS,agri_potential_carbon,,,mean tonnes carbon per km2,,
BDI,DUCKS,agri_potential_carbon,,,mean tonnes carbon per km2,,
CPV,DUCKS,agri_potential_carbon,,,mean tonnes carbon per km2,,
KHM,DUCKS,agri_potential_carbon,13145.93264041063,131.44149173911953,mean tonnes carbon per km2,1202.0,12861.735601954162
CMR,DUCKS,agri_potential_carbon,,,mean tonnes carbon per km2,,
CAN,DUCKS,agri_potential_carbon,12528.340229801495,192.30057224966745,mean tonnes carbon per km2,2723.0,19196.06368361575
CRI,DUCKS,agri_potential_carbon,,,mean tonnes carbon per km2,,
CIV,DUCKS,agri_potential_carbon,,,mean tonnes carbon per km2,,
HRV,DUCKS,agri_potential_carbon,8257.782052593591,160.42329202700822,mean tonnes carbon per km2,662.0,3061.408909678459
CUB,DUCKS,agri_potential_carbon,,,mean tonnes carbon per km2,,
CAF,DUCKS,agri_potential_carbon,7831.760706083843,1664.4562598343393,mean tonnes carbon per km2,31.0,77.40458461642265
TCD,DUCKS,agri_potential_carbon,,,mean tonnes carbon per km2,,
CHL,DUCKS,agri_potential_carbon,,,mean tonnes carbon per km2,,
CHN,DUCKS,agri_potential_carbon,8619.33563932342,26.989264490610957,mean tonnes carbon per km2,55201.0,1256118.7347993962
CYP,DUCKS,agri_potential_carbon,,,mean tonnes carbon per km2,,
CZE,DUCKS,agri_potential_carbon,13220.049366893058,3115.2564424697034,mean tonnes carbon per km2,2.0,20.283985137939453
DNK,DUCKS,agri_potential_carbon,14056.65982836049,202.8182051115138,mean tonnes carbon per km2,703.0,1363.7701410804802
DJI,DUCKS,agri_potential_carbon,,,mean tonnes carbon per km2,,
DMA,DUCKS,agri_potential_carbon,,,mean tonnes carbon per km2,,
DOM,DUCKS,agri_potential_carbon,,,mean tonnes carbon per km2,,
ECU,DUCKS,agri_potential_carbon,8481.13775875655,322.8723242896061,mean tonnes carbon per km2,849.0,17046.285144758876
EGY,DUCKS,agri_potential_carbon,,,mean tonnes carbon per km2,,
SLV,DUCKS,agri_potential_carbon,,,mean tonnes carbon per km2,,
GNQ,DUCKS,agri_potential_carbon,18704.398310827542,3787.8660375408513,mean tonnes carbon per km2,10.0,3.656641532666981
ERI,DUCKS,agri_potential_carbon,,,mean tonnes carbon per km2,,
EST,DUCKS,agri_potential_carbon,13352.244748959823,231.6308031417852,mean tonnes carbon per km2,474.0,2036.0543814226985
ETH,DUCKS,agri_potential_carbon,,,mean tonnes carbon per km2,,
FJI,DUCKS,agri_potential_carbon,,,mean tonnes carbon per km2,,
FIN,DUCKS,agri_potential_carbon,,,mean tonnes carbon per km2,,
GAB,DUCKS,agri_potential_carbon,,,mean tonnes carbon per km2,,
GMB,DUCKS,agri_potential_carbon,,,mean tonnes carbon per km2,,
MAR,DUCKS,agri_potential_carbon,,,mean tonnes carbon per km2,,
MOZ,DUCKS,agri_potential_carbon,7219.487524085547,56.45215780856061,mean tonnes carbon per km2,3750.0,145021.22409451008
NAM,DUCKS,agri_potential_carbon,,,mean tonnes carbon per km2,,
GEO,DUCKS,agri_potential_carbon,,,mean tonnes carbon per km2,,
DEU,DUCKS,agri_potential_carbon,12271.216622705293,121.4190211787434,mean tonnes carbon per km2,4862.0,38552.91420363216
GHA,DUCKS,agri_potential_carbon,,,mean tonnes carbon per km2,,
GRC,DUCKS,agri_potential_carbon,4924.865579470323,148.80030711724777,mean tonnes carbon per km2,471.0,7204.222786489874
GRL,DUCKS,agri_potential_carbon,,,mean tonnes carbon per km2,,
GRD,DUCKS,agri_potential_carbon,,,mean tonnes carbon per km2,,
NRU,DUCKS,agri_potential_carbon,,,mean tonnes carbon per km2,,
GTM,DUCKS,agri_potential_carbon,,,mean tonnes carbon per km2,,
NPL,DUCKS,agri_potential_carbon,8062.381187030888,346.23375332340515,mean tonnes carbon per km2,1268.0,10269.177644713782
GIN,DUCKS,agri_potential_carbon,,,mean tonnes carbon per km2,,
GNB,DUCKS,agri_potential_carbon,,,mean tonnes carbon per km2,,
GUY,DUCKS,agri_potential_carbon,,,mean tonnes carbon per km2,,
HTI,DUCKS,agri_potential_carbon,8809.646737398414,260.1673348845361,mean tonnes carbon per km2,205.0,3157.259109735489
JOR,DUCKS,agri_potential_carbon,,,mean tonnes carbon per km2,,
HND,DUCKS,agri_potential_carbon,,,mean tonnes carbon per km2,,
HUN,DUCKS,agri_potential_carbon,6915.778724136318,174.53951821397948,mean tonnes carbon per km2,1486.0,7348.158432081342
ISL,DUCKS,agri_potential_carbon,,,mean tonnes carbon per km2,,
IDN,DUCKS,agri_potential_carbon,9587.355354650197,196.32954824342875,mean tonnes carbon per km2,7149.0,69650.55269492895
IRN,DUCKS,agri_potential_carbon,968.1651064001808,35.00961340636577,mean tonnes carbon per km2,715.0,18973.87560135126
IRQ,DUCKS,agri_potential_carbon,,,mean tonnes carbon per km2,,
IRL,DUCKS,agri_potential_carbon,9711.85601833665,0.0,mean tonnes carbon per km2,1.0,25.64852523803711
KAZ,DUCKS,agri_potential_carbon,4657.394607590355,942.558065121673,mean tonnes carbon per km2,2.0,21.421770095825195
KEN,DUCKS,agri_potential_carbon,,,mean tonnes carbon per km2,,
KIR,DUCKS,agri_potential_carbon,,,mean tonnes carbon per km2,,
PRK,DUCKS,agri_potential_carbon,8322.76243633789,263.1290989894756,mean tonnes carbon per km2,1238.0,633.3435015089386
KOR,DUCKS,agri_potential_carbon,8469.106374352918,332.9254086773859,mean tonnes carbon per km2,1105.0,408.8833824265748
XKX,DUCKS,agri_potential_carbon,,,mean tonnes carbon per km2,,
SRB,DUCKS,agri_potential_carbon,3903.781114293032,242.27871909380144,mean tonnes carbon per km2,850.0,5005.082887722179
SYC,DUCKS,agri_potential_carbon,,,mean tonnes carbon per km2,,
SLE,DUCKS,agri_potential_carbon,15836.131665034989,246.84274876918874,mean tonnes carbon per km2,217.0,6061.538484096527
SGP,DUCKS,agri_potential_carbon,,,mean tonnes carbon per km2,,
ITA,DUCKS,agri_potential_carbon,,,mean tonnes carbon per km2,,
JAM,DUCKS,agri_potential_carbon,,,mean tonnes carbon per km2,,
JPN,DUCKS,agri_potential_carbon,,,mean tonnes carbon per km2,,
KGZ,DUCKS,agri_potential_carbon,2261.657713160997,74.92714256575886,mean tonnes carbon per km2,469.0,13839.334308743477
LAO,DUCKS,agri_potential_carbon,12777.479625950826,237.80264533046025,mean tonnes carbon per km2,1062.0,6462.345728906117
LVA,DUCKS,agri_potential_carbon,,,mean tonnes carbon per km2,,
LBN,DUCKS,agri_potential_carbon,,,mean tonnes carbon per km2,,
LSO,DUCKS,agri_potential_carbon,,,mean tonnes carbon per km2,,
LBR,DUCKS,agri_potential_carbon,17212.29498554399,433.33601080008606,mean tonnes carbon per km2,75.0,1111.888825416565
LBY,DUCKS,agri_potential_carbon,,,mean tonnes carbon per km2,,
LIE,DUCKS,agri_potential_carbon,10285.301354191983,1037.255499288705,mean tonnes carbon per km2,3.0,38.135398387908936
LTU,DUCKS,agri_potential_carbon,13319.69129551093,216.03005619237206,mean tonnes carbon per km2,1112.0,5856.6109756454825
LUX,DUCKS,agri_potential_carbon,,,mean tonnes carbon per km2,,
MCO,DUCKS,agri_potential_carbon,,,mean tonnes carbon per km2,,
MNG,DUCKS,agri_potential_carbon,,,mean tonnes carbon per km2,,
MNE,DUCKS,agri_potential_carbon,,,mean tonnes carbon per km2,,
MKD,DUCKS,agri_potential_carbon,,,mean tonnes carbon per km2,,
MDG,DUCKS,agri_potential_carbon,9388.532435864434,100.77947736776423,mean tonnes carbon per km2,3734.0,214392.6680648178
MWI,DUCKS,agri_potential_carbon,6136.859781509936,0.0,mean tonnes carbon per km2,1.0,29.937990188598633
MYS,DUCKS,agri_potential_carbon,11614.2710516439,262.5435932465165,mean tonnes carbon per km2,1517.0,1900.5781128443778
MDV,DUCKS,agri_potential_carbon,,,mean tonnes carbon per km2,,
MLI,DUCKS,agri_potential_carbon,,,mean tonnes carbon per km2,,
MLT,DUCKS,agri_potential_carbon,,,mean tonnes carbon per km2,,
MHL,DUCKS,agri_potential_carbon,,,mean tonnes carbon per km2,,
MRT,DUCKS,agri_potential_carbon,,,mean tonnes carbon per km2,,
MUS,DUCKS,agri_potential_carbon,,,mean tonnes carbon per km2,,
MEX,DUCKS,agri_potential_carbon,,,mean tonnes carbon per km2,,
FSM,DUCKS,agri_potential_carbon,,,mean tonnes carbon per km2,,
MDA,DUCKS,agri_potential_carbon,5813.701977984625,97.91926774720362,mean tonnes carbon per km2,556.0,3403.6045909933746
NIC,DUCKS,agri_potential_carbon,,,mean tonnes carbon per km2,,
OMN,DUCKS,agri_potential_carbon,,,mean tonnes carbon per km2,,
PAK,DUCKS,agri_potential_carbon,2864.5639389770895,382.6671656439928,mean tonnes carbon per km2,130.0,958.2757227895781
PLW,DUCKS,agri_potential_carbon,,,mean tonnes carbon per km2,,
PAN,DUCKS,agri_potential_carbon,11575.697151539382,365.7050406904019,mean tonnes carbon per km2,332.0,11500.27974101901
PNG,DUCKS,agri_potential_carbon,10125.217528809322,1239.3272036575208,mean tonnes carbon per km2,33.0,52.685629189014435
PRY,DUCKS,agri_potential_carbon,8708.159354145053,64.30206598429518,mean tonnes carbon per km2,1072.0,24258.667591571808
PER,DUCKS,agri_potential_carbon,,,mean tonnes carbon per km2,,
PHL,DUCKS,agri_potential_carbon,14264.388507967598,186.71513441761002,mean tonnes carbon per km2,2137.0,10801.196908815647
POL,DUCKS,agri_potential_carbon,15293.316158348503,79.86869085014725,mean tonnes carbon per km2,5533.0,31834.252152508998
PRT,DUCKS,agri_potential_carbon,,,mean tonnes carbon per km2,,
ROU,DUCKS,agri_potential_carbon,3388.0562800786797,0.0,mean tonnes carbon per km2,1.0,13.518694877624512
RUS,DUCKS,agri_potential_carbon,6192.311186897927,43.1068354501919,mean tonnes carbon per km2,25727.0,232927.59749961382
RWA,DUCKS,agri_potential_carbon,10923.878743457266,335.8919446890548,mean tonnes carbon per km2,247.0,3850.3733810186386
WSM,DUCKS,agri_potential_carbon,,,mean tonnes carbon per km2,,
SMR,DUCKS,agri_potential_carbon,,,mean tonnes carbon per km2,,
TON,DUCKS,agri_potential_carbon,,,mean tonnes carbon per km2,,
TTO,DUCKS,agri_potential_carbon,,,mean tonnes carbon per km2,,
TUN,DUCKS,agri_potential_carbon,,,mean tonnes carbon per km2,,
TKM,DUCKS,agri_potential_carbon,,,mean tonnes carbon per km2,,
STP,DUCKS,agri_potential_carbon,67.60484745809126,0.0,mean tonnes carbon per km2,1.0,1.1630122661590576
SAU,DUCKS,agri_potential_carbon,,,mean tonnes carbon per km2,,
SEN,DUCKS,agri_potential_carbon,,,mean tonnes carbon per km2,,
SVK,DUCKS,agri_potential_carbon,8579.439141365647,277.643650474649,mean tonnes carbon per km2,652.0,4970.195634679869
SVN,DUCKS,agri_potential_carbon,11102.030365746346,348.0510237860426,mean tonnes carbon per km2,254.0,3475.796451859176
SLB,DUCKS,agri_potential_carbon,,,mean tonnes carbon per km2,,
SOM,DUCKS,agri_potential_carbon,,,mean tonnes carbon per km2,,
ZAF,DUCKS,agri_potential_carbon,7500.194434151538,45.93261242032465,mean tonnes carbon per km2,3300.0,124873.9297997132
SSD,DUCKS,agri_potential_carbon,,,mean tonnes carbon per km2,,
ESP,DUCKS,agri_potential_carbon,8212.865879846213,128.43570865423735,mean tonnes carbon per km2,2616.0,36050.884231914766
LKA,DUCKS,agri_potential_carbon,8805.222425118449,255.6738183072752,mean tonnes carbon per km2,587.0,3805.0291844055755
KNA,DUCKS,agri_potential_carbon,,,mean tonnes carbon per km2,,
LCA,DUCKS,agri_potential_carbon,,,mean tonnes carbon per km2,,
VCT,DUCKS,agri_potential_carbon,,,mean tonnes carbon per km2,,
SDN,DUCKS,agri_potential_carbon,,,mean tonnes carbon per km2,,
SUR,DUCKS,agri_potential_carbon,5801.546784666746,1117.8384505403437,mean tonnes carbon per km2,7.0,6.7847759164869785
SWZ,DUCKS,agri_potential_carbon,,,mean tonnes carbon per km2,,
SWE,DUCKS,agri_potential_carbon,,,mean tonnes carbon per km2,,
CHE,DUCKS,agri_potential_carbon,10662.422057864205,1319.891330891985,mean tonnes carbon per km2,363.0,5667.052767410874
SYR,DUCKS,agri_potential_carbon,2467.8486167531573,174.64587906722917,mean tonnes carbon per km2,144.0,842.4637720808387
TWN,DUCKS,agri_potential_carbon,12335.179175379435,496.95687714387975,mean tonnes carbon per km2,206.0,3814.6306143610273
TJK,DUCKS,agri_potential_carbon,,,mean tonnes carbon per km2,,
TZA,DUCKS,agri_potential_carbon,7693.534020358251,73.84756194133615,mean tonnes carbon per km2,4396.0,126356.11716471708
THA,DUCKS,agri_potential_carbon,10550.99338344255,115.39965999927811,mean tonnes carbon per km2,3979.0,7809.4560864746345
TLS,DUCKS,agri_potential_carbon,,,mean tonnes carbon per km2,,
TGO,DUCKS,agri_potential_carbon,,,mean tonnes carbon per km2,,
TUV,DUCKS,agri_potential_carbon,,,mean tonnes carbon per km2,,
UGA,DUCKS,agri_potential_carbon,,,mean tonnes carbon per km2,,
URY,DUCKS,agri_potential_carbon,5793.292402571914,0.0,mean tonnes carbon per km2,1.0,27.436981201171875
UZB,DUCKS,agri_potential_carbon,2018.7497188002978,0.0,mean tonnes carbon per km2,1.0,28.31566047668457
VUT,DUCKS,agri_potential_carbon,,,mean tonnes carbon per km2,,
VAT,DUCKS,agri_potential_carbon,,,mean tonnes carbon per km2,,
VEN,DUCKS,agri_potential_carbon,,,mean tonnes carbon per km2,,
VNM,DUCKS,agri_potential_carbon,12106.126791544357,139.64055576864195,mean tonnes carbon per km2,2126.0,5999.7824511281215
ZMB,DUCKS,agri_potential_carbon,,,mean tonnes carbon per km2,,
ZWE,DUCKS,agri_potential_carbon,7125.237124274943,38.51652594634464,mean tonnes carbon per km2,1455.0,52582.28893455863
YEM,DUCKS,agri_potential_carbon,,,mean tonnes carbon per km2,,
UKR,DUCKS,agri_potential_carbon,9380.963451064457,73.62680856921496,mean tonnes carbon per km2,9283.0,70571.79635916464
BHR,DUCKS,agri_potential_carbon,,,mean tonnes carbon per km2,,
KWT,DUCKS,agri_potential_carbon,,,mean tonnes carbon per km2,,
QAT,DUCKS,agri_potential_carbon,,,mean tonnes carbon per km2,,
ARE,DUCKS,agri_potential_carbon,,,mean tonnes carbon per km2,,
TUR,DUCKS,agri_potential_carbon,3444.85060246597,83.25568838966694,mean tonnes carbon per km2,5181.0,70244.1099647893
ISR,DUCKS,agri_potential_carbon,,,mean tonnes carbon per km2,,
BGD,DUCKS,agri_potential_carbon,10173.00743691787,88.76105313649535,mean tonnes carbon per km2,1440.0,5308.175588195678
MMR,DUCKS,agri_potential_carbon,10957.471898631093,211.4460522401694,mean tonnes carbon per km2,3530.0,54712.40288272966
IND,DUCKS,agri_potential_carbon,8675.494040850335,77.97099392811364,mean tonnes carbon per km2,19100.0,58830.93575330349
BEN,DUCKS,agri_potential_carbon,,,mean tonnes carbon per km2,,
NER,DUCKS,agri_potential_carbon,,,mean tonnes carbon per km2,,
NGA,DUCKS,agri_potential_carbon,,,mean tonnes carbon per km2,,
111,DUCKS,agri_potential_carbon,,,mean tonnes carbon per km2,,
112,DUCKS,agri_potential_carbon,,,mean tonnes carbon per km2,,
113,DUCKS,agri_potential_carbon,,,mean tonnes carbon per km2,,
114,DUCKS,agri_potential_carbon,,,mean tonnes carbon per km2,,
115,DUCKS,agri_potential_carbon,,,mean tonnes carbon per km2,,
116,DUCKS,agri_potential_carbon,,,mean tonnes carbon per km2,,
117,DUCKS,agri_potential_carbon,,,mean tonnes carbon per km2,,
118,DUCKS,agri_potential_carbon,,,mean tonnes carbon per km2,,
119,DUCKS,agri_potential_carbon,,,mean tonnes carbon per km2,,
120,DUCKS,agri_potential_carbon,,,mean tonnes carbon per km2,,
121,DUCKS,agri_potential_carbon,,,mean tonnes carbon per km2,,
122,DUCKS,agri_potential_carbon,,,mean tonnes carbon per km2,,
123,DUCKS,agri_potential_carbon,,,mean tonnes carbon per km2,,
124,DUCKS,agri_potential_carbon,,,mean tonnes carbon per km2,,
125,DUCKS,agri_potential_carbon,,,mean tonnes carbon per km2,,
126,DUCKS,agri_potential_carbon,,,mean tonnes carbon per km2,,
127,DUCKS,agri_potential_carbon,,,mean tonnes carbon per km2,,
128,DUCKS,agri_potential_carbon,,,mean tonnes carbon per km2,,
129,DUCKS,agri_potential_carbon,,,mean tonnes carbon per km2,,
ESH,DUCKS,agri_potential_carbon,,,mean tonnes carbon per km2,,
AFG,CATTL,agri_potential_carbon,2600.38775739668,95.21088357057636,mean tonnes carbon per km2,1185.0,52175.101028740406
GBR,CATTL,agri_potential_carbon,13115.4084799422,133.393139416386,mean tonnes carbon per km2,3447.0,77824.89773526043
ALB,CATTL,agri_potential_carbon,6781.388768102907,173.3792990021687,mean tonnes carbon per km2,363.0,4441.653403921868
DZA,CATTL,agri_potential_carbon,5894.135540962989,177.94595523719053,mean tonnes carbon per km2,424.0,5378.637106534854
USA,CATTL,agri_potential_carbon,7677.67022890055,47.14085086607961,mean tonnes carbon per km2,27900.0,353723.1549276434
ATA,CATTL,agri_potential_carbon,,,mean tonnes carbon per km2,,
ATG,CATTL,agri_potential_carbon,,,mean tonnes carbon per km2,,
ARG,CATTL,agri_potential_carbon,4515.036892000752,38.31335268974972,mean tonnes carbon per km2,4569.0,62273.76645545475
AND,CATTL,agri_potential_carbon,11630.383134705806,1394.0406501256782,mean tonnes carbon per km2,7.0,158.14181661605835
AGO,CATTL,agri_potential_carbon,7749.261024988003,69.80609353278793,mean tonnes carbon per km2,4887.0,120949.39058836829
ARM,CATTL,agri_potential_carbon,4492.811646737853,156.76108862200456,mean tonnes carbon per km2,256.0,6474.834259107709
NLD,CATTL,agri_potential_carbon,10440.69784237248,139.102160395735,mean tonnes carbon per km2,594.0,7258.081244722009
AUS,CATTL,agri_potential_carbon,8076.455897555432,97.78544665530202,mean tonnes carbon per km2,1469.0,34924.236502972795
AUT,CATTL,agri_potential_carbon,12476.807758530735,177.61642460060963,mean tonnes carbon per km2,1082.0,10528.028269416653
AZE,CATTL,agri_potential_carbon,4360.271461914116,152.76292444559456,mean tonnes carbon per km2,512.0,10981.02526833117
BHS,CATTL,agri_potential_carbon,,,mean tonnes carbon per km2,,
BRB,CATTL,agri_potential_carbon,,,mean tonnes carbon per km2,,
BLR,CATTL,agri_potential_carbon,14450.28584096301,85.3979513209998,mean tonnes carbon per km2,3409.0,30656.676846902817
BEL,CATTL,agri_potential_carbon,13605.628912513563,117.0458405686715,mean tonnes carbon per km2,491.0,6632.937187068164
BLZ,CATTL,agri_potential_carbon,12622.244795671428,697.123582647983,mean tonnes carbon per km2,67.0,319.0236725509167
BTN,CATTL,agri_potential_carbon,11395.039549034263,1119.48522723426,mean tonnes carbon per km2,123.0,476.238738283515
BOL,CATTL,agri_potential_carbon,4486.328190033913,156.23694746896385,mean tonnes carbon per km2,1158.0,42393.722547091544
BIH,CATTL,agri_potential_carbon,8677.003162821515,115.92357623872898,mean tonnes carbon per km2,720.0,8613.386009782553
BWA,CATTL,agri_potential_carbon,,,mean tonnes carbon per km2,,
NOR,CATTL,agri_potential_carbon,9014.678509745674,620.2751416916069,mean tonnes carbon per km2,717.0,1166.4274008168372
COL,CATTL,agri_potential_carbon,9547.055159195821,89.39328837548433,mean tonnes carbon per km2,3786.0,185680.0349220531
COM,CATTL,agri_potential_carbon,,,mean tonnes carbon per km2,,
BRA,CATTL,agri_potential_carbon,7196.117458416469,42.078576660045954,mean tonnes carbon per km2,20785.0,634782.5069671765
FRA,CATTL,agri_potential_carbon,12314.264725281504,44.948203994031374,mean tonnes carbon per km2,7981.0,92632.27578207711
COD,CATTL,agri_potential_carbon,12519.739327754298,143.12819123670405,mean tonnes carbon per km2,8454.0,114269.56314222934
COG,CATTL,agri_potential_carbon,12127.371801519897,403.2671127741297,mean tonnes carbon per km2,252.0,14758.478551670909
NZL,CATTL,agri_potential_carbon,7845.939169052523,86.7701985886717,mean tonnes carbon per km2,668.0,28605.52741342783
BRN,CATTL,agri_potential_carbon,15925.222164231385,1213.2748526229655,mean tonnes carbon per km2,15.0,21.947362429462373
BGR,CATTL,agri_potential_carbon,5817.788209922056,66.15620906902865,mean tonnes carbon per km2,1275.0,16497.07643671427
BFA,CATTL,agri_potential_carbon,5424.291596699458,41.560104767726784,mean tonnes carbon per km2,1298.0,19240.22493723035
BDI,CATTL,agri_potential_carbon,11162.661518432516,199.0736909717409,mean tonnes carbon per km2,282.0,4619.612517148256
CPV,CATTL,agri_potential_carbon,,,mean tonnes carbon per km2,,
KHM,CATTL,agri_potential_carbon,13337.378347907903,101.67613947067046,mean tonnes carbon per km2,1204.0,12862.693190328777
CMR,CATTL,agri_potential_carbon,8369.364085019834,160.19479582839358,mean tonnes carbon per km2,1135.0,8980.358958406665
CAN,CATTL,agri_potential_carbon,7090.724334493346,263.84828425577444,mean tonnes carbon per km2,3237.0,19824.46116586926
CRI,CATTL,agri_potential_carbon,10791.689139589322,172.0710286977677,mean tonnes carbon per km2,351.0,11987.668920241296
CIV,CATTL,agri_potential_carbon,8622.304470101233,184.39837530262284,mean tonnes carbon per km2,2921.0,109962.95142053813
HRV,CATTL,agri_potential_carbon,10662.016882639955,170.46977395543652,mean tonnes carbon per km2,671.0,3036.55054089427
CUB,CATTL,agri_potential_carbon,12152.204519181687,193.0125509446309,mean tonnes carbon per km2,994.0,23099.5528440997
CAF,CATTL,agri_potential_carbon,7973.935060244722,229.92299064215004,mean tonnes carbon per km2,419.0,1628.8436813750304
TCD,CATTL,agri_potential_carbon,4112.297362716445,64.81083814290324,mean tonnes carbon per km2,1241.0,57460.32913351059
CHL,CATTL,agri_potential_carbon,4633.224340178828,77.98291553124048,mean tonnes carbon per km2,1418.0,18104.606080207974
CHN,CATTL,agri_potential_carbon,6677.725361128163,30.381408205026617,mean tonnes carbon per km2,58883.0,1406044.3449954635
CYP,CATTL,agri_potential_carbon,,,mean tonnes carbon per km2,,
CZE,CATTL,agri_potential_carbon,15573.453303094717,3171.9937200394816,mean tonnes carbon per km2,3.0,20.932307481765747
DNK,CATTL,agri_potential_carbon,14133.344531265073,210.4437159287425,mean tonnes carbon per km2,687.0,1328.8069092784935
DJI,CATTL,agri_potential_carbon,,,mean tonnes carbon per km2,,
DMA,CATTL,agri_potential_carbon,,,mean tonnes carbon per km2,,
DOM,CATTL,agri_potential_carbon,9916.074004916525,223.90620717792524,mean tonnes carbon per km2,396.0,10583.636577475816
ECU,CATTL,agri_potential_carbon,7752.659546111034,183.49073828536368,mean tonnes carbon per km2,1071.0,22965.719477759674
EGY,CATTL,agri_potential_carbon,,,mean tonnes carbon per km2,,
SLV,CATTL,agri_potential_carbon,10835.693379080332,493.9880195180748,mean tonnes carbon per km2,21.0,340.17557502910495
GNQ,CATTL,agri_potential_carbon,18539.403542802294,3019.083719244612,mean tonnes carbon per km2,15.0,6.596889411099255
ERI,CATTL,agri_potential_carbon,,,mean tonnes carbon per km2,,
EST,CATTL,agri_potential_carbon,13517.949964373689,254.77274328502662,mean tonnes carbon per km2,473.0,2032.0200427100062
ETH,CATTL,agri_potential_carbon,8059.533471532685,76.18855329285891,mean tonnes carbon per km2,4103.0,46218.40168027593
FJI,CATTL,agri_potential_carbon,,,mean tonnes carbon per km2,,
FIN,CATTL,agri_potential_carbon,17605.491018074335,384.0288612580884,mean tonnes carbon per km2,693.0,270.50998887140304
GAB,CATTL,agri_potential_carbon,13529.480116150296,1393.9062458737258,mean tonnes carbon per km2,59.0,1361.2941696941853
GMB,CATTL,agri_potential_carbon,6627.53037032151,274.1410035780496,mean tonnes carbon per km2,117.0,1950.5608850717545
MAR,CATTL,agri_potential_carbon,5685.932903769135,110.70300638773979,mean tonnes carbon per km2,754.0,13726.396614136363
MOZ,CATTL,agri_potential_carbon,6315.041237652216,66.22868098871243,mean tonnes carbon per km2,4822.0,177816.20545946807
NAM,CATTL,agri_potential_carbon,,,mean tonnes carbon per km2,,
GEO,CATTL,agri_potential_carbon,6406.101100740862,186.99793493916778,mean tonnes carbon per km2,649.0,11793.402602083981
DEU,CATTL,agri_potential_carbon,13202.430732784798,69.16672882029856,mean tonnes carbon per km2,5889.0,45294.02218939876
GHA,CATTL,agri_potential_carbon,8109.37698894606,140.44592977256562,mean tonnes carbon per km2,1819.0,44911.867850355804
GRC,CATTL,agri_potential_carbon,5311.890169166408,80.42068371904254,mean tonnes carbon per km2,1007.0,19299.491541739553
GRL,CATTL,agri_potential_carbon,,,mean tonnes carbon per km2,,
GRD,CATTL,agri_potential_carbon,,,mean tonnes carbon per km2,,
NRU,CATTL,agri_potential_carbon,,,mean tonnes carbon per km2,,
GTM,CATTL,agri_potential_carbon,10171.94562511166,130.6415115045748,mean tonnes carbon per km2,794.0,14658.246035652235
NPL,CATTL,agri_potential_carbon,8244.019447139002,272.51401983522345,mean tonnes carbon per km2,1330.0,11813.969867429696
GIN,CATTL,agri_potential_carbon,9033.783253099638,77.76759431638988,mean tonnes carbon per km2,1863.0,73033.28978997469
GNB,CATTL,agri_potential_carbon,9035.26070013915,587.3286191435798,mean tonnes carbon per km2,220.0,1302.2610838264227
GUY,CATTL,agri_potential_carbon,5075.970942759058,1200.199678414723,mean tonnes carbon per km2,61.0,393.6408404670656
HTI,CATTL,agri_potential_carbon,9468.182919207598,184.65592568948088,mean tonnes carbon per km2,255.0,4316.610837161541
JOR,CATTL,agri_potential_carbon,,,mean tonnes carbon per km2,,
HND,CATTL,agri_potential_carbon,10424.617847302998,123.52597047982208,mean tonnes carbon per km2,785.0,12354.229787573218
HUN,CATTL,agri_potential_carbon,7682.542723820014,85.95331808998203,mean tonnes carbon per km2,1500.0,7430.312847182155
ISL,CATTL,agri_potential_carbon,6102.1995030881735,638.7676999099683,mean tonnes carbon per km2,42.0,666.8552932739258
IDN,CATTL,agri_potential_carbon,9879.406200079648,183.40225683920949,mean tonnes carbon per km2,7182.0,69658.44914117747
IRN,CATTL,agri_potential_carbon,945.2541985595592,38.826211018818945,mean tonnes carbon per km2,748.0,20011.164680063725
IRQ,CATTL,agri_potential_carbon,2416.964449375698,196.4779209204741,mean tonnes carbon per km2,85.0,1550.7454326450825
IRL,CATTL,agri_potential_carbon,10661.511131269483,259.66245063456773,mean tonnes carbon per km2,599.0,19427.037782335654
KAZ,CATTL,agri_potential_carbon,3776.704993134798,63.623093216336414,mean tonnes carbon per km2,2239.0,44294.10944172554
KEN,CATTL,agri_potential_carbon,7445.890644784254,102.76978329312992,mean tonnes carbon per km2,2180.0,56737.12519413233
KIR,CATTL,agri_potential_carbon,,,mean tonnes carbon per km2,,
PRK,CATTL,agri_potential_carbon,8275.783734293474,302.8456412944744,mean tonnes carbon per km2,1349.0,636.457561615102
KOR,CATTL,agri_potential_carbon,7499.581136240471,118.90368516304274,mean tonnes carbon per km2,1093.0,398.547801097855
XKX,CATTL,agri_potential_carbon,,,mean tonnes carbon per km2,,
SRB,CATTL,agri_potential_carbon,5715.867967639908,139.9640415935975,mean tonnes carbon per km2,932.0,5475.263067077789
SYC,CATTL,agri_potential_carbon,,,mean tonnes carbon per km2,,
SLE,CATTL,agri_potential_carbon,12979.623396434075,280.0608049285655,mean tonnes carbon per km2,355.0,9659.334099292755
SGP,CATTL,agri_potential_carbon,,,mean tonnes carbon per km2,,
ITA,CATTL,agri_potential_carbon,8573.724576103366,86.65931276251426,mean tonnes carbon per km2,3557.0,34332.066565419926
JAM,CATTL,agri_potential_carbon,10586.25843425545,535.1877500062781,mean tonnes carbon per km2,63.0,1727.7298495145806
JPN,CATTL,agri_potential_carbon,6722.182611302949,110.28483701438367,mean tonnes carbon per km2,3184.0,1876.7119976207618
KGZ,CATTL,agri_potential_carbon,2427.5626739032814,64.71864962041829,mean tonnes carbon per km2,580.0,17624.68686553836
LAO,CATTL,agri_potential_carbon,12398.412576598274,222.44224184516185,mean tonnes carbon per km2,1102.0,6516.57780559013
LVA,CATTL,agri_potential_carbon,12839.881383635242,189.61947889494687,mean tonnes carbon per km2,967.0,5581.233316477388
LBN,CATTL,agri_potential_carbon,5848.360572431735,238.2630669209282,mean tonnes carbon per km2,114.0,3229.0230584144592
LSO,CATTL,agri_potential_carbon,5812.485901781134,139.3067672425002,mean tonnes carbon per km2,361.0,3653.8087286949158
LBR,CATTL,agri_potential_carbon,16944.78620180128,806.2907906197779,mean tonnes carbon per km2,100.0,1451.4414271712303
LBY,CATTL,agri_potential_carbon,,,mean tonnes carbon per km2,,
LIE,CATTL,agri_potential_carbon,10241.197379054318,1045.418952450599,mean tonnes carbon per km2,3.0,38.135398387908936
LTU,CATTL,agri_potential_carbon,13461.043901718529,160.82396172807066,mean tonnes carbon per km2,1144.0,6048.267233736813
LUX,CATTL,agri_potential_carbon,14327.196090261861,319.31610585730726,mean tonnes carbon per km2,44.0,826.4760904312134
MCO,CATTL,agri_potential_carbon,,,mean tonnes carbon per km2,,
MNG,CATTL,agri_potential_carbon,1496.8859889509563,164.15173330814423,mean tonnes carbon per km2,246.0,10842.78102967143
MNE,CATTL,agri_potential_carbon,,,mean tonnes carbon per km2,,
MKD,CATTL,agri_potential_carbon,6181.8757280881,190.3589384926961,mean tonnes carbon per km2,256.0,4670.070855204016
MDG,CATTL,agri_potential_carbon,7797.585185826774,62.096858271005466,mean tonnes carbon per km2,4261.0,237925.98943558335
MWI,CATTL,agri_potential_carbon,6991.5775260367445,71.79440714350667,mean tonnes carbon per km2,946.0,16669.172435609624
MYS,CATTL,agri_potential_carbon,13742.141128256406,122.24275596561111,mean tonnes carbon per km2,1534.0,1905.2659016428515
MDV,CATTL,agri_potential_carbon,,,mean tonnes carbon per km2,,
MLI,CATTL,agri_potential_carbon,4917.60442129104,46.048517324524504,mean tonnes carbon per km2,1972.0,90308.85214328766
MLT,CATTL,agri_potential_carbon,,,mean tonnes carbon per km2,,
MHL,CATTL,agri_potential_carbon,,,mean tonnes carbon per km2,,
MRT,CATTL,agri_potential_carbon,,,mean tonnes carbon per km2,,
MUS,CATTL,agri_potential_carbon,,,mean tonnes carbon per km2,,
MEX,CATTL,agri_potential_carbon,7438.941778469983,91.63758429391679,mean tonnes carbon per km2,6278.0,109552.66512975619
FSM,CATTL,agri_potential_carbon,,,mean tonnes carbon per km2,,
MDA,CATTL,agri_potential_carbon,5488.307567127296,108.44314005284357,mean tonnes carbon per km2,564.0,3466.125573258847
NIC,CATTL,agri_potential_carbon,10996.125993445494,99.1722416992193,mean tonnes carbon per km2,853.0,25039.521742396057
OMN,CATTL,agri_potential_carbon,,,mean tonnes carbon per km2,,
PAK,CATTL,agri_potential_carbon,2650.4429787793338,241.87165829771556,mean tonnes carbon per km2,276.0,2772.335072132759
PLW,CATTL,agri_potential_carbon,,,mean tonnes carbon per km2,,
PAN,CATTL,agri_potential_carbon,11651.307447443294,251.3527718349845,mean tonnes carbon per km2,365.0,11693.368359960616
PNG,CATTL,agri_potential_carbon,12856.54862112306,707.0429927800247,mean tonnes carbon per km2,494.0,518.9811249190952
PRY,CATTL,agri_potential_carbon,7613.534534475381,57.85962432569675,mean tonnes carbon per km2,1485.0,37281.18933472037
PER,CATTL,agri_potential_carbon,4064.2925243670775,110.53458050705899,mean tonnes carbon per km2,2379.0,57865.864634507976
PHL,CATTL,agri_potential_carbon,14514.133488871965,113.31861779647201,mean tonnes carbon per km2,2163.0,10851.779112544027
POL,CATTL,agri_potential_carbon,14853.426333640135,68.12829536344064,mean tonnes carbon per km2,5553.0,31874.85173760628
PRT,CATTL,agri_potential_carbon,8622.47631608316,88.41777490504293,mean tonnes carbon per km2,1182.0,15931.604042232037
ROU,CATTL,agri_potential_carbon,7506.115221055035,69.08904309684387,mean tonnes carbon per km2,3347.0,40223.865978360176
RUS,CATTL,agri_potential_carbon,7164.891194131638,33.47811416151865,mean tonnes carbon per km2,31971.0,266797.495449167
RWA,CATTL,agri_potential_carbon,10181.375577284762,257.1005342089227,mean tonnes carbon per km2,271.0,4145.9995103776455
WSM,CATTL,agri_potential_carbon,,,mean tonnes carbon per km2,,
SMR,CATTL,agri_potential_carbon,6774.803191878977,0.0,mean tonnes carbon per km2,1.0,26.29429817199707
TON,CATTL,agri_potential_carbon,,,mean tonnes carbon per km2,,
TTO,CATTL,agri_potential_carbon,,,mean tonnes carbon per km2,,
TUN,CATTL,agri_potential_carbon,4195.712393411288,215.19224601538747,mean tonnes carbon per km2,226.0,2210.526196755469
TKM,CATTL,agri_potential_carbon,,,mean tonnes carbon per km2,,
STP,CATTL,agri_potential_carbon,67.60484745809126,0.0,mean tonnes carbon per km2,1.0,1.1630122661590576
SAU,CATTL,agri_potential_carbon,,,mean tonnes carbon per km2,,
SEN,CATTL,agri_potential_carbon,6580.404633466261,124.87768620531857,mean tonnes carbon per km2,589.0,12188.527491658926
SVK,CATTL,agri_potential_carbon,10020.03231755101,163.02100186265412,mean tonnes carbon per km2,699.0,5166.4454391319305
SVN,CATTL,agri_potential_carbon,10140.291057195891,275.052523751542,mean tonnes carbon per km2,298.0,3706.1097471043468
SLB,CATTL,agri_potential_carbon,,,mean tonnes carbon per km2,,
SOM,CATTL,agri_potential_carbon,3949.383299542383,0.0,mean tonnes carbon per km2,1.0,49.153350830078125
ZAF,CATTL,agri_potential_carbon,7615.520044421601,42.05491821079902,mean tonnes carbon per km2,3468.0,132686.65184549242
SSD,CATTL,agri_potential_carbon,11459.095127215607,0.0,mean tonnes carbon per km2,1.0,28.56734848022461
ESP,CATTL,agri_potential_carbon,8530.35542142409,70.74340404275105,mean tonnes carbon per km2,3286.0,45202.120119184256
LKA,CATTL,agri_potential_carbon,8562.934146001659,225.1847959980444,mean tonnes carbon per km2,585.0,3772.3398620829685
KNA,CATTL,agri_potential_carbon,,,mean tonnes carbon per km2,,
LCA,CATTL,agri_potential_carbon,,,mean tonnes carbon per km2,,
VCT,CATTL,agri_potential_carbon,,,mean tonnes carbon per km2,,
SDN,CATTL,agri_potential_carbon,,,mean tonnes carbon per km2,,
SUR,CATTL,agri_potential_carbon,5943.517044050201,1728.9112972307398,mean tonnes carbon per km2,19.0,8.599776729812447
SWZ,CATTL,agri_potential_carbon,,,mean tonnes carbon per km2,,
SWE,CATTL,agri_potential_carbon,15217.034342726452,289.20111446269345,mean tonnes carbon per km2,1507.0,3158.0017798740882
CHE,CATTL,agri_potential_carbon,12992.00397499565,198.1679117066119,mean tonnes carbon per km2,525.0,8405.701817467809
SYR,CATTL,agri_potential_carbon,3265.86976290987,221.7476201080411,mean tonnes carbon per km2,149.0,954.5894110426307
TWN,CATTL,agri_potential_carbon,12113.726237564833,426.4110732337352,mean tonnes carbon per km2,212.0,3824.080051731551
TJK,CATTL,agri_potential_carbon,2966.4141668885513,147.21224423995798,mean tonnes carbon per km2,376.0,6502.586661458015
TZA,CATTL,agri_potential_carbon,7167.5411427184445,51.93335414347636,mean tonnes carbon per km2,5595.0,148386.96369209982
THA,CATTL,agri_potential_carbon,9910.404755596994,55.07292779914615,mean tonnes carbon per km2,3976.0,7806.277060493991
TLS,CATTL,agri_potential_carbon,11900.346926196258,385.607820766841,mean tonnes carbon per km2,109.0,993.0170109272003
TGO,CATTL,agri_potential_carbon,7217.279860816175,170.22167463911137,mean tonnes carbon per km2,591.0,8833.207077413797
TUV,CATTL,agri_potential_carbon,,,mean tonnes carbon per km2,,
UGA,CATTL,agri_potential_carbon,8471.088080943146,97.69625091321657,mean tonnes carbon per km2,1978.0,46481.0309576469
URY,CATTL,agri_potential_carbon,3578.1234518377937,96.5011710060545,mean tonnes carbon per km2,187.0,6632.707336425781
UZB,CATTL,agri_potential_carbon,1761.9062249570868,197.6397114882053,mean tonnes carbon per km2,114.0,4622.476418972015
VUT,CATTL,agri_potential_carbon,,,mean tonnes carbon per km2,,
VAT,CATTL,agri_potential_carbon,,,mean tonnes carbon per km2,,
VEN,CATTL,agri_potential_carbon,9301.484968706056,105.24068412366708,mean tonnes carbon per km2,1923.0,68185.55734947277
VNM,CATTL,agri_potential_carbon,13221.525445338691,123.54419179029841,mean tonnes carbon per km2,2121.0,5921.583868754562
ZMB,CATTL,agri_potential_carbon,6433.085030290985,49.55772519016107,mean tonnes carbon per km2,3698.0,128973.37138062529
ZWE,CATTL,agri_potential_carbon,7070.555993929667,40.755491569226706,mean tonnes carbon per km2,1514.0,53292.17981606722
YEM,CATTL,agri_potential_carbon,,,mean tonnes carbon per km2,,
UKR,CATTL,agri_potential_carbon,9819.578409681975,59.96324187838949,mean tonnes carbon per km2,9161.0,66284.60448632948
BHR,CATTL,agri_potential_carbon,,,mean tonnes carbon per km2,,
KWT,CATTL,agri_potential_carbon,,,mean tonnes carbon per km2,,
QAT,CATTL,agri_potential_carbon,,,mean tonnes carbon per km2,,
ARE,CATTL,agri_potential_carbon,,,mean tonnes carbon per km2,,
TUR,CATTL,agri_potential_carbon,3238.681148151999,39.78175342133757,mean tonnes carbon per km2,5730.0,76882.61425580963
ISR,CATTL,agri_potential_carbon,5382.296627103905,757.1159280218692,mean tonnes carbon per km2,10.0,58.96363550424576
BGD,CATTL,agri_potential_carbon,9918.269408609382,77.11625691833667,mean tonnes carbon per km2,1407.0,5012.7225068858825
MMR,CATTL,agri_potential_carbon,6821.557803186185,109.07873320706702,mean tonnes carbon per km2,3610.0,54750.83614545595
IND,CATTL,agri_potential_carbon,6294.722676745877,36.5057122155342,mean tonnes carbon per km2,19350.0,60812.04714250952
BEN,CATTL,agri_potential_carbon,6890.08527207318,194.07890445554014,mean tonnes carbon per km2,568.0,5313.438235328533
NER,CATTL,agri_potential_carbon,,,mean tonnes carbon per km2,,
NGA,CATTL,agri_potential_carbon,6840.320984357686,49.01703256963691,mean tonnes carbon per km2,7589.0,185622.66586319916
111,CATTL,agri_potential_carbon,,,mean tonnes carbon per km2,,
112,CATTL,agri_potential_carbon,,,mean tonnes carbon per km2,,
113,CATTL,agri_potential_carbon,,,mean tonnes carbon per km2,,
114,CATTL,agri_potential_carbon,,,mean tonnes carbon per km2,,
115,CATTL,agri_potential_carbon,,,mean tonnes carbon per km2,,
116,CATTL,agri_potential_carbon,,,mean tonnes carbon per km2,,
117,CATTL,agri_potential_carbon,,,mean tonnes carbon per km2,,
118,CATTL,agri_potential_carbon,,,mean tonnes carbon per km2,,
119,CATTL,agri_potential_carbon,,,mean tonnes carbon per km2,,
120,CATTL,agri_potential_carbon,,,mean tonnes carbon per km2,,
121,CATTL,agri_potential_carbon,,,mean tonnes carbon per km2,,
122,CATTL,agri_potential_carbon,,,mean tonnes carbon per km2,,
123,CATTL,agri_potential_carbon,,,mean tonnes carbon per km2,,
124,CATTL,agri_potential_carbon,,,mean tonnes carbon per km2,,
125,CATTL,agri_potential_carbon,,,mean tonnes carbon per km2,,
126,CATTL,agri_potential_carbon,,,mean tonnes carbon per km2,,
127,CATTL,agri_potential_carbon,,,mean tonnes carbon per km2,,
128,CATTL,agri_potential_carbon,,,mean tonnes carbon per km2,,
129,CATTL,agri_potential_carbon,,,mean tonnes carbon per km2,,
ESH,CATTL,agri_potential_carbon,,,mean tonnes carbon per km2,,
AFG,CHICK,agri_potential_carbon,2244.9301282200713,151.71636122193948,mean tonnes carbon per km2,759.0,30367.755149304867
GBR,CHICK,agri_potential_carbon,15420.463655048294,133.12910977422428,mean tonnes carbon per km2,3317.0,74512.32505955547
ALB,CHICK,agri_potential_carbon,6452.01998829693,197.12629897060648,mean tonnes carbon per km2,350.0,4243.703482470359
DZA,CHICK,agri_potential_carbon,6301.52913602345,194.13598680410223,mean tonnes carbon per km2,425.0,5384.439506647006
USA,CHICK,agri_potential_carbon,10165.31714192347,129.1193254614486,mean tonnes carbon per km2,26565.0,342366.5723431608
ATA,CHICK,agri_potential_carbon,,,mean tonnes carbon per km2,,
ATG,CHICK,agri_potential_carbon,,,mean tonnes carbon per km2,,
ARG,CHICK,agri_potential_carbon,4744.352055918796,107.42164980415838,mean tonnes carbon per km2,3519.0,46510.58693578839
AND,CHICK,agri_potential_carbon,10980.156583674034,1327.189761285307,mean tonnes carbon per km2,7.0,158.14181661605835
AGO,CHICK,agri_potential_carbon,8457.969279429455,84.95499222082807,mean tonnes carbon per km2,2120.0,68375.26544690132
ARM,CHICK,agri_potential_carbon,3862.461861153407,295.43300102094855,mean tonnes carbon per km2,165.0,4186.950576663017
NLD,CHICK,agri_potential_carbon,10828.120640291874,168.58224602516893,mean tonnes carbon per km2,601.0,7351.454063668847
AUS,CHICK,agri_potential_carbon,8656.516102425985,210.86647265757753,mean tonnes carbon per km2,955.0,22960.732693699552
AUT,CHICK,agri_potential_carbon,11747.869637793805,264.3938605962471,mean tonnes carbon per km2,857.0,8574.007713749073
AZE,CHICK,agri_potential_carbon,4136.771716921736,207.30599930524636,mean tonnes carbon per km2,469.0,10210.072324171662
BHS,CHICK,agri_potential_carbon,,,mean tonnes carbon per km2,,
BRB,CHICK,agri_potential_carbon,,,mean tonnes carbon per km2,,
BLR,CHICK,agri_potential_carbon,14221.478827057683,167.27487195930868,mean tonnes carbon per km2,3302.0,30044.677569825202
BEL,CHICK,agri_potential_carbon,13533.173876482215,166.68800905095586,mean tonnes carbon per km2,491.0,6632.937187068164
BLZ,CHICK,agri_potential_carbon,12723.619675437572,735.1330484621159,mean tonnes carbon per km2,55.0,299.48609345406294
BTN,CHICK,agri_potential_carbon,12852.916674500751,1504.8677282190774,mean tonnes carbon per km2,90.0,387.39339154958725
BOL,CHICK,agri_potential_carbon,5532.686637151237,289.0917328292181,mean tonnes carbon per km2,911.0,37799.105330482125
BIH,CHICK,agri_potential_carbon,8254.61760948579,108.22565945377879,mean tonnes carbon per km2,519.0,6122.220597177744
BWA,CHICK,agri_potential_carbon,,,mean tonnes carbon per km2,,
NOR,CHICK,agri_potential_carbon,11211.001909231305,604.893272692552,mean tonnes carbon per km2,416.0,864.0235349748922
COL,CHICK,agri_potential_carbon,10272.811746113972,175.7249522163335,mean tonnes carbon per km2,2301.0,129742.35173340607
COM,CHICK,agri_potential_carbon,,,mean tonnes carbon per km2,,
BRA,CHICK,agri_potential_carbon,6515.238815686641,91.83109112387943,mean tonnes carbon per km2,18319.0,572455.6029533071
FRA,CHICK,agri_potential_carbon,12788.849887221504,77.58580455104045,mean tonnes carbon per km2,7930.0,92391.67329154396
COD,CHICK,agri_potential_carbon,12788.739709734651,116.80527317435514,mean tonnes carbon per km2,3777.0,72258.50130433775
COG,CHICK,agri_potential_carbon,11745.856691085386,346.46254845698934,mean tonnes carbon per km2,159.0,10297.745324537158
NZL,CHICK,agri_potential_carbon,7799.16015614051,77.52798679155075,mean tonnes carbon per km2,512.0,23041.939774274826
BRN,CHICK,agri_potential_carbon,16391.029386189068,1280.0628951446913,mean tonnes carbon per km2,15.0,21.947362429462373
BGR,CHICK,agri_potential_carbon,5896.155258033292,87.84115314891125,mean tonnes carbon per km2,1200.0,16201.309707884677
BFA,CHICK,agri_potential_carbon,5053.492453986011,36.7536335633837,mean tonnes carbon per km2,1272.0,19041.548308312893
BDI,CHICK,agri_potential_carbon,10889.91823437186,172.99824629867643,mean tonnes carbon per km2,279.0,4554.616528302431
CPV,CHICK,agri_potential_carbon,,,mean tonnes carbon per km2,,
KHM,CHICK,agri_potential_carbon,13047.038877195018,107.6897866333727,mean tonnes carbon per km2,1202.0,12861.735601954162
CMR,CHICK,agri_potential_carbon,8378.229220511985,484.3515232565105,mean tonnes carbon per km2,455.0,3408.37398904562
CAN,CHICK,agri_potential_carbon,12563.827667908245,199.04919933505127,mean tonnes carbon per km2,2777.0,19250.66025841239
CRI,CHICK,agri_potential_carbon,10910.64522104097,371.37541636261557,mean tonnes carbon per km2,337.0,11616.171119093895
CIV,CHICK,agri_potential_carbon,15399.113386352756,182.75880223053844,mean tonnes carbon per km2,2829.0,107415.32209735364
HRV,CHICK,agri_potential_carbon,9966.916569341778,183.58730455129154,mean tonnes carbon per km2,662.0,3061.408909678459
CUB,CHICK,agri_potential_carbon,12540.895840247023,267.31890960186695,mean tonnes carbon per km2,976.0,22828.27770974487
CAF,CHICK,agri_potential_carbon,7362.338330616264,1612.380359259902,mean tonnes carbon per km2,36.0,81.702073790133
TCD,CHICK,agri_potential_carbon,4165.166622945042,50.124018893312105,mean tonnes carbon per km2,1037.0,48739.096927165985
CHL,CHICK,agri_potential_carbon,4013.2888628502974,179.6469256191398,mean tonnes carbon per km2,1044.0,15630.698935329914
CHN,CHICK,agri_potential_carbon,8459.139584637114,27.059323432025582,mean tonnes carbon per km2,55201.0,1256118.7347993962
CYP,CHICK,agri_potential_carbon,,,mean tonnes carbon per km2,,
CZE,CHICK,agri_potential_carbon,12954.314958033503,3860.004398867438,mean tonnes carbon per km2,3.0,20.932307481765747
DNK,CHICK,agri_potential_carbon,14801.329437757868,386.268078799519,mean tonnes carbon per km2,704.0,1365.4953797613198
DJI,CHICK,agri_potential_carbon,,,mean tonnes carbon per km2,,
DMA,CHICK,agri_potential_carbon,,,mean tonnes carbon per km2,,
DOM,CHICK,agri_potential_carbon,9501.056438428686,258.09551701090743,mean tonnes carbon per km2,306.0,8457.24513920024
ECU,CHICK,agri_potential_carbon,9220.614537265901,297.14456325509565,mean tonnes carbon per km2,859.0,17076.070585263427
EGY,CHICK,agri_potential_carbon,,,mean tonnes carbon per km2,,
SLV,CHICK,agri_potential_carbon,11222.912047335416,554.3573904978077,mean tonnes carbon per km2,21.0,340.17557502910495
GNQ,CHICK,agri_potential_carbon,19080.705655013335,4036.3277144249423,mean tonnes carbon per km2,10.0,3.656641532666981
ERI,CHICK,agri_potential_carbon,,,mean tonnes carbon per km2,,
EST,CHICK,agri_potential_carbon,12553.904705038394,782.1735163841979,mean tonnes carbon per km2,478.0,2053.211489252746
ETH,CHICK,agri_potential_carbon,8122.370996466131,77.51212481394018,mean tonnes carbon per km2,3655.0,38444.181515481454
FJI,CHICK,agri_potential_carbon,,,mean tonnes carbon per km2,,
FIN,CHICK,agri_potential_carbon,15342.68097083347,607.4889202396864,mean tonnes carbon per km2,642.0,261.80493844207376
GAB,CHICK,agri_potential_carbon,16347.87956737288,1340.8342370815853,mean tonnes carbon per km2,44.0,1108.430320739746
GMB,CHICK,agri_potential_carbon,7586.645154090121,286.29313289719425,mean tonnes carbon per km2,118.0,1952.6479188203812
MAR,CHICK,agri_potential_carbon,5480.505507205856,112.91095761028404,mean tonnes carbon per km2,754.0,13726.396614136363
MOZ,CHICK,agri_potential_carbon,7518.935948727739,40.38682044930998,mean tonnes carbon per km2,3801.0,146880.51813685894
NAM,CHICK,agri_potential_carbon,,,mean tonnes carbon per km2,,
GEO,CHICK,agri_potential_carbon,6021.50657134324,214.65211240053787,mean tonnes carbon per km2,468.0,9832.162310101092
DEU,CHICK,agri_potential_carbon,12365.550930119516,111.74490772135408,mean tonnes carbon per km2,5885.0,45365.56041156268
GHA,CHICK,agri_potential_carbon,11126.529047172024,140.9946246256946,mean tonnes carbon per km2,1969.0,46131.79883330315
GRC,CHICK,agri_potential_carbon,5977.272074795142,105.53572596433231,mean tonnes carbon per km2,1017.0,19801.927260328084
GRL,CHICK,agri_potential_carbon,,,mean tonnes carbon per km2,,
GRD,CHICK,agri_potential_carbon,,,mean tonnes carbon per km2,,
NRU,CHICK,agri_potential_carbon,,,mean tonnes carbon per km2,,
GTM,CHICK,agri_potential_carbon,10055.808720063053,250.5961446470355,mean tonnes carbon per km2,702.0,13951.09364050813
NPL,CHICK,agri_potential_carbon,8821.055143756668,252.92585511556783,mean tonnes carbon per km2,1268.0,10269.177644713782
GIN,CHICK,agri_potential_carbon,8683.61782149013,150.4333736608298,mean tonnes carbon per km2,605.0,23969.06134158373
GNB,CHICK,agri_potential_carbon,10668.198449970081,422.83538114321544,mean tonnes carbon per km2,182.0,882.060503706336
GUY,CHICK,agri_potential_carbon,7171.346714825654,1036.1261597189032,mean tonnes carbon per km2,17.0,112.74121183156967
HTI,CHICK,agri_potential_carbon,9438.514965610397,271.09415893959095,mean tonnes carbon per km2,207.0,3189.4503123760223
JOR,CHICK,agri_potential_carbon,,,mean tonnes carbon per km2,,
HND,CHICK,agri_potential_carbon,10325.330319189845,161.67905744266105,mean tonnes carbon per km2,578.0,8881.752726562321
HUN,CHICK,agri_potential_carbon,7918.037550477959,112.55419517367515,mean tonnes carbon per km2,1498.0,7424.68608815968
ISL,CHICK,agri_potential_carbon,4039.61060741294,944.1183251180531,mean tonnes carbon per km2,41.0,641.1384789943695
IDN,CHICK,agri_potential_carbon,10941.616247018826,173.88884392197207,mean tonnes carbon per km2,7150.0,69658.66815055639
IRN,CHICK,agri_potential_carbon,908.9833208122748,36.19842298654301,mean tonnes carbon per km2,731.0,19386.604250490665
IRQ,CHICK,agri_potential_carbon,2270.9118067564955,153.51903740442825,mean tonnes carbon per km2,85.0,1550.7454326450825
IRL,CHICK,agri_potential_carbon,8650.473091731557,712.2220610396881,mean tonnes carbon per km2,577.0,18798.71736290492
KAZ,CHICK,agri_potential_carbon,4102.001998720956,72.71702497657412,mean tonnes carbon per km2,1847.0,35416.234599310905
KEN,CHICK,agri_potential_carbon,8110.822738008705,129.45694485045917,mean tonnes carbon per km2,1788.0,43747.51263332367
KIR,CHICK,agri_potential_carbon,,,mean tonnes carbon per km2,,
PRK,CHICK,agri_potential_carbon,8209.518043589196,352.7218471456798,mean tonnes carbon per km2,1238.0,633.3435015089386
KOR,CHICK,agri_potential_carbon,7792.184517924942,131.60283835911983,mean tonnes carbon per km2,1105.0,408.8833824265748
XKX,CHICK,agri_potential_carbon,,,mean tonnes carbon per km2,,
SRB,CHICK,agri_potential_carbon,4682.599770855251,136.93072619663064,mean tonnes carbon per km2,862.0,5138.304650856182
SYC,CHICK,agri_potential_carbon,,,mean tonnes carbon per km2,,
SLE,CHICK,agri_potential_carbon,16058.759992377829,236.56501396846585,mean tonnes carbon per km2,222.0,6175.942977428436
SGP,CHICK,agri_potential_carbon,,,mean tonnes carbon per km2,,
ITA,CHICK,agri_potential_carbon,8627.727207335127,183.98226928191806,mean tonnes carbon per km2,3327.0,32188.12836409771
JAM,CHICK,agri_potential_carbon,10581.143386716049,666.3362672710751,mean tonnes carbon per km2,57.0,1571.0810734601982
JPN,CHICK,agri_potential_carbon,5985.911080306518,129.93367902567311,mean tonnes carbon per km2,3060.0,1803.4560142681007
KGZ,CHICK,agri_potential_carbon,2330.7108342247448,64.73211261168238,mean tonnes carbon per km2,481.0,14151.423622250557
LAO,CHICK,agri_potential_carbon,13121.041968283993,243.8330735000778,mean tonnes carbon per km2,1062.0,6462.345728906117
LVA,CHICK,agri_potential_carbon,15408.505387186706,589.8624825997942,mean tonnes carbon per km2,965.0,5573.790765341371
LBN,CHICK,agri_potential_carbon,5987.172797783004,252.52489861637906,mean tonnes carbon per km2,108.0,3069.4359917640686
LSO,CHICK,agri_potential_carbon,5685.186489512878,300.93277622581024,mean tonnes carbon per km2,328.0,3269.2506403923035
LBR,CHICK,agri_potential_carbon,17388.285686285984,419.65232625262183,mean tonnes carbon per km2,76.0,1156.9789934158325
LBY,CHICK,agri_potential_carbon,,,mean tonnes carbon per km2,,
LIE,CHICK,agri_potential_carbon,9822.89143255994,969.7604480542716,mean tonnes carbon per km2,3.0,38.135398387908936
LTU,CHICK,agri_potential_carbon,11566.097679694296,251.84478827785983,mean tonnes carbon per km2,1141.0,6047.033543489873
LUX,CHICK,agri_potential_carbon,14266.446101711681,400.98065854830713,mean tonnes carbon per km2,44.0,826.4760904312134
MCO,CHICK,agri_potential_carbon,,,mean tonnes carbon per km2,,
MNG,CHICK,agri_potential_carbon,1269.8635221604704,387.0256134518184,mean tonnes carbon per km2,126.0,5579.01228299737
MNE,CHICK,agri_potential_carbon,,,mean tonnes carbon per km2,,
MKD,CHICK,agri_potential_carbon,5958.829069006741,178.25503254414298,mean tonnes carbon per km2,205.0,3963.6430228352547
MDG,CHICK,agri_potential_carbon,9167.294845844934,77.84191402791211,mean tonnes carbon per km2,3734.0,214392.6680648178
MWI,CHICK,agri_potential_carbon,6961.892403689828,74.24830693246236,mean tonnes carbon per km2,923.0,16396.195797292516
MYS,CHICK,agri_potential_carbon,12729.878143589744,147.24349137917517,mean tonnes carbon per km2,1517.0,1900.5781128443778
MDV,CHICK,agri_potential_carbon,,,mean tonnes carbon per km2,,
MLI,CHICK,agri_potential_carbon,5053.758803047958,56.79093755382976,mean tonnes carbon per km2,1793.0,80597.87331104279
MLT,CHICK,agri_potential_carbon,,,mean tonnes carbon per km2,,
MHL,CHICK,agri_potential_carbon,,,mean tonnes carbon per km2,,
MRT,CHICK,agri_potential_carbon,,,mean tonnes carbon per km2,,
MUS,CHICK,agri_potential_carbon,,,mean tonnes carbon per km2,,
MEX,CHICK,agri_potential_carbon,5886.974984555091,240.0525899492315,mean tonnes carbon per km2,6074.0,108219.01372922781
FSM,CHICK,agri_potential_carbon,,,mean tonnes carbon per km2,,
MDA,CHICK,agri_potential_carbon,5928.988241260437,95.79498625301656,mean tonnes carbon per km2,564.0,3466.125573258847
NIC,CHICK,agri_potential_carbon,9172.424938661263,246.2769784442262,mean tonnes carbon per km2,770.0,23074.76375555247
OMN,CHICK,agri_potential_carbon,,,mean tonnes carbon per km2,,
PAK,CHICK,agri_potential_carbon,3356.767125388151,369.91677747566706,mean tonnes carbon per km2,138.0,1037.3456531045958
PLW,CHICK,agri_potential_carbon,,,mean tonnes carbon per km2,,
PAN,CHICK,agri_potential_carbon,11828.502022587465,363.0108828016713,mean tonnes carbon per km2,338.0,11616.189421385527
PNG,CHICK,agri_potential_carbon,10217.71949987099,1252.6736790728771,mean tonnes carbon per km2,33.0,52.685629189014435
PRY,CHICK,agri_potential_carbon,8192.447937608264,183.3093352310994,mean tonnes carbon per km2,1072.0,24258.667591571808
PER,CHICK,agri_potential_carbon,2323.08736399277,513.345572066269,mean tonnes carbon per km2,1873.0,45389.604299353145
PHL,CHICK,agri_potential_carbon,14197.885522580982,140.30671426312566,mean tonnes carbon per km2,2137.0,10801.196908815647
POL,CHICK,agri_potential_carbon,15116.517599617098,87.84848611397418,mean tonnes carbon per km2,5537.0,31848.626978999877
PRT,CHICK,agri_potential_carbon,8718.325626773005,130.40639834770906,mean tonnes carbon per km2,1188.0,16048.930133521557
ROU,CHICK,agri_potential_carbon,6278.68138641089,70.91037095120744,mean tonnes carbon per km2,3057.0,37785.30698555708
RUS,CHICK,agri_potential_carbon,7593.036424138624,36.83658783578152,mean tonnes carbon per km2,25770.0,233557.68702253437
RWA,CHICK,agri_potential_carbon,8740.543554180014,345.13900989209833,mean tonnes carbon per km2,265.0,4087.0899287760258
WSM,CHICK,agri_potential_carbon,,,mean tonnes carbon per km2,,
SMR,CHICK,agri_potential_carbon,6774.803191878977,0.0,mean tonnes carbon per km2,1.0,26.29429817199707
TON,CHICK,agri_potential_carbon,,,mean tonnes carbon per km2,,
TTO,CHICK,agri_potential_carbon,,,mean tonnes carbon per km2,,
TUN,CHICK,agri_potential_carbon,3255.7254348073284,227.96902384738146,mean tonnes carbon per km2,226.0,2210.526196755469
TKM,CHICK,agri_potential_carbon,,,mean tonnes carbon per km2,,
STP,CHICK,agri_potential_carbon,67.60484745809126,0.0,mean tonnes carbon per km2,1.0,1.1630122661590576
SAU,CHICK,agri_potential_carbon,,,mean tonnes carbon per km2,,
SEN,CHICK,agri_potential_carbon,7052.824684506382,181.89719559167844,mean tonnes carbon per km2,497.0,10496.118332475424
SVK,CHICK,agri_potential_carbon,8708.858945507833,184.73563197920674,mean tonnes carbon per km2,659.0,4997.707145528868
SVN,CHICK,agri_potential_carbon,11390.5327991402,394.6089064485982,mean tonnes carbon per km2,259.0,3536.904758863151
SLB,CHICK,agri_potential_carbon,,,mean tonnes carbon per km2,,
SOM,CHICK,agri_potential_carbon,3949.383299542383,0.0,mean tonnes carbon per km2,1.0,49.153350830078125
ZAF,CHICK,agri_potential_carbon,6152.692845532913,170.97679119175183,mean tonnes carbon per km2,3323.0,125784.49501100928
SSD,CHICK,agri_potential_carbon,11459.095127215607,0.0,mean tonnes carbon per km2,1.0,28.56734848022461
ESP,CHICK,agri_potential_carbon,7508.100101926322,111.17409880513351,mean tonnes carbon per km2,3284.0,45281.617887326516
LKA,CHICK,agri_potential_carbon,8306.89334327555,363.4964270913924,mean tonnes carbon per km2,587.0,3805.0291844055755
KNA,CHICK,agri_potential_carbon,,,mean tonnes carbon per km2,,
LCA,CHICK,agri_potential_carbon,,,mean tonnes carbon per km2,,
VCT,CHICK,agri_potential_carbon,,,mean tonnes carbon per km2,,
SDN,CHICK,agri_potential_carbon,,,mean tonnes carbon per km2,,
SUR,CHICK,agri_potential_carbon,8654.196287989676,1551.9274018836581,mean tonnes carbon per km2,7.0,6.7847759164869785
SWZ,CHICK,agri_potential_carbon,,,mean tonnes carbon per km2,,
SWE,CHICK,agri_potential_carbon,16086.166484824615,386.01336576406817,mean tonnes carbon per km2,1342.0,3000.9167731853668
CHE,CHICK,agri_potential_carbon,12799.617196641164,228.27073690741722,mean tonnes carbon per km2,379.0,5803.08129145205
SYR,CHICK,agri_potential_carbon,3666.4311912603766,329.847550160454,mean tonnes carbon per km2,149.0,954.5894110426307
TWN,CHICK,agri_potential_carbon,12038.766595764519,390.3381703188782,mean tonnes carbon per km2,213.0,3875.0652185289655
TJK,CHICK,agri_potential_carbon,3139.149330529838,192.5903398005519,mean tonnes carbon per km2,303.0,4958.618851661682
TZA,CHICK,agri_potential_carbon,7988.121670981842,75.14981638389203,mean tonnes carbon per km2,4439.0,127488.35714314974
THA,CHICK,agri_potential_carbon,10206.65215870246,85.74777336126591,mean tonnes carbon per km2,3979.0,7809.4560864746345
TLS,CHICK,agri_potential_carbon,12113.13331566464,389.843511640015,mean tonnes carbon per km2,110.0,1008.3973333835602
TGO,CHICK,agri_potential_carbon,8333.773480649244,134.8465274691619,mean tonnes carbon per km2,577.0,8483.346078306437
TUV,CHICK,agri_potential_carbon,,,mean tonnes carbon per km2,,
UGA,CHICK,agri_potential_carbon,9900.24094232642,113.59209928359103,mean tonnes carbon per km2,1487.0,31914.94569564634
URY,CHICK,agri_potential_carbon,4341.5826725185925,142.72624117717797,mean tonnes carbon per km2,177.0,6160.405256271362
UZB,CHICK,agri_potential_carbon,2262.457711930566,209.34604555384797,mean tonnes carbon per km2,112.0,4519.426824092865
VUT,CHICK,agri_potential_carbon,,,mean tonnes carbon per km2,,
VAT,CHICK,agri_potential_carbon,,,mean tonnes carbon per km2,,
VEN,CHICK,agri_potential_carbon,8893.167938893985,303.04413392884436,mean tonnes carbon per km2,1016.0,34444.47498056805
VNM,CHICK,agri_potential_carbon,13183.91271580636,149.01949770582297,mean tonnes carbon per km2,2126.0,5999.7824511281215
ZMB,CHICK,agri_potential_carbon,7067.795950811384,49.25057593161753,mean tonnes carbon per km2,2235.0,83960.46465279162
ZWE,CHICK,agri_potential_carbon,7038.719243920437,40.75098762917429,mean tonnes carbon per km2,1456.0,52582.53933352232
YEM,CHICK,agri_potential_carbon,,,mean tonnes carbon per km2,,
UKR,CHICK,agri_potential_carbon,9311.651235010562,91.95867228087592,mean tonnes carbon per km2,8979.0,65735.78331862204
BHR,CHICK,agri_potential_carbon,,,mean tonnes carbon per km2,,
KWT,CHICK,agri_potential_carbon,,,mean tonnes carbon per km2,,
QAT,CHICK,agri_potential_carbon,,,mean tonnes carbon per km2,,
ARE,CHICK,agri_potential_carbon,,,mean tonnes carbon per km2,,
TUR,CHICK,agri_potential_carbon,4299.869406590977,70.82753128055586,mean tonnes carbon per km2,5210.0,70562.20947908744
ISR,CHICK,agri_potential_carbon,5677.813228598123,691.8927294221963,mean tonnes carbon per km2,10.0,58.96363550424576
BGD,CHICK,agri_potential_carbon,9955.382483053265,82.87065918059002,mean tonnes carbon per km2,1440.0,5308.175588195678
MMR,CHICK,agri_potential_carbon,8507.890089010323,131.08560849492218,mean tonnes carbon per km2,3530.0,54712.40288272966
IND,CHICK,agri_potential_carbon,6876.800935887692,72.32736711067359,mean tonnes carbon per km2,19116.0,58985.76559825512
BEN,CHICK,agri_potential_carbon,10000.624847755334,227.59793415298762,mean tonnes carbon per km2,567.0,5312.866642878391
NER,CHICK,agri_potential_carbon,,,mean tonnes carbon per km2,,
NGA,CHICK,agri_potential_carbon,8259.463006507985,51.98347281674413,mean tonnes carbon per km2,7131.0,177617.0176735334
111,CHICK,agri_potential_carbon,,,mean tonnes carbon per km2,,
112,CHICK,agri_potential_carbon,,,mean tonnes carbon per km2,,
113,CHICK,agri_potential_carbon,,,mean tonnes carbon per km2,,
114,CHICK,agri_potential_carbon,,,mean tonnes carbon per km2,,
115,CHICK,agri_potential_carbon,,,mean tonnes carbon per km2,,
116,CHICK,agri_potential_carbon,,,mean tonnes carbon per km2,,
117,CHICK,agri_potential_carbon,,,mean tonnes carbon per km2,,
118,CHICK,agri_potential_carbon,,,mean tonnes carbon per km2,,
119,CHICK,agri_potential_carbon,,,mean tonnes carbon per km2,,
120,CHICK,agri_potential_carbon,,,mean tonnes carbon per km2,,
121,CHICK,agri_potential_carbon,,,mean tonnes carbon per km2,,
122,CHICK,agri_potential_carbon,,,mean tonnes carbon per km2,,
123,CHICK,agri_potential_carbon,,,mean tonnes carbon per km2,,
124,CHICK,agri_potential_carbon,,,mean tonnes carbon per km2,,
125,CHICK,agri_potential_carbon,,,mean tonnes carbon per km2,,
126,CHICK,agri_potential_carbon,,,mean tonnes carbon per km2,,
127,CHICK,agri_potential_carbon,,,mean tonnes carbon per km2,,
128,CHICK,agri_potential_carbon,,,mean tonnes carbon per km2,,
129,CHICK,agri_potential_carbon,,,mean tonnes carbon per km2,,
ESH,CHICK,agri_potential_carbon,,,mean tonnes carbon per km2,,
AFG,SWINE,agri_potential_carbon,,,mean tonnes carbon per km2,,
GBR,SWINE,agri_potential_carbon,16001.615405924942,139.42548041929217,mean tonnes carbon per km2,3322.0,74476.8944933042
ALB,SWINE,agri_potential_carbon,7019.576832761111,201.83372902833486,mean tonnes carbon per km2,350.0,4243.703482470359
DZA,SWINE,agri_potential_carbon,6056.440323739689,314.21096815697393,mean tonnes carbon per km2,160.0,1591.8590098172426
USA,SWINE,agri_potential_carbon,10664.170907190843,88.50866757467192,mean tonnes carbon per km2,26525.0,341740.9401509123
ATA,SWINE,agri_potential_carbon,,,mean tonnes carbon per km2,,
ATG,SWINE,agri_potential_carbon,,,mean tonnes carbon per km2,,
ARG,SWINE,agri_potential_carbon,4398.112058589528,38.552938344286886,mean tonnes carbon per km2,3798.0,51411.79738214612
AND,SWINE,agri_potential_carbon,11412.911002504114,1152.2023885419856,mean tonnes carbon per km2,7.0,158.14181661605835
AGO,SWINE,agri_potential_carbon,8580.3067839775,47.77549252602178,mean tonnes carbon per km2,2120.0,68375.26544690132
ARM,SWINE,agri_potential_carbon,4459.927315185586,217.72383283897977,mean tonnes carbon per km2,164.0,4137.4598425626755
NLD,SWINE,agri_potential_carbon,11269.818795787754,224.50983276518983,mean tonnes carbon per km2,601.0,7351.454063668847
AUS,SWINE,agri_potential_carbon,7868.298424788399,174.22232272597608,mean tonnes carbon per km2,941.0,23045.224806507482
AUT,SWINE,agri_potential_carbon,11839.599515986318,235.8985357823991,mean tonnes carbon per km2,856.0,8565.57196278777
AZE,SWINE,agri_potential_carbon,4554.556798869556,522.6426072651402,mean tonnes carbon per km2,299.0,6361.945283308625
BHS,SWINE,agri_potential_carbon,,,mean tonnes carbon per km2,,
BRB,SWINE,agri_potential_carbon,,,mean tonnes carbon per km2,,
BLR,SWINE,agri_potential_carbon,14337.671884718779,95.64340708427464,mean tonnes carbon per km2,3302.0,30044.677569825202
BEL,SWINE,agri_potential_carbon,13632.883095416137,207.9135332974537,mean tonnes carbon per km2,491.0,6632.937187068164
BLZ,SWINE,agri_potential_carbon,12316.91070894964,682.1286801892188,mean tonnes carbon per km2,55.0,299.48609345406294
BTN,SWINE,agri_potential_carbon,12630.770676750664,1614.9728593327468,mean tonnes carbon per km2,88.0,383.3367193341255
BOL,SWINE,agri_potential_carbon,4063.865764627411,172.36816048383838,mean tonnes carbon per km2,911.0,37799.105330482125
BIH,SWINE,agri_potential_carbon,8278.762596712104,143.7264711174414,mean tonnes carbon per km2,519.0,6122.220597177744
BWA,SWINE,agri_potential_carbon,,,mean tonnes carbon per km2,,
NOR,SWINE,agri_potential_carbon,10289.452215296576,698.5779739036028,mean tonnes carbon per km2,423.0,875.252001128037
COL,SWINE,agri_potential_carbon,10234.56462216148,199.324528568517,mean tonnes carbon per km2,2196.0,124990.25098146964
COM,SWINE,agri_potential_carbon,,,mean tonnes carbon per km2,,
BRA,SWINE,agri_potential_carbon,7071.798413884764,86.33425187903488,mean tonnes carbon per km2,18319.0,572455.6029533071
FRA,SWINE,agri_potential_carbon,13332.934752036414,85.98903846765329,mean tonnes carbon per km2,7930.0,92391.67329154396
COD,SWINE,agri_potential_carbon,12819.98025249672,92.72248850913681,mean tonnes carbon per km2,3777.0,72258.50130433775
COG,SWINE,agri_potential_carbon,11529.700820627757,397.23256688051407,mean tonnes carbon per km2,159.0,10297.745324537158
NZL,SWINE,agri_potential_carbon,7740.88500033827,101.22675804273905,mean tonnes carbon per km2,512.0,23041.939774274826
BRN,SWINE,agri_potential_carbon,15328.435185310469,1247.0441899915531,mean tonnes carbon per km2,15.0,21.947362429462373
BGR,SWINE,agri_potential_carbon,5524.292185741141,108.14367993805146,mean tonnes carbon per km2,1199.0,16200.529677514918
BFA,SWINE,agri_potential_carbon,5001.657958772434,47.10164291410996,mean tonnes carbon per km2,1272.0,19041.548308312893
BDI,SWINE,agri_potential_carbon,10801.376592159728,188.620524523214,mean tonnes carbon per km2,279.0,4554.616528302431
CPV,SWINE,agri_potential_carbon,,,mean tonnes carbon per km2,,
KHM,SWINE,agri_potential_carbon,12963.512488507438,109.2955768926143,mean tonnes carbon per km2,1202.0,12861.735601954162
CMR,SWINE,agri_potential_carbon,8459.617650975044,285.9433731985669,mean tonnes carbon per km2,455.0,3408.37398904562
CAN,SWINE,agri_potential_carbon,12674.61907826687,191.82769094749267,mean tonnes carbon per km2,2773.0,19250.547572111274
CRI,SWINE,agri_potential_carbon,11082.3199577397,278.1394504636464,mean tonnes carbon per km2,337.0,11616.171119093895
CIV,SWINE,agri_potential_carbon,13950.984254174542,124.16014324650692,mean tonnes carbon per km2,2822.0,107098.16859012097
HRV,SWINE,agri_potential_carbon,10029.43132123346,148.7015947249376,mean tonnes carbon per km2,659.0,3053.9381695985794
CUB,SWINE,agri_potential_carbon,11917.574494578868,254.59806836114223,mean tonnes carbon per km2,976.0,22828.27770974487
CAF,SWINE,agri_potential_carbon,7815.288332912203,2235.568938464914,mean tonnes carbon per km2,36.0,81.702073790133
TCD,SWINE,agri_potential_carbon,4191.283846644195,119.05985007734532,mean tonnes carbon per km2,993.0,46783.53365468979
CHL,SWINE,agri_potential_carbon,4099.023754314561,137.8945843618141,mean tonnes carbon per km2,1044.0,15630.698935329914
CHN,SWINE,agri_potential_carbon,8318.00605105019,21.962783261781773,mean tonnes carbon per km2,55201.0,1256118.7347993962
CYP,SWINE,agri_potential_carbon,,,mean tonnes carbon per km2,,
CZE,SWINE,agri_potential_carbon,15294.89442830971,3246.515568096234,mean tonnes carbon per km2,3.0,20.932307481765747
DNK,SWINE,agri_potential_carbon,14328.531490707304,159.7426721814672,mean tonnes carbon per km2,703.0,1357.2720320974404
DJI,SWINE,agri_potential_carbon,,,mean tonnes carbon per km2,,
DMA,SWINE,agri_potential_carbon,,,mean tonnes carbon per km2,,
DOM,SWINE,agri_potential_carbon,9245.934649351635,233.5604248653449,mean tonnes carbon per km2,306.0,8457.24513920024
ECU,SWINE,agri_potential_carbon,8141.429629436259,212.13576949925132,mean tonnes carbon per km2,851.0,17052.001178217586
EGY,SWINE,agri_potential_carbon,,,mean tonnes carbon per km2,,
SLV,SWINE,agri_potential_carbon,10894.12028384528,513.2231727285797,mean tonnes carbon per km2,21.0,340.17557502910495
GNQ,SWINE,agri_potential_carbon,19180.861225954428,4057.792146152803,mean tonnes carbon per km2,10.0,3.656641532666981
ERI,SWINE,agri_potential_carbon,,,mean tonnes carbon per km2,,
EST,SWINE,agri_potential_carbon,13953.124077242746,343.1092014592192,mean tonnes carbon per km2,478.0,2053.211489252746
ETH,SWINE,agri_potential_carbon,8122.860269007408,80.64469510375744,mean tonnes carbon per km2,3654.0,38391.845936563
FJI,SWINE,agri_potential_carbon,,,mean tonnes carbon per km2,,
FIN,SWINE,agri_potential_carbon,17110.84588997371,396.31226514823715,mean tonnes carbon per km2,635.0,258.8226680541411
GAB,SWINE,agri_potential_carbon,15286.533372836457,1242.8998302422965,mean tonnes carbon per km2,44.0,1108.430320739746
GMB,SWINE,agri_potential_carbon,7761.666752434547,316.0848424014955,mean tonnes carbon per km2,118.0,1952.6479188203812
MAR,SWINE,agri_potential_carbon,4675.775502330833,138.0932764931644,mean tonnes carbon per km2,754.0,13726.396614136363
MOZ,SWINE,agri_potential_carbon,7032.454551702842,43.50148797248915,mean tonnes carbon per km2,3801.0,146880.51813685894
NAM,SWINE,agri_potential_carbon,,,mean tonnes carbon per km2,,
GEO,SWINE,agri_potential_carbon,6452.815039802379,175.70033988018997,mean tonnes carbon per km2,467.0,9826.725082851946
DEU,SWINE,agri_potential_carbon,12904.808859899316,88.01201409077201,mean tonnes carbon per km2,5883.0,45355.44777928805
GHA,SWINE,agri_potential_carbon,8276.583098941537,213.83516676921994,mean tonnes carbon per km2,1937.0,45541.740595035255
GRC,SWINE,agri_potential_carbon,6133.665808205942,80.18122142655697,mean tonnes carbon per km2,1016.0,19790.194904256612
GRL,SWINE,agri_potential_carbon,,,mean tonnes carbon per km2,,
GRD,SWINE,agri_potential_carbon,,,mean tonnes carbon per km2,,
NRU,SWINE,agri_potential_carbon,,,mean tonnes carbon per km2,,
GTM,SWINE,agri_potential_carbon,11289.527945310147,279.64660262388094,mean tonnes carbon per km2,702.0,13951.09364050813
NPL,SWINE,agri_potential_carbon,9151.76297443742,247.55188251692735,mean tonnes carbon per km2,1268.0,10269.177644713782
GIN,SWINE,agri_potential_carbon,8928.48406516957,176.06365108567755,mean tonnes carbon per km2,604.0,23968.760105609894
GNB,SWINE,agri_potential_carbon,11337.124395664447,622.491447372648,mean tonnes carbon per km2,182.0,882.060503706336
GUY,SWINE,agri_potential_carbon,7109.979316746731,1195.633362598753,mean tonnes carbon per km2,17.0,112.74121183156967
HTI,SWINE,agri_potential_carbon,9512.310684025226,222.2886577623265,mean tonnes carbon per km2,207.0,3189.4503123760223
JOR,SWINE,agri_potential_carbon,,,mean tonnes carbon per km2,,
HND,SWINE,agri_potential_carbon,10453.081321990725,144.88676377086531,mean tonnes carbon per km2,578.0,8881.752726562321
HUN,SWINE,agri_potential_carbon,7141.897785739693,93.56975586937111,mean tonnes carbon per km2,1498.0,7424.68608815968
ISL,SWINE,agri_potential_carbon,4157.400633419297,665.7066579289452,mean tonnes carbon per km2,34.0,537.9240081310272
IDN,SWINE,agri_potential_carbon,11705.73011352001,245.78662903297038,mean tonnes carbon per km2,6601.0,65487.285659515415
IRN,SWINE,agri_potential_carbon,,,mean tonnes carbon per km2,,
IRQ,SWINE,agri_potential_carbon,,,mean tonnes carbon per km2,,
IRL,SWINE,agri_potential_carbon,9694.02705227618,407.3462312662183,mean tonnes carbon per km2,570.0,18674.066502118483
KAZ,SWINE,agri_potential_carbon,5079.209412487222,48.42761710220057,mean tonnes carbon per km2,1847.0,35416.234599310905
KEN,SWINE,agri_potential_carbon,8903.931783347865,205.03246792547344,mean tonnes carbon per km2,1778.0,43546.91718673706
KIR,SWINE,agri_potential_carbon,,,mean tonnes carbon per km2,,
PRK,SWINE,agri_potential_carbon,8602.530682585637,212.3746475042686,mean tonnes carbon per km2,1238.0,633.3435015089386
KOR,SWINE,agri_potential_carbon,7690.259869672663,148.79276574755153,mean tonnes carbon per km2,1105.0,408.8833824265748
XKX,SWINE,agri_potential_carbon,,,mean tonnes carbon per km2,,
SRB,SWINE,agri_potential_carbon,4699.642972299172,102.65643348582316,mean tonnes carbon per km2,862.0,5138.304650856182
SYC,SWINE,agri_potential_carbon,,,mean tonnes carbon per km2,,
SLE,SWINE,agri_potential_carbon,16007.018577678777,251.83130260895632,mean tonnes carbon per km2,222.0,6175.942977428436
SGP,SWINE,agri_potential_carbon,,,mean tonnes carbon per km2,,
ITA,SWINE,agri_potential_carbon,9141.297130832649,129.33250854945695,mean tonnes carbon per km2,3327.0,32188.12836409771
JAM,SWINE,agri_potential_carbon,10340.670354300262,629.8443463158624,mean tonnes carbon per km2,57.0,1571.0810734601982
JPN,SWINE,agri_potential_carbon,6124.310471559174,140.74734428710764,mean tonnes carbon per km2,3060.0,1803.4560142681007
KGZ,SWINE,agri_potential_carbon,2344.6888858646807,98.83765196962015,mean tonnes carbon per km2,479.0,14084.17193043232
LAO,SWINE,agri_potential_carbon,12507.699965391635,227.8871388835112,mean tonnes carbon per km2,1062.0,6462.345728906117
LVA,SWINE,agri_potential_carbon,13894.928802587505,216.54930397559193,mean tonnes carbon per km2,965.0,5573.790765341371
LBN,SWINE,agri_potential_carbon,6882.8509454670475,357.824391071395,mean tonnes carbon per km2,94.0,2736.707049369812
LSO,SWINE,agri_potential_carbon,5863.798808758285,146.38545758949502,mean tonnes carbon per km2,328.0,3269.2506403923035
LBR,SWINE,agri_potential_carbon,16785.06624632698,602.5322142297163,mean tonnes carbon per km2,76.0,1156.9789934158325
LBY,SWINE,agri_potential_carbon,,,mean tonnes carbon per km2,,
LIE,SWINE,agri_potential_carbon,10027.899577850869,1003.5967665918387,mean tonnes carbon per km2,3.0,38.135398387908936
LTU,SWINE,agri_potential_carbon,13556.841259709163,167.44734979371907,mean tonnes carbon per km2,1141.0,6047.033543489873
LUX,SWINE,agri_potential_carbon,14531.816676108177,350.01787298350075,mean tonnes carbon per km2,44.0,826.4760904312134
MCO,SWINE,agri_potential_carbon,,,mean tonnes carbon per km2,,
MNG,SWINE,agri_potential_carbon,1851.6122984682352,166.79412116866513,mean tonnes carbon per km2,123.0,5453.543138176203
MNE,SWINE,agri_potential_carbon,,,mean tonnes carbon per km2,,
MKD,SWINE,agri_potential_carbon,5422.129709850369,215.62425980002556,mean tonnes carbon per km2,205.0,3963.6430228352547
MDG,SWINE,agri_potential_carbon,9325.92427810573,93.81354509383384,mean tonnes carbon per km2,3734.0,214392.6680648178
MWI,SWINE,agri_potential_carbon,7013.031796496367,77.79240488147816,mean tonnes carbon per km2,923.0,16396.195797292516
MYS,SWINE,agri_potential_carbon,12433.598967809257,183.49798759648715,mean tonnes carbon per km2,1476.0,1851.499666068703
MDV,SWINE,agri_potential_carbon,,,mean tonnes carbon per km2,,
MLI,SWINE,agri_potential_carbon,3917.2799439515748,92.75080345508194,mean tonnes carbon per km2,1290.0,57400.96508693695
MLT,SWINE,agri_potential_carbon,,,mean tonnes carbon per km2,,
MHL,SWINE,agri_potential_carbon,,,mean tonnes carbon per km2,,
MRT,SWINE,agri_potential_carbon,,,mean tonnes carbon per km2,,
MUS,SWINE,agri_potential_carbon,,,mean tonnes carbon per km2,,
MEX,SWINE,agri_potential_carbon,6423.606863589101,155.1459644867409,mean tonnes carbon per km2,6073.0,108218.28940923336
FSM,SWINE,agri_potential_carbon,,,mean tonnes carbon per km2,,
MDA,SWINE,agri_potential_carbon,5771.626470673554,96.70914343229825,mean tonnes carbon per km2,564.0,3466.125573258847
NIC,SWINE,agri_potential_carbon,10677.68812075251,97.8920377881448,mean tonnes carbon per km2,770.0,23074.76375555247
OMN,SWINE,agri_potential_carbon,,,mean tonnes carbon per km2,,
PAK,SWINE,agri_potential_carbon,,,mean tonnes carbon per km2,,
PLW,SWINE,agri_potential_carbon,,,mean tonnes carbon per km2,,
PAN,SWINE,agri_potential_carbon,12261.701600753102,276.65405083501633,mean tonnes carbon per km2,338.0,11616.189421385527
PNG,SWINE,agri_potential_carbon,9411.226983888007,1263.3587215938028,mean tonnes carbon per km2,33.0,52.685629189014435
PRY,SWINE,agri_potential_carbon,8659.294998840625,73.59237498673967,mean tonnes carbon per km2,1072.0,24258.667591571808
PER,SWINE,agri_potential_carbon,3959.5652060493685,179.79935327114669,mean tonnes carbon per km2,1873.0,45389.604299353145
PHL,SWINE,agri_potential_carbon,14454.906113637082,121.35837778397463,mean tonnes carbon per km2,2143.0,10814.712990506436
POL,SWINE,agri_potential_carbon,15122.032835605492,73.76622468801214,mean tonnes carbon per km2,5533.0,31834.252152508998
PRT,SWINE,agri_potential_carbon,8396.040923227803,145.45604027806408,mean tonnes carbon per km2,1188.0,16048.930133521557
ROU,SWINE,agri_potential_carbon,6262.055950243214,72.95905246995281,mean tonnes carbon per km2,3057.0,37785.30698555708
RUS,SWINE,agri_potential_carbon,7582.645203390113,47.49856161281739,mean tonnes carbon per km2,25770.0,233557.68702253437
RWA,SWINE,agri_potential_carbon,11192.385055147079,270.4972911183716,mean tonnes carbon per km2,265.0,4087.0899287760258
WSM,SWINE,agri_potential_carbon,,,mean tonnes carbon per km2,,
SMR,SWINE,agri_potential_carbon,6774.803191878977,0.0,mean tonnes carbon per km2,1.0,26.29429817199707
TON,SWINE,agri_potential_carbon,,,mean tonnes carbon per km2,,
TTO,SWINE,agri_potential_carbon,,,mean tonnes carbon per km2,,
TUN,SWINE,agri_potential_carbon,3537.474839916734,223.14138149269854,mean tonnes carbon per km2,225.0,2186.234250344336
TKM,SWINE,agri_potential_carbon,,,mean tonnes carbon per km2,,
STP,SWINE,agri_potential_carbon,67.60484745809126,0.0,mean tonnes carbon per km2,1.0,1.1630122661590576
SAU,SWINE,agri_potential_carbon,,,mean tonnes carbon per km2,,
SEN,SWINE,agri_potential_carbon,8328.039057974234,183.87972399741994,mean tonnes carbon per km2,497.0,10496.118332475424
SVK,SWINE,agri_potential_carbon,8767.815720308863,201.4642844435399,mean tonnes carbon per km2,656.0,4989.670542197302
SVN,SWINE,agri_potential_carbon,11741.330230052037,406.86215682752294,mean tonnes carbon per km2,259.0,3536.904758863151
SLB,SWINE,agri_potential_carbon,,,mean tonnes carbon per km2,,
SOM,SWINE,agri_potential_carbon,,,mean tonnes carbon per km2,,
ZAF,SWINE,agri_potential_carbon,7034.053129554708,116.26294261344377,mean tonnes carbon per km2,2872.0,111011.68803731352
SSD,SWINE,agri_potential_carbon,11459.095127215607,0.0,mean tonnes carbon per km2,1.0,28.56734848022461
ESP,SWINE,agri_potential_carbon,7980.270068189691,117.47089075934736,mean tonnes carbon per km2,3280.0,45221.26360590104
LKA,SWINE,agri_potential_carbon,9078.087491834172,375.2786754441574,mean tonnes carbon per km2,587.0,3805.0291844055755
KNA,SWINE,agri_potential_carbon,,,mean tonnes carbon per km2,,
LCA,SWINE,agri_potential_carbon,,,mean tonnes carbon per km2,,
VCT,SWINE,agri_potential_carbon,,,mean tonnes carbon per km2,,
SDN,SWINE,agri_potential_carbon,,,mean tonnes carbon per km2,,
SUR,SWINE,agri_potential_carbon,8294.891959878296,1424.9148629018725,mean tonnes carbon per km2,7.0,6.7847759164869785
SWZ,SWINE,agri_potential_carbon,,,mean tonnes carbon per km2,,
SWE,SWINE,agri_potential_carbon,16463.386653023415,311.1593034861744,mean tonnes carbon per km2,1337.0,2985.8887644859497
CHE,SWINE,agri_potential_carbon,12609.956201945774,295.71135518953156,mean tonnes carbon per km2,379.0,5803.08129145205
SYR,SWINE,agri_potential_carbon,5454.426318686501,183.7456840916996,mean tonnes carbon per km2,3.0,37.39929485321045
TWN,SWINE,agri_potential_carbon,12126.709604137279,383.3146710420571,mean tonnes carbon per km2,213.0,3875.0652185289655
TJK,SWINE,agri_potential_carbon,4115.949894396549,1237.8726524497895,mean tonnes carbon per km2,52.0,736.5755335092545
TZA,SWINE,agri_potential_carbon,8159.756166978491,104.01144638177874,mean tonnes carbon per km2,4439.0,127488.35714314974
THA,SWINE,agri_potential_carbon,10142.106234402403,123.85055944150744,mean tonnes carbon per km2,3970.0,7802.4698945164455
TLS,SWINE,agri_potential_carbon,12125.540357538328,363.9468761263837,mean tonnes carbon per km2,110.0,1008.3973333835602
TGO,SWINE,agri_potential_carbon,7636.55950009422,171.92070957150327,mean tonnes carbon per km2,577.0,8483.346078306437
TUV,SWINE,agri_potential_carbon,,,mean tonnes carbon per km2,,
UGA,SWINE,agri_potential_carbon,8503.700899376368,135.7287790010187,mean tonnes carbon per km2,1487.0,31914.94569564634
URY,SWINE,agri_potential_carbon,4223.975362532863,109.93086849972681,mean tonnes carbon per km2,177.0,6160.405256271362
UZB,SWINE,agri_potential_carbon,2660.8637757392808,317.71439967758835,mean tonnes carbon per km2,100.0,4098.313162326813
VUT,SWINE,agri_potential_carbon,,,mean tonnes carbon per km2,,
VAT,SWINE,agri_potential_carbon,,,mean tonnes carbon per km2,,
VEN,SWINE,agri_potential_carbon,8250.768470744732,207.2450493050696,mean tonnes carbon per km2,1016.0,34444.47498056805
VNM,SWINE,agri_potential_carbon,13203.866772013149,128.39275295238912,mean tonnes carbon per km2,2126.0,5999.7824511281215
ZMB,SWINE,agri_potential_carbon,7299.343714491373,55.8715430667998,mean tonnes carbon per km2,2235.0,83960.46465279162
ZWE,SWINE,agri_potential_carbon,6993.407791526675,48.20224360595074,mean tonnes carbon per km2,1456.0,52582.53933352232
YEM,SWINE,agri_potential_carbon,,,mean tonnes carbon per km2,,
UKR,SWINE,agri_potential_carbon,9236.373704448028,62.88010553859272,mean tonnes carbon per km2,8979.0,65735.78331862204
BHR,SWINE,agri_potential_carbon,,,mean tonnes carbon per km2,,
KWT,SWINE,agri_potential_carbon,,,mean tonnes carbon per km2,,
QAT,SWINE,agri_potential_carbon,,,mean tonnes carbon per km2,,
ARE,SWINE,agri_potential_carbon,,,mean tonnes carbon per km2,,
TUR,SWINE,agri_potential_carbon,5358.277422094215,616.1743099211056,mean tonnes carbon per km2,134.0,1564.263944849372
ISR,SWINE,agri_potential_carbon,,,mean tonnes carbon per km2,,
BGD,SWINE,agri_potential_carbon,10030.03965963279,1788.8760062352392,mean tonnes carbon per km2,2.0,7.619791507720947
MMR,SWINE,agri_potential_carbon,8078.504470972938,110.1350753863639,mean tonnes carbon per km2,3526.0,54678.95681348909
IND,SWINE,agri_potential_carbon,8691.565091468952,64.06501524734013,mean tonnes carbon per km2,18954.0,58269.280183586205
BEN,SWINE,agri_potential_carbon,10532.033742306703,255.39250306433107,mean tonnes carbon per km2,567.0,5312.866642878391
NER,SWINE,agri_potential_carbon,,,mean tonnes carbon per km2,,
NGA,SWINE,agri_potential_carbon,8541.594042043438,61.77964619234451,mean tonnes carbon per km2,7132.0,177617.3553998582
111,SWINE,agri_potential_carbon,,,mean tonnes carbon per km2,,
112,SWINE,agri_potential_carbon,,,mean tonnes carbon per km2,,
113,SWINE,agri_potential_carbon,,,mean tonnes carbon per km2,,
114,SWINE,agri_potential_carbon,,,mean tonnes carbon per km2,,
115,SWINE,agri_potential_carbon,,,mean tonnes carbon per km2,,
116,SWINE,agri_potential_carbon,,,mean tonnes carbon per km2,,
117,SWINE,agri_potential_carbon,,,mean tonnes carbon per km2,,
118,SWINE,agri_potential_carbon,,,mean tonnes carbon per km2,,
119,SWINE,agri_potential_carbon,,,mean tonnes carbon per km2,,
120,SWINE,agri_potential_carbon,,,mean tonnes carbon per km2,,
121,SWINE,agri_potential_carbon,,,mean tonnes carbon per km2,,
122,SWINE,agri_potential_carbon,,,mean tonnes carbon per km2,,
123,SWINE,agri_potential_carbon,,,mean tonnes carbon per km2,,
124,SWINE,agri_potential_carbon,,,mean tonnes carbon per km2,,
125,SWINE,agri_potential_carbon,,,mean tonnes carbon per km2,,
126,SWINE,agri_potential_carbon,,,mean tonnes carbon per km2,,
127,SWINE,agri_potential_carbon,,,mean tonnes carbon per km2,,
128,SWINE,agri_potential_carbon,,,mean tonnes carbon per km2,,
129,SWINE,agri_potential_carbon,,,mean tonnes carbon per km2,,
ESH,SWINE,agri_potential_carbon,,,mean tonnes carbon per km2,,
AFG,GOATS,agri_potential_carbon,3387.602838761448,97.31267447248484,mean tonnes carbon per km2,1185.0,52175.101028740406
GBR,GOATS,agri_potential_carbon,15192.845536337623,183.1946411787878,mean tonnes carbon per km2,3284.0,75136.94655581564
ALB,GOATS,agri_potential_carbon,6957.252532428633,185.85836747621116,mean tonnes carbon per km2,363.0,4441.653403921868
DZA,GOATS,agri_potential_carbon,5448.414727326901,189.89954440647182,mean tonnes carbon per km2,424.0,5378.637106534854
USA,GOATS,agri_potential_carbon,7606.289793991563,67.25191798538201,mean tonnes carbon per km2,27752.0,350668.0018567731
ATA,GOATS,agri_potential_carbon,,,mean tonnes carbon per km2,,
ATG,GOATS,agri_potential_carbon,,,mean tonnes carbon per km2,,
ARG,GOATS,agri_potential_carbon,5442.660199715369,96.32309084418843,mean tonnes carbon per km2,4551.0,62133.60567568056
AND,GOATS,agri_potential_carbon,11689.604572358152,1303.0413222410143,mean tonnes carbon per km2,7.0,158.14181661605835
AGO,GOATS,agri_potential_carbon,8193.414785644167,42.21906709880876,mean tonnes carbon per km2,4913.0,122082.27526625525
ARM,GOATS,agri_potential_carbon,4298.211499087835,245.9965925553374,mean tonnes carbon per km2,256.0,6474.834259107709
NLD,GOATS,agri_potential_carbon,11114.753723320806,162.818196602928,mean tonnes carbon per km2,594.0,7258.081244722009
AUS,GOATS,agri_potential_carbon,8800.197939729976,181.73365025417203,mean tonnes carbon per km2,1436.0,33836.123920967235
AUT,GOATS,agri_potential_carbon,12148.385365826482,169.82448387485678,mean tonnes carbon per km2,1079.0,10484.113993293606
AZE,GOATS,agri_potential_carbon,3674.323524372455,197.9784402476696,mean tonnes carbon per km2,512.0,10981.02526833117
BHS,GOATS,agri_potential_carbon,,,mean tonnes carbon per km2,,
BRB,GOATS,agri_potential_carbon,,,mean tonnes carbon per km2,,
BLR,GOATS,agri_potential_carbon,14151.564108397068,93.58404041704625,mean tonnes carbon per km2,3409.0,30656.676846902817
BEL,GOATS,agri_potential_carbon,13502.024781749169,205.7226726859951,mean tonnes carbon per km2,491.0,6632.937187068164
BLZ,GOATS,agri_potential_carbon,11543.7065724243,671.0502962046054,mean tonnes carbon per km2,61.0,310.4417769983411
BTN,GOATS,agri_potential_carbon,12888.213906162979,2095.8209300070375,mean tonnes carbon per km2,116.0,459.2464975863695
BOL,GOATS,agri_potential_carbon,3619.3503400289333,263.92958212998656,mean tonnes carbon per km2,1149.0,42278.82829809934
BIH,GOATS,agri_potential_carbon,8379.619495369425,156.99252173866384,mean tonnes carbon per km2,720.0,8613.386009782553
BWA,GOATS,agri_potential_carbon,,,mean tonnes carbon per km2,,
NOR,GOATS,agri_potential_carbon,8124.921869585838,288.7975296601201,mean tonnes carbon per km2,699.0,1157.4877539180684
COL,GOATS,agri_potential_carbon,7976.313981171496,244.39341781004117,mean tonnes carbon per km2,3332.0,173431.93077239394
COM,GOATS,agri_potential_carbon,,,mean tonnes carbon per km2,,
BRA,GOATS,agri_potential_carbon,4336.439794467534,66.6112068777146,mean tonnes carbon per km2,20741.0,634081.741706182
FRA,GOATS,agri_potential_carbon,10929.120392276847,87.98643164148724,mean tonnes carbon per km2,7981.0,92632.27578207711
COD,GOATS,agri_potential_carbon,12512.382604486853,106.45187222392413,mean tonnes carbon per km2,8853.0,119410.08489152836
COG,GOATS,agri_potential_carbon,12247.8640281381,327.10177921350214,mean tonnes carbon per km2,252.0,14758.478551670909
NZL,GOATS,agri_potential_carbon,8069.873461734531,136.50650589853998,mean tonnes carbon per km2,667.0,28559.371045172215
BRN,GOATS,agri_potential_carbon,16416.357831829242,1321.7421460963585,mean tonnes carbon per km2,15.0,21.947362429462373
BGR,GOATS,agri_potential_carbon,5846.242121229314,68.46942588649297,mean tonnes carbon per km2,1275.0,16497.07643671427
BFA,GOATS,agri_potential_carbon,4957.723212885643,38.431112702576215,mean tonnes carbon per km2,1298.0,19240.22493723035
BDI,GOATS,agri_potential_carbon,10709.90715078784,167.81685991907992,mean tonnes carbon per km2,282.0,4619.612517148256
CPV,GOATS,agri_potential_carbon,,,mean tonnes carbon per km2,,
KHM,GOATS,agri_potential_carbon,,,mean tonnes carbon per km2,,
CMR,GOATS,agri_potential_carbon,8441.385936184959,177.69396353960894,mean tonnes carbon per km2,1135.0,8980.358958406665
CAN,GOATS,agri_potential_carbon,12435.405322056904,241.03316190111153,mean tonnes carbon per km2,1616.0,11147.785592665405
CRI,GOATS,agri_potential_carbon,10868.632017973354,165.66280070234285,mean tonnes carbon per km2,351.0,11987.668920241296
CIV,GOATS,agri_potential_carbon,12153.767498571024,109.96208523573922,mean tonnes carbon per km2,2921.0,109962.95142053813
HRV,GOATS,agri_potential_carbon,8820.08934035168,158.39404827651154,mean tonnes carbon per km2,674.0,3045.5196602344513
CUB,GOATS,agri_potential_carbon,11861.621024807238,244.53294684507102,mean tonnes carbon per km2,981.0,22760.577820830047
CAF,GOATS,agri_potential_carbon,7917.997866809308,209.97985371098878,mean tonnes carbon per km2,419.0,1628.8436813750304
TCD,GOATS,agri_potential_carbon,4078.5026805404777,47.95595020386316,mean tonnes carbon per km2,1241.0,57460.32913351059
CHL,GOATS,agri_potential_carbon,4601.756760393898,98.92086301094743,mean tonnes carbon per km2,1418.0,18104.606080207974
CHN,GOATS,agri_potential_carbon,7203.84169519202,31.080482959219083,mean tonnes carbon per km2,58689.0,1400234.4041174895
CYP,GOATS,agri_potential_carbon,,,mean tonnes carbon per km2,,
CZE,GOATS,agri_potential_carbon,7886.625170983401,0.0,mean tonnes carbon per km2,1.0,0.648322343826294
DNK,GOATS,agri_potential_carbon,,,mean tonnes carbon per km2,,
DJI,GOATS,agri_potential_carbon,,,mean tonnes carbon per km2,,
DMA,GOATS,agri_potential_carbon,,,mean tonnes carbon per km2,,
DOM,GOATS,agri_potential_carbon,8931.2600965598,267.6064395761617,mean tonnes carbon per km2,396.0,10583.636577475816
ECU,GOATS,agri_potential_carbon,7626.862555562754,301.0044442796387,mean tonnes carbon per km2,1047.0,22870.669556466863
EGY,GOATS,agri_potential_carbon,,,mean tonnes carbon per km2,,
SLV,GOATS,agri_potential_carbon,11091.816643357302,567.6611245093795,mean tonnes carbon per km2,21.0,340.17557502910495
GNQ,GOATS,agri_potential_carbon,18882.463164350105,3226.3244522056334,mean tonnes carbon per km2,15.0,6.596889411099255
ERI,GOATS,agri_potential_carbon,,,mean tonnes carbon per km2,,
EST,GOATS,agri_potential_carbon,12900.414201044736,271.4227086258372,mean tonnes carbon per km2,472.0,2027.6560018584132
ETH,GOATS,agri_potential_carbon,7215.807367226307,93.27020814662609,mean tonnes carbon per km2,4102.0,46192.08567838384
FJI,GOATS,agri_potential_carbon,,,mean tonnes carbon per km2,,
FIN,GOATS,agri_potential_carbon,18065.663396534655,422.547643724041,mean tonnes carbon per km2,587.0,241.39061904186383
GAB,GOATS,agri_potential_carbon,13773.764202210075,1344.3508703001967,mean tonnes carbon per km2,59.0,1361.2941696941853
GMB,GOATS,agri_potential_carbon,6937.794799736881,261.0206107319018,mean tonnes carbon per km2,117.0,1950.5608850717545
MAR,GOATS,agri_potential_carbon,5522.467106475807,132.3893635200244,mean tonnes carbon per km2,754.0,13726.396614136363
MOZ,GOATS,agri_potential_carbon,6775.459294953409,53.45442173685812,mean tonnes carbon per km2,4949.0,182470.87339114398
NAM,GOATS,agri_potential_carbon,,,mean tonnes carbon per km2,,
GEO,GOATS,agri_potential_carbon,5340.313788140907,261.28624008916177,mean tonnes carbon per km2,638.0,11706.507055647671
DEU,GOATS,agri_potential_carbon,13377.201400258216,79.9570544941259,mean tonnes carbon per km2,5884.0,45259.7266969881
GHA,GOATS,agri_potential_carbon,9780.268955658987,139.25759632319108,mean tonnes carbon per km2,2099.0,49828.67270606011
GRC,GOATS,agri_potential_carbon,5994.175764493007,80.08426610070907,mean tonnes carbon per km2,1007.0,19299.491541739553
GRL,GOATS,agri_potential_carbon,,,mean tonnes carbon per km2,,
GRD,GOATS,agri_potential_carbon,,,mean tonnes carbon per km2,,
NRU,GOATS,agri_potential_carbon,,,mean tonnes carbon per km2,,
GTM,GOATS,agri_potential_carbon,11176.058025774073,243.36931579911794,mean tonnes carbon per km2,785.0,14590.100352810696
NPL,GOATS,agri_potential_carbon,8442.264771544578,248.95881789251914,mean tonnes carbon per km2,1330.0,11813.969867429696
GIN,GOATS,agri_potential_carbon,9222.215418844602,86.96744372420417,mean tonnes carbon per km2,1863.0,73033.28978997469
GNB,GOATS,agri_potential_carbon,9828.896981001995,429.81064046698407,mean tonnes carbon per km2,220.0,1302.2610838264227
GUY,GOATS,agri_potential_carbon,4781.579479682715,1150.2611500260778,mean tonnes carbon per km2,61.0,393.6408404670656
HTI,GOATS,agri_potential_carbon,9105.781335918466,199.37977288203945,mean tonnes carbon per km2,255.0,4316.610837161541
JOR,GOATS,agri_potential_carbon,,,mean tonnes carbon per km2,,
HND,GOATS,agri_potential_carbon,10350.799741894121,125.74290997132407,mean tonnes carbon per km2,785.0,12354.229787573218
HUN,GOATS,agri_potential_carbon,7900.885030467473,94.23961688152202,mean tonnes carbon per km2,1500.0,7430.312847182155
ISL,GOATS,agri_potential_carbon,5674.269998576224,550.0501604932244,mean tonnes carbon per km2,24.0,340.19543719291687
IDN,GOATS,agri_potential_carbon,9964.079752141548,235.5356378075561,mean tonnes carbon per km2,7182.0,69658.44914117747
IRN,GOATS,agri_potential_carbon,992.1035234076094,38.191046462911316,mean tonnes carbon per km2,748.0,20011.164680063725
IRQ,GOATS,agri_potential_carbon,2255.076350999768,154.1579167425886,mean tonnes carbon per km2,85.0,1550.7454326450825
IRL,GOATS,agri_potential_carbon,8748.67164099073,680.6150186483633,mean tonnes carbon per km2,103.0,2682.9575371760875
KAZ,GOATS,agri_potential_carbon,3230.564592897986,76.93095231516082,mean tonnes carbon per km2,2219.0,44005.308949438855
KEN,GOATS,agri_potential_carbon,5856.702971619083,106.94926068403691,mean tonnes carbon per km2,2180.0,56737.12519413233
KIR,GOATS,agri_potential_carbon,,,mean tonnes carbon per km2,,
PRK,GOATS,agri_potential_carbon,8531.96425970412,120.70608381614586,mean tonnes carbon per km2,1349.0,636.457561615102
KOR,GOATS,agri_potential_carbon,7611.067851546532,164.9855455398157,mean tonnes carbon per km2,1093.0,398.547801097855
XKX,GOATS,agri_potential_carbon,,,mean tonnes carbon per km2,,
SRB,GOATS,agri_potential_carbon,5634.9833911157075,106.29508756504053,mean tonnes carbon per km2,932.0,5475.263067077789
SYC,GOATS,agri_potential_carbon,,,mean tonnes carbon per km2,,
SLE,GOATS,agri_potential_carbon,14599.81792118946,204.3794480029978,mean tonnes carbon per km2,355.0,9659.334099292755
SGP,GOATS,agri_potential_carbon,,,mean tonnes carbon per km2,,
ITA,GOATS,agri_potential_carbon,7434.879890580881,121.65900926154482,mean tonnes carbon per km2,3557.0,34332.066565419926
JAM,GOATS,agri_potential_carbon,10440.122562261364,536.5900461064947,mean tonnes carbon per km2,63.0,1727.7298495145806
JPN,GOATS,agri_potential_carbon,6500.7905029097565,135.45808900146181,mean tonnes carbon per km2,3133.0,1846.5825205966835
KGZ,GOATS,agri_potential_carbon,2418.8383183731653,64.8121901452435,mean tonnes carbon per km2,580.0,17624.68686553836
LAO,GOATS,agri_potential_carbon,12378.336196576955,262.1853190109379,mean tonnes carbon per km2,1098.0,6502.036294471718
LVA,GOATS,agri_potential_carbon,12358.002944683798,201.48891569615358,mean tonnes carbon per km2,967.0,5581.233316477388
LBN,GOATS,agri_potential_carbon,5633.493790485665,243.36703487617513,mean tonnes carbon per km2,114.0,3229.0230584144592
LSO,GOATS,agri_potential_carbon,6248.257860333428,123.86959645376493,mean tonnes carbon per km2,361.0,3653.8087286949158
LBR,GOATS,agri_potential_carbon,16672.89750457427,784.4919370787339,mean tonnes carbon per km2,100.0,1451.4414271712303
LBY,GOATS,agri_potential_carbon,,,mean tonnes carbon per km2,,
LIE,GOATS,agri_potential_carbon,10213.043774698252,1031.5821815038573,mean tonnes carbon per km2,3.0,38.135398387908936
LTU,GOATS,agri_potential_carbon,12451.418643945428,163.9218250352936,mean tonnes carbon per km2,1144.0,6048.267233736813
LUX,GOATS,agri_potential_carbon,14101.149484465106,323.06654910259385,mean tonnes carbon per km2,44.0,826.4760904312134
MCO,GOATS,agri_potential_carbon,,,mean tonnes carbon per km2,,
MNG,GOATS,agri_potential_carbon,1361.816861631852,147.13885336326132,mean tonnes carbon per km2,246.0,10842.78102967143
MNE,GOATS,agri_potential_carbon,,,mean tonnes carbon per km2,,
MKD,GOATS,agri_potential_carbon,6050.306108546898,214.00544157381563,mean tonnes carbon per km2,256.0,4670.070855204016
MDG,GOATS,agri_potential_carbon,5702.056858432801,132.12648740759573,mean tonnes carbon per km2,3397.0,193923.17894753814
MWI,GOATS,agri_potential_carbon,6870.706135787355,75.46875328367025,mean tonnes carbon per km2,946.0,16669.172435609624
MYS,GOATS,agri_potential_carbon,13520.706030202819,149.65669831648728,mean tonnes carbon per km2,1534.0,1905.2659016428515
MDV,GOATS,agri_potential_carbon,,,mean tonnes carbon per km2,,
MLI,GOATS,agri_potential_carbon,4663.041137918286,44.04042377250769,mean tonnes carbon per km2,1972.0,90308.85214328766
MLT,GOATS,agri_potential_carbon,,,mean tonnes carbon per km2,,
MHL,GOATS,agri_potential_carbon,,,mean tonnes carbon per km2,,
MRT,GOATS,agri_potential_carbon,,,mean tonnes carbon per km2,,
MUS,GOATS,agri_potential_carbon,,,mean tonnes carbon per km2,,
MEX,GOATS,agri_potential_carbon,7339.08062526376,101.66034284425541,mean tonnes carbon per km2,5484.0,102960.41140909457
FSM,GOATS,agri_potential_carbon,,,mean tonnes carbon per km2,,
MDA,GOATS,agri_potential_carbon,5630.782688432721,111.34352769771705,mean tonnes carbon per km2,564.0,3466.125573258847
NIC,GOATS,agri_potential_carbon,9587.25164638507,162.24328900960126,mean tonnes carbon per km2,843.0,24372.19668250531
OMN,GOATS,agri_potential_carbon,,,mean tonnes carbon per km2,,
PAK,GOATS,agri_potential_carbon,2009.7138842492657,296.3378505454346,mean tonnes carbon per km2,276.0,2772.335072132759
PLW,GOATS,agri_potential_carbon,,,mean tonnes carbon per km2,,
PAN,GOATS,agri_potential_carbon,11894.498695027589,256.9535428421991,mean tonnes carbon per km2,365.0,11693.368359960616
PNG,GOATS,agri_potential_carbon,9552.700040525515,458.59926216684187,mean tonnes carbon per km2,485.0,492.85437322799226
PRY,GOATS,agri_potential_carbon,7804.099923291296,62.4242250856176,mean tonnes carbon per km2,1485.0,37281.18933472037
PER,GOATS,agri_potential_carbon,4053.4383709551785,131.25186410854982,mean tonnes carbon per km2,2143.0,56702.588054465596
PHL,GOATS,agri_potential_carbon,14447.836183198677,141.3188080074789,mean tonnes carbon per km2,2163.0,10851.779112544027
POL,GOATS,agri_potential_carbon,14333.754508746923,66.1193502109723,mean tonnes carbon per km2,5551.0,31864.377550709003
PRT,GOATS,agri_potential_carbon,8736.143316438576,69.23478608165662,mean tonnes carbon per km2,1182.0,15931.604042232037
ROU,GOATS,agri_potential_carbon,5889.726799562307,71.01735320632088,mean tonnes carbon per km2,3347.0,40223.865978360176
RUS,GOATS,agri_potential_carbon,6605.767389704682,51.59762406182831,mean tonnes carbon per km2,30688.0,256516.96401502163
RWA,GOATS,agri_potential_carbon,10376.899092828799,267.61174803618405,mean tonnes carbon per km2,271.0,4145.9995103776455
WSM,GOATS,agri_potential_carbon,,,mean tonnes carbon per km2,,
SMR,GOATS,agri_potential_carbon,6774.803191878977,0.0,mean tonnes carbon per km2,1.0,26.29429817199707
TON,GOATS,agri_potential_carbon,,,mean tonnes carbon per km2,,
TTO,GOATS,agri_potential_carbon,,,mean tonnes carbon per km2,,
TUN,GOATS,agri_potential_carbon,2772.520433066597,259.6568821239113,mean tonnes carbon per km2,226.0,2210.526196755469
TKM,GOATS,agri_potential_carbon,,,mean tonnes carbon per km2,,
STP,GOATS,agri_potential_carbon,67.60484745809126,0.0,mean tonnes carbon per km2,1.0,1.1630122661590576
SAU,GOATS,agri_potential_carbon,,,mean tonnes carbon per km2,,
SEN,GOATS,agri_potential_carbon,6291.938266298816,195.48953599282206,mean tonnes carbon per km2,589.0,12188.527491658926
SVK,GOATS,agri_potential_carbon,10214.666788390168,171.9575180896733,mean tonnes carbon per km2,695.0,5146.970531614497
SVN,GOATS,agri_potential_carbon,9697.509306575561,244.14262004899444,mean tonnes carbon per km2,298.0,3706.1097471043468
SLB,GOATS,agri_potential_carbon,,,mean tonnes carbon per km2,,
SOM,GOATS,agri_potential_carbon,3949.383299542383,0.0,mean tonnes carbon per km2,1.0,49.153350830078125
ZAF,GOATS,agri_potential_carbon,7946.009666585772,48.28125644124665,mean tonnes carbon per km2,3467.0,132677.81952241808
SSD,GOATS,agri_potential_carbon,11459.095127215607,0.0,mean tonnes carbon per km2,1.0,28.56734848022461
ESP,GOATS,agri_potential_carbon,7139.880406623727,97.29856994405188,mean tonnes carbon per km2,3269.0,44908.90199479461
LKA,GOATS,agri_potential_carbon,8946.135820030016,258.29390236547323,mean tonnes carbon per km2,585.0,3772.3398620829685
KNA,GOATS,agri_potential_carbon,,,mean tonnes carbon per km2,,
LCA,GOATS,agri_potential_carbon,,,mean tonnes carbon per km2,,
VCT,GOATS,agri_potential_carbon,,,mean tonnes carbon per km2,,
SDN,GOATS,agri_potential_carbon,,,mean tonnes carbon per km2,,
SUR,GOATS,agri_potential_carbon,6927.358478540848,1689.5718743212283,mean tonnes carbon per km2,16.0,8.385312247892443
SWZ,GOATS,agri_potential_carbon,,,mean tonnes carbon per km2,,
SWE,GOATS,agri_potential_carbon,0.0,0.0,mean tonnes carbon per km2,1.0,0.33262568712234497
CHE,GOATS,agri_potential_carbon,12496.120593650021,169.89395544311392,mean tonnes carbon per km2,525.0,8405.701817467809
SYR,GOATS,agri_potential_carbon,2735.9598984972454,223.9931402991379,mean tonnes carbon per km2,149.0,954.5894110426307
TWN,GOATS,agri_potential_carbon,11959.985117839944,410.74724658617436,mean tonnes carbon per km2,212.0,3824.080051731551
TJK,GOATS,agri_potential_carbon,2958.6153589516334,147.34065384119955,mean tonnes carbon per km2,376.0,6502.586661458015
TZA,GOATS,agri_potential_carbon,7675.2591794386435,77.80652509071905,mean tonnes carbon per km2,5595.0,148386.96369209982
THA,GOATS,agri_potential_carbon,10830.74505571352,117.02987512885662,mean tonnes carbon per km2,3959.0,7767.424942746922
TLS,GOATS,agri_potential_carbon,12481.934930887941,394.32975744538993,mean tonnes carbon per km2,109.0,993.0170109272003
TGO,GOATS,agri_potential_carbon,8502.487163142654,131.5766357094145,mean tonnes carbon per km2,591.0,8833.207077413797
TUV,GOATS,agri_potential_carbon,,,mean tonnes carbon per km2,,
UGA,GOATS,agri_potential_carbon,8512.328894479242,96.42619034710845,mean tonnes carbon per km2,1978.0,46481.0309576469
URY,GOATS,agri_potential_carbon,3978.256709482574,123.02838980958357,mean tonnes carbon per km2,185.0,6560.172386169434
UZB,GOATS,agri_potential_carbon,1967.9029879768214,208.82705723471918,mean tonnes carbon per km2,114.0,4622.476418972015
VUT,GOATS,agri_potential_carbon,,,mean tonnes carbon per km2,,
VAT,GOATS,agri_potential_carbon,,,mean tonnes carbon per km2,,
VEN,GOATS,agri_potential_carbon,5604.061030033095,329.7065479144838,mean tonnes carbon per km2,1903.0,67701.89365050895
VNM,GOATS,agri_potential_carbon,12836.50167289762,101.81412229953695,mean tonnes carbon per km2,2106.0,5850.471618426498
ZMB,GOATS,agri_potential_carbon,6711.968432158545,48.58721491332422,mean tonnes carbon per km2,3698.0,128973.37138062529
ZWE,GOATS,agri_potential_carbon,6762.463988835863,50.90139921034083,mean tonnes carbon per km2,1514.0,53292.17981606722
YEM,GOATS,agri_potential_carbon,,,mean tonnes carbon per km2,,
UKR,GOATS,agri_potential_carbon,8241.584862225804,68.86836861368381,mean tonnes carbon per km2,9161.0,66284.60448632948
BHR,GOATS,agri_potential_carbon,,,mean tonnes carbon per km2,,
KWT,GOATS,agri_potential_carbon,,,mean tonnes carbon per km2,,
QAT,GOATS,agri_potential_carbon,,,mean tonnes carbon per km2,,
ARE,GOATS,agri_potential_carbon,,,mean tonnes carbon per km2,,
TUR,GOATS,agri_potential_carbon,3083.2745805311642,59.73251994247113,mean tonnes carbon per km2,5722.0,76879.81195045769
ISR,GOATS,agri_potential_carbon,5621.3984539969,722.7228983724019,mean tonnes carbon per km2,10.0,58.96363550424576
BGD,GOATS,agri_potential_carbon,9475.718868142081,88.44640180254522,mean tonnes carbon per km2,1407.0,5012.7225068858825
MMR,GOATS,agri_potential_carbon,4001.1299059516036,204.0021373999451,mean tonnes carbon per km2,3610.0,54750.83614545595
IND,GOATS,agri_potential_carbon,6222.183253587051,40.872258422665695,mean tonnes carbon per km2,19350.0,60812.04714250952
BEN,GOATS,agri_potential_carbon,9314.159918867215,197.93221661678757,mean tonnes carbon per km2,568.0,5313.438235328533
NER,GOATS,agri_potential_carbon,,,mean tonnes carbon per km2,,
NGA,GOATS,agri_potential_carbon,8459.45328138005,51.93524882031686,mean tonnes carbon per km2,7589.0,185622.66586319916
111,GOATS,agri_potential_carbon,,,mean tonnes carbon per km2,,
112,GOATS,agri_potential_carbon,,,mean tonnes carbon per km2,,
113,GOATS,agri_potential_carbon,,,mean tonnes carbon per km2,,
114,GOATS,agri_potential_carbon,,,mean tonnes carbon per km2,,
115,GOATS,agri_potential_carbon,,,mean tonnes carbon per km2,,
116,GOATS,agri_potential_carbon,,,mean tonnes carbon per km2,,
117,GOATS,agri_potential_carbon,,,mean tonnes carbon per km2,,
118,GOATS,agri_potential_carbon,,,mean tonnes carbon per km2,,
119,GOATS,agri_potential_carbon,,,mean tonnes carbon per km2,,
120,GOATS,agri_potential_carbon,,,mean tonnes carbon per km2,,
121,GOATS,agri_potential_carbon,,,mean tonnes carbon per km2,,
122,GOATS,agri_potential_carbon,,,mean tonnes carbon per km2,,
123,GOATS,agri_potential_carbon,,,mean tonnes carbon per km2,,
124,GOATS,agri_potential_carbon,,,mean tonnes carbon per km2,,
125,GOATS,agri_potential_carbon,,,mean tonnes carbon per km2,,
126,GOATS,agri_potential_carbon,,,mean tonnes carbon per km2,,
127,GOATS,agri_potential_carbon,,,mean tonnes carbon per km2,,
128,GOATS,agri_potential_carbon,,,mean tonnes carbon per km2,,
129,GOATS,agri_potential_carbon,,,mean tonnes carbon per km2,,
ESH,GOATS,agri_potential_carbon,,,mean tonnes carbon per km2,,
AFG,SHEEP,agri_potential_carbon,2476.9103885096924,99.18983547567609,mean tonnes carbon per km2,1185.0,52175.101028740406
GBR,SHEEP,agri_potential_carbon,13277.94863454406,139.84298615333242,mean tonnes carbon per km2,3447.0,77824.89773526043
ALB,SHEEP,agri_potential_carbon,6933.911463948783,192.66782008995344,mean tonnes carbon per km2,363.0,4441.653403921868
DZA,SHEEP,agri_potential_carbon,4812.356480310873,207.91964640909038,mean tonnes carbon per km2,424.0,5378.637106534854
USA,SHEEP,agri_potential_carbon,8108.51001992522,72.29683915866515,mean tonnes carbon per km2,27820.0,352530.1901801568
ATA,SHEEP,agri_potential_carbon,,,mean tonnes carbon per km2,,
ATG,SHEEP,agri_potential_carbon,,,mean tonnes carbon per km2,,
ARG,SHEEP,agri_potential_carbon,4408.290099391164,77.28377172404298,mean tonnes carbon per km2,4569.0,62273.76645545475
AND,SHEEP,agri_potential_carbon,11380.98559413664,1125.6570562161612,mean tonnes carbon per km2,7.0,158.14181661605835
AGO,SHEEP,agri_potential_carbon,8037.649501136733,43.60363042360516,mean tonnes carbon per km2,4913.0,122082.27526625525
ARM,SHEEP,agri_potential_carbon,4690.634021197949,216.04498666693493,mean tonnes carbon per km2,256.0,6474.834259107709
NLD,SHEEP,agri_potential_carbon,10252.549535572787,164.63572514350543,mean tonnes carbon per km2,594.0,7258.081244722009
AUS,SHEEP,agri_potential_carbon,8636.844936923593,136.29900109885253,mean tonnes carbon per km2,1447.0,34181.39899020399
AUT,SHEEP,agri_potential_carbon,11848.224291743658,147.77018178199356,mean tonnes carbon per km2,1080.0,10498.154115325771
AZE,SHEEP,agri_potential_carbon,4064.01506107429,159.58821078735176,mean tonnes carbon per km2,512.0,10981.02526833117
BHS,SHEEP,agri_potential_carbon,,,mean tonnes carbon per km2,,
BRB,SHEEP,agri_potential_carbon,,,mean tonnes carbon per km2,,
BLR,SHEEP,agri_potential_carbon,14448.844883754784,107.8090287852957,mean tonnes carbon per km2,3409.0,30656.676846902817
BEL,SHEEP,agri_potential_carbon,13308.014387241325,142.3274312714642,mean tonnes carbon per km2,491.0,6632.937187068164
BLZ,SHEEP,agri_potential_carbon,12045.223249015044,617.9004261623304,mean tonnes carbon per km2,67.0,319.0236725509167
BTN,SHEEP,agri_potential_carbon,12206.04219190754,1535.4878971284425,mean tonnes carbon per km2,96.0,377.62997545301914
BOL,SHEEP,agri_potential_carbon,1888.2406252643173,211.288474238124,mean tonnes carbon per km2,1158.0,42393.722547091544
BIH,SHEEP,agri_potential_carbon,8798.80205735701,122.20163608728316,mean tonnes carbon per km2,720.0,8613.386009782553
BWA,SHEEP,agri_potential_carbon,,,mean tonnes carbon per km2,,
NOR,SHEEP,agri_potential_carbon,8159.496131183163,643.3413910201848,mean tonnes carbon per km2,717.0,1166.4274008168372
COL,SHEEP,agri_potential_carbon,7950.5518973319995,199.5758835208036,mean tonnes carbon per km2,3298.0,174032.97129447758
COM,SHEEP,agri_potential_carbon,,,mean tonnes carbon per km2,,
BRA,SHEEP,agri_potential_carbon,4572.5652080395175,53.14400130027357,mean tonnes carbon per km2,20779.0,634748.2907426849
FRA,SHEEP,agri_potential_carbon,11113.923144009885,61.72372237683994,mean tonnes carbon per km2,7981.0,92632.27578207711
COD,SHEEP,agri_potential_carbon,12782.287422227175,114.51048508174658,mean tonnes carbon per km2,8853.0,119410.08489152836
COG,SHEEP,agri_potential_carbon,11928.912837046157,392.7629916984197,mean tonnes carbon per km2,252.0,14758.478551670909
NZL,SHEEP,agri_potential_carbon,7712.077115682918,108.53739030162355,mean tonnes carbon per km2,668.0,28605.52741342783
BRN,SHEEP,agri_potential_carbon,16131.037219134856,1235.458948939218,mean tonnes carbon per km2,15.0,21.947362429462373
BGR,SHEEP,agri_potential_carbon,5823.332100119756,79.76315315113058,mean tonnes carbon per km2,1275.0,16497.07643671427
BFA,SHEEP,agri_potential_carbon,5098.691973331478,37.21764084095274,mean tonnes carbon per km2,1298.0,19240.22493723035
BDI,SHEEP,agri_potential_carbon,11194.511893843206,195.04287092790878,mean tonnes carbon per km2,282.0,4619.612517148256
CPV,SHEEP,agri_potential_carbon,,,mean tonnes carbon per km2,,
KHM,SHEEP,agri_potential_carbon,,,mean tonnes carbon per km2,,
CMR,SHEEP,agri_potential_carbon,8293.584904954818,165.67249062470898,mean tonnes carbon per km2,1135.0,8980.358958406665
CAN,SHEEP,agri_potential_carbon,11153.762208593482,159.32115754348615,mean tonnes carbon per km2,3127.0,19743.032423971046
CRI,SHEEP,agri_potential_carbon,10676.642105548475,161.52298759975312,mean tonnes carbon per km2,346.0,11931.43612921238
CIV,SHEEP,agri_potential_carbon,12925.773391751929,108.24144044986517,mean tonnes carbon per km2,2921.0,109962.95142053813
HRV,SHEEP,agri_potential_carbon,8429.305915130692,188.297549802554,mean tonnes carbon per km2,674.0,3045.5196602344513
CUB,SHEEP,agri_potential_carbon,12068.699544672629,198.33361636933995,mean tonnes carbon per km2,1003.0,23135.769335977733
CAF,SHEEP,agri_potential_carbon,7623.013120090238,340.0827783916077,mean tonnes carbon per km2,419.0,1628.8436813750304
TCD,SHEEP,agri_potential_carbon,4074.8559890535535,48.89684994059582,mean tonnes carbon per km2,1241.0,57460.32913351059
CHL,SHEEP,agri_potential_carbon,4517.629123040997,85.83804248232732,mean tonnes carbon per km2,1418.0,18104.606080207974
CHN,SHEEP,agri_potential_carbon,4361.117327359095,38.25593875188597,mean tonnes carbon per km2,45514.0,1139986.9021183148
CYP,SHEEP,agri_potential_carbon,,,mean tonnes carbon per km2,,
CZE,SHEEP,agri_potential_carbon,17106.076398443045,3680.1208317042297,mean tonnes carbon per km2,3.0,20.932307481765747
DNK,SHEEP,agri_potential_carbon,14632.557322823277,559.2693043716747,mean tonnes carbon per km2,687.0,1328.8069092784935
DJI,SHEEP,agri_potential_carbon,,,mean tonnes carbon per km2,,
DMA,SHEEP,agri_potential_carbon,,,mean tonnes carbon per km2,,
DOM,SHEEP,agri_potential_carbon,8940.496331423039,204.76302660464057,mean tonnes carbon per km2,396.0,10583.636577475816
ECU,SHEEP,agri_potential_carbon,6728.962527780734,344.40254428752405,mean tonnes carbon per km2,996.0,22115.289113702253
EGY,SHEEP,agri_potential_carbon,,,mean tonnes carbon per km2,,
SLV,SHEEP,agri_potential_carbon,10831.034302863653,522.7171853249339,mean tonnes carbon per km2,21.0,340.17557502910495
GNQ,SHEEP,agri_potential_carbon,18323.753996271702,2768.21216326459,mean tonnes carbon per km2,15.0,6.596889411099255
ERI,SHEEP,agri_potential_carbon,,,mean tonnes carbon per km2,,
EST,SHEEP,agri_potential_carbon,12970.777081327426,230.77626605760213,mean tonnes carbon per km2,473.0,2032.0200427100062
ETH,SHEEP,agri_potential_carbon,7333.165928067705,107.46269821866566,mean tonnes carbon per km2,4101.0,46168.92867688848
FJI,SHEEP,agri_potential_carbon,,,mean tonnes carbon per km2,,
FIN,SHEEP,agri_potential_carbon,17075.780224939244,375.0341432814617,mean tonnes carbon per km2,692.0,270.48044341709465
GAB,SHEEP,agri_potential_carbon,14039.400971128316,1411.140646086023,mean tonnes carbon per km2,59.0,1361.2941696941853
GMB,SHEEP,agri_potential_carbon,6611.767104494407,294.46093511919753,mean tonnes carbon per km2,117.0,1950.5608850717545
MAR,SHEEP,agri_potential_carbon,4615.9876931923445,123.30787923921812,mean tonnes carbon per km2,754.0,13726.396614136363
MOZ,SHEEP,agri_potential_carbon,7297.421287271214,56.082476199544416,mean tonnes carbon per km2,4873.0,180240.24145101756
NAM,SHEEP,agri_potential_carbon,,,mean tonnes carbon per km2,,
GEO,SHEEP,agri_potential_carbon,4881.986062284083,348.93207906688707,mean tonnes carbon per km2,641.0,11708.278729446232
DEU,SHEEP,agri_potential_carbon,13705.889823428139,64.96160138383995,mean tonnes carbon per km2,5888.0,45285.224862357136
GHA,SHEEP,agri_potential_carbon,9384.513985052236,143.29031415553115,mean tonnes carbon per km2,2099.0,49828.67270606011
GRC,SHEEP,agri_potential_carbon,6154.662872363275,93.59188238278092,mean tonnes carbon per km2,1007.0,19299.491541739553
GRL,SHEEP,agri_potential_carbon,,,mean tonnes carbon per km2,,
GRD,SHEEP,agri_potential_carbon,,,mean tonnes carbon per km2,,
NRU,SHEEP,agri_potential_carbon,,,mean tonnes carbon per km2,,
GTM,SHEEP,agri_potential_carbon,11853.551899095572,311.63121106213805,mean tonnes carbon per km2,794.0,14658.246035652235
NPL,SHEEP,agri_potential_carbon,7789.499509719647,305.7256801267513,mean tonnes carbon per km2,1330.0,11813.969867429696
GIN,SHEEP,agri_potential_carbon,9212.065412413469,86.15871901103978,mean tonnes carbon per km2,1863.0,73033.28978997469
GNB,SHEEP,agri_potential_carbon,9204.097472367466,465.4097097260831,mean tonnes carbon per km2,220.0,1302.2610838264227
GUY,SHEEP,agri_potential_carbon,5015.898229280739,1164.1317901421817,mean tonnes carbon per km2,61.0,393.6408404670656
HTI,SHEEP,agri_potential_carbon,9774.04321144132,277.4577471092989,mean tonnes carbon per km2,255.0,4316.610837161541
JOR,SHEEP,agri_potential_carbon,,,mean tonnes carbon per km2,,
HND,SHEEP,agri_potential_carbon,10326.942350455989,131.8359087791574,mean tonnes carbon per km2,785.0,12354.229787573218
HUN,SHEEP,agri_potential_carbon,7454.208559741363,105.19600505848432,mean tonnes carbon per km2,1500.0,7430.312847182155
ISL,SHEEP,agri_potential_carbon,5325.931273429313,557.8436289660466,mean tonnes carbon per km2,46.0,696.5833814144135
IDN,SHEEP,agri_potential_carbon,13077.118592944129,236.32432802574033,mean tonnes carbon per km2,4806.0,49979.715223853476
IRN,SHEEP,agri_potential_carbon,891.3837873727178,38.04381221043542,mean tonnes carbon per km2,748.0,20011.164680063725
IRQ,SHEEP,agri_potential_carbon,2264.261025362557,163.52835448792425,mean tonnes carbon per km2,85.0,1550.7454326450825
IRL,SHEEP,agri_potential_carbon,9986.430719182885,427.6678871251887,mean tonnes carbon per km2,597.0,19313.490603113547
KAZ,SHEEP,agri_potential_carbon,2853.7502639415634,98.39299309389172,mean tonnes carbon per km2,2239.0,44294.10944172554
KEN,SHEEP,agri_potential_carbon,6011.475145986953,131.02567941045865,mean tonnes carbon per km2,2180.0,56737.12519413233
KIR,SHEEP,agri_potential_carbon,,,mean tonnes carbon per km2,,
PRK,SHEEP,agri_potential_carbon,7950.593951216873,273.68654180972624,mean tonnes carbon per km2,1349.0,636.457561615102
KOR,SHEEP,agri_potential_carbon,8176.807796207053,171.08450862910254,mean tonnes carbon per km2,1082.0,394.6019697841257
XKX,SHEEP,agri_potential_carbon,,,mean tonnes carbon per km2,,
SRB,SHEEP,agri_potential_carbon,6232.258959753709,139.73258735190612,mean tonnes carbon per km2,932.0,5475.263067077789
SYC,SHEEP,agri_potential_carbon,,,mean tonnes carbon per km2,,
SLE,SHEEP,agri_potential_carbon,14364.521205300452,209.00331089933096,mean tonnes carbon per km2,355.0,9659.334099292755
SGP,SHEEP,agri_potential_carbon,,,mean tonnes carbon per km2,,
ITA,SHEEP,agri_potential_carbon,6975.484104391421,142.71254857128955,mean tonnes carbon per km2,3557.0,34332.066565419926
JAM,SHEEP,agri_potential_carbon,10560.695779773094,554.2271749272677,mean tonnes carbon per km2,63.0,1727.7298495145806
JPN,SHEEP,agri_potential_carbon,8775.026774126643,128.17279126719032,mean tonnes carbon per km2,2539.0,1495.6627293750648
KGZ,SHEEP,agri_potential_carbon,2397.265737400696,69.37914111659789,mean tonnes carbon per km2,580.0,17624.68686553836
LAO,SHEEP,agri_potential_carbon,,,mean tonnes carbon per km2,,
LVA,SHEEP,agri_potential_carbon,11904.928845567323,210.40944949053105,mean tonnes carbon per km2,967.0,5581.233316477388
LBN,SHEEP,agri_potential_carbon,4967.51933669467,279.2443658020504,mean tonnes carbon per km2,114.0,3229.0230584144592
LSO,SHEEP,agri_potential_carbon,6066.973422100569,126.60484474997422,mean tonnes carbon per km2,361.0,3653.8087286949158
LBR,SHEEP,agri_potential_carbon,16757.001690541696,776.3477426552911,mean tonnes carbon per km2,100.0,1451.4414271712303
LBY,SHEEP,agri_potential_carbon,,,mean tonnes carbon per km2,,
LIE,SHEEP,agri_potential_carbon,10105.356004928115,997.2786145466932,mean tonnes carbon per km2,3.0,38.135398387908936
LTU,SHEEP,agri_potential_carbon,11786.33812360182,161.34845068681943,mean tonnes carbon per km2,1144.0,6048.267233736813
LUX,SHEEP,agri_potential_carbon,14546.210275840675,323.9607181369839,mean tonnes carbon per km2,44.0,826.4760904312134
MCO,SHEEP,agri_potential_carbon,,,mean tonnes carbon per km2,,
MNG,SHEEP,agri_potential_carbon,1395.092660434849,146.42147447218017,mean tonnes carbon per km2,246.0,10842.78102967143
MNE,SHEEP,agri_potential_carbon,,,mean tonnes carbon per km2,,
MKD,SHEEP,agri_potential_carbon,5755.800820759748,211.62743926166553,mean tonnes carbon per km2,256.0,4670.070855204016
MDG,SHEEP,agri_potential_carbon,5942.960129972504,134.5016984597465,mean tonnes carbon per km2,3569.0,199635.7022457868
MWI,SHEEP,agri_potential_carbon,6726.625065422197,84.38406068376125,mean tonnes carbon per km2,946.0,16669.172435609624
MYS,SHEEP,agri_potential_carbon,13644.212127542718,152.2405710210945,mean tonnes carbon per km2,1523.0,1892.5113973198459
MDV,SHEEP,agri_potential_carbon,,,mean tonnes carbon per km2,,
MLI,SHEEP,agri_potential_carbon,4650.305606921517,43.35030134656388,mean tonnes carbon per km2,1972.0,90308.85214328766
MLT,SHEEP,agri_potential_carbon,,,mean tonnes carbon per km2,,
MHL,SHEEP,agri_potential_carbon,,,mean tonnes carbon per km2,,
MRT,SHEEP,agri_potential_carbon,,,mean tonnes carbon per km2,,
MUS,SHEEP,agri_potential_carbon,,,mean tonnes carbon per km2,,
MEX,SHEEP,agri_potential_carbon,7399.44350387243,154.65456539494042,mean tonnes carbon per km2,6278.0,109552.66512975619
FSM,SHEEP,agri_potential_carbon,,,mean tonnes carbon per km2,,
MDA,SHEEP,agri_potential_carbon,5367.479313975481,124.32750413094449,mean tonnes carbon per km2,564.0,3466.125573258847
NIC,SHEEP,agri_potential_carbon,10454.928314874609,108.63302095449752,mean tonnes carbon per km2,852.0,25034.361821703613
OMN,SHEEP,agri_potential_carbon,,,mean tonnes carbon per km2,,
PAK,SHEEP,agri_potential_carbon,1600.1178846765133,469.7261436408465,mean tonnes carbon per km2,276.0,2772.335072132759
PLW,SHEEP,agri_potential_carbon,,,mean tonnes carbon per km2,,
PAN,SHEEP,agri_potential_carbon,,,mean tonnes carbon per km2,,
PNG,SHEEP,agri_potential_carbon,10899.842143487254,455.43429597853844,mean tonnes carbon per km2,499.0,518.0923218711978
PRY,SHEEP,agri_potential_carbon,7973.233770858867,63.1797382530755,mean tonnes carbon per km2,1485.0,37281.18933472037
PER,SHEEP,agri_potential_carbon,3517.625813368017,152.1203644683702,mean tonnes carbon per km2,2376.0,57862.567285971425
PHL,SHEEP,agri_potential_carbon,14548.73135921932,143.28395353149327,mean tonnes carbon per km2,2039.0,10532.39738907211
POL,SHEEP,agri_potential_carbon,14569.001760069907,78.9352578894541,mean tonnes carbon per km2,5552.0,31872.448542225116
PRT,SHEEP,agri_potential_carbon,8550.883876245452,74.49326389069496,mean tonnes carbon per km2,1182.0,15931.604042232037
ROU,SHEEP,agri_potential_carbon,6949.2910088749995,74.58973624068824,mean tonnes carbon per km2,3347.0,40223.865978360176
RUS,SHEEP,agri_potential_carbon,5876.333429316668,78.8145468808943,mean tonnes carbon per km2,31516.0,264662.4804535198
RWA,SHEEP,agri_potential_carbon,11539.746125139933,269.4851777270182,mean tonnes carbon per km2,271.0,4145.9995103776455
WSM,SHEEP,agri_potential_carbon,,,mean tonnes carbon per km2,,
SMR,SHEEP,agri_potential_carbon,6774.803191878977,0.0,mean tonnes carbon per km2,1.0,26.29429817199707
TON,SHEEP,agri_potential_carbon,,,mean tonnes carbon per km2,,
TTO,SHEEP,agri_potential_carbon,,,mean tonnes carbon per km2,,
TUN,SHEEP,agri_potential_carbon,2567.5941784125525,261.668492025562,mean tonnes carbon per km2,226.0,2210.526196755469
TKM,SHEEP,agri_potential_carbon,,,mean tonnes carbon per km2,,
STP,SHEEP,agri_potential_carbon,67.60484745809126,0.0,mean tonnes carbon per km2,1.0,1.1630122661590576
SAU,SHEEP,agri_potential_carbon,,,mean tonnes carbon per km2,,
SEN,SHEEP,agri_potential_carbon,5969.230202556293,187.215390265483,mean tonnes carbon per km2,589.0,12188.527491658926
SVK,SHEEP,agri_potential_carbon,11367.97899834033,186.54715995646563,mean tonnes carbon per km2,696.0,5148.435832174495
SVN,SHEEP,agri_potential_carbon,9413.33398285264,235.93036331617665,mean tonnes carbon per km2,298.0,3706.1097471043468
SLB,SHEEP,agri_potential_carbon,,,mean tonnes carbon per km2,,
SOM,SHEEP,agri_potential_carbon,3949.383299542383,0.0,mean tonnes carbon per km2,1.0,49.153350830078125
ZAF,SHEEP,agri_potential_carbon,7104.787658540781,54.290430714528966,mean tonnes carbon per km2,3468.0,132686.65184549242
SSD,SHEEP,agri_potential_carbon,11459.095127215607,0.0,mean tonnes carbon per km2,1.0,28.56734848022461
ESP,SHEEP,agri_potential_carbon,7732.99220152577,74.20749254061417,mean tonnes carbon per km2,3289.0,45245.688882917166
LKA,SHEEP,agri_potential_carbon,8942.76930881793,233.18906446627514,mean tonnes carbon per km2,585.0,3772.3398620829685
KNA,SHEEP,agri_potential_carbon,,,mean tonnes carbon per km2,,
LCA,SHEEP,agri_potential_carbon,,,mean tonnes carbon per km2,,
VCT,SHEEP,agri_potential_carbon,,,mean tonnes carbon per km2,,
SDN,SHEEP,agri_potential_carbon,,,mean tonnes carbon per km2,,
SUR,SHEEP,agri_potential_carbon,7075.712320358194,1814.630999014765,mean tonnes carbon per km2,16.0,8.385312247892443
SWZ,SHEEP,agri_potential_carbon,,,mean tonnes carbon per km2,,
SWE,SHEEP,agri_potential_carbon,15504.18159170423,259.9363509777488,mean tonnes carbon per km2,1507.0,3158.0017798740882
CHE,SHEEP,agri_potential_carbon,12686.625684351702,183.49120893069767,mean tonnes carbon per km2,525.0,8405.701817467809
SYR,SHEEP,agri_potential_carbon,2436.289201476372,194.96226495763457,mean tonnes carbon per km2,149.0,954.5894110426307
TWN,SHEEP,agri_potential_carbon,11883.735999833287,234.49811788870716,mean tonnes carbon per km2,130.0,2992.042234301567
TJK,SHEEP,agri_potential_carbon,2863.4829243254862,150.34890834898027,mean tonnes carbon per km2,376.0,6502.586661458015
TZA,SHEEP,agri_potential_carbon,5787.845723206843,83.63180805901442,mean tonnes carbon per km2,5594.0,148378.29525318838
THA,SHEEP,agri_potential_carbon,10696.496086610026,142.25731666054554,mean tonnes carbon per km2,3171.0,6194.185964984354
TLS,SHEEP,agri_potential_carbon,13371.572272351956,674.4967097436953,mean tonnes carbon per km2,109.0,993.0170109272003
TGO,SHEEP,agri_potential_carbon,8177.981592424638,136.6990704999488,mean tonnes carbon per km2,591.0,8833.207077413797
TUV,SHEEP,agri_potential_carbon,,,mean tonnes carbon per km2,,
UGA,SHEEP,agri_potential_carbon,8486.442958104915,145.3451540722531,mean tonnes carbon per km2,1978.0,46481.0309576469
URY,SHEEP,agri_potential_carbon,3022.600058618709,140.1284721812591,mean tonnes carbon per km2,187.0,6632.707336425781
UZB,SHEEP,agri_potential_carbon,1935.9685351136734,194.64163103466504,mean tonnes carbon per km2,114.0,4622.476418972015
VUT,SHEEP,agri_potential_carbon,,,mean tonnes carbon per km2,,
VAT,SHEEP,agri_potential_carbon,,,mean tonnes carbon per km2,,
VEN,SHEEP,agri_potential_carbon,8533.822565479344,202.98149391006402,mean tonnes carbon per km2,1916.0,68180.04047644837
VNM,SHEEP,agri_potential_carbon,,,mean tonnes carbon per km2,,
ZMB,SHEEP,agri_potential_carbon,6679.997365404689,50.32250358681595,mean tonnes carbon per km2,3501.0,121411.79988652281
ZWE,SHEEP,agri_potential_carbon,6632.638304275753,57.00592459698879,mean tonnes carbon per km2,1514.0,53292.17981606722
YEM,SHEEP,agri_potential_carbon,,,mean tonnes carbon per km2,,
UKR,SHEEP,agri_potential_carbon,6095.926216672501,162.03672067739896,mean tonnes carbon per km2,9161.0,66284.60448632948
BHR,SHEEP,agri_potential_carbon,,,mean tonnes carbon per km2,,
KWT,SHEEP,agri_potential_carbon,,,mean tonnes carbon per km2,,
QAT,SHEEP,agri_potential_carbon,,,mean tonnes carbon per km2,,
ARE,SHEEP,agri_potential_carbon,,,mean tonnes carbon per km2,,
TUR,SHEEP,agri_potential_carbon,3131.318855999417,49.73922950214547,mean tonnes carbon per km2,5730.0,76882.61425580963
ISR,SHEEP,agri_potential_carbon,5302.469687135942,585.5714565374014,mean tonnes carbon per km2,10.0,58.96363550424576
BGD,SHEEP,agri_potential_carbon,10336.99104289344,116.78970137201573,mean tonnes carbon per km2,1407.0,5012.7225068858825
MMR,SHEEP,agri_potential_carbon,2641.010443994962,185.30629980205075,mean tonnes carbon per km2,1292.0,22042.487281411886
IND,SHEEP,agri_potential_carbon,6179.904253128425,57.68405014017297,mean tonnes carbon per km2,19343.0,60780.61627243846
BEN,SHEEP,agri_potential_carbon,9192.08398163721,194.04330969912735,mean tonnes carbon per km2,568.0,5313.438235328533
NER,SHEEP,agri_potential_carbon,,,mean tonnes carbon per km2,,
NGA,SHEEP,agri_potential_carbon,6561.490774030741,57.2584110422178,mean tonnes carbon per km2,7589.0,185622.66586319916
111,SHEEP,agri_potential_carbon,,,mean tonnes carbon per km2,,
112,SHEEP,agri_potential_carbon,,,mean tonnes carbon per km2,,
113,SHEEP,agri_potential_carbon,,,mean tonnes carbon per km2,,
114,SHEEP,agri_potential_carbon,,,mean tonnes carbon per km2,,
115,SHEEP,agri_potential_carbon,,,mean tonnes carbon per km2,,
116,SHEEP,agri_potential_carbon,,,mean tonnes carbon per km2,,
117,SHEEP,agri_potential_carbon,,,mean tonnes carbon per km2,,
118,SHEEP,agri_potential_carbon,,,mean tonnes carbon per km2,,
119,SHEEP,agri_potential_carbon,,,mean tonnes carbon per km2,,
120,SHEEP,agri_potential_carbon,,,mean tonnes carbon per km2,,
121,SHEEP,agri_potential_carbon,,,mean tonnes carbon per km2,,
122,SHEEP,agri_potential_carbon,,,mean tonnes carbon per km2,,
123,SHEEP,agri_potential_carbon,,,mean tonnes carbon per km2,,
124,SHEEP,agri_potential_carbon,,,mean tonnes carbon per km2,,
125,SHEEP,agri_potential_carbon,,,mean tonnes carbon per km2,,
126,SHEEP,agri_potential_carbon,,,mean tonnes carbon per km2,,
127,SHEEP,agri_potential_carbon,,,mean tonnes carbon per km2,,
128,SHEEP,agri_potential_carbon,,,mean tonnes carbon per km2,,
129,SHEEP,agri_potential_carbon,,,mean tonnes carbon per km2,,
ESH,SHEEP,agri_potential_carbon,,,mean tonnes carbon per km2,,
